source;case_index;repeat_index;polygons;decomposed_pieces;total_combinations;calls;incumbent_solves;bound_solves;leaf_solves;visited_nodes;pruned_nodes;best_updates;mean_selected;total_vertices_min;total_vertices_max;initial_length;incumbent_length;final_length;initial_gap_percent;incumbent_gap_percent;prune_rate_percent;calls_per_visited_node;bound_calls_per_leaf;decomposition_seconds;decomposition_percent;approximation_seconds;approximation_percent;bnb_seconds;bnb_percent;solver_seconds;solver_percent;incumbent_solver_seconds;bound_solver_seconds;leaf_solver_seconds;seconds_per_call;exhausted;branch_limited;max_observed_branching;failed_prune_count;failed_prune_ratio_mean;failed_prune_gap_mean;failed_prune_depth_mean;checksum
nonconvex_bnb_cgal;0;0;59;241;2219028205628504569606930559926272;1000000;1;983274;16725;236086;747179;1;50.255;269;403;6989.831675680092;6989.831675680092;6989.825806627652;0.000084;0.000084;75.989586;4.235745;58.790673;0.008167;0.07%;0.000702;0.01%;12.337898;99.93%;8.883197;71.95%;0.000016;8.740146;0.143035;0.000008883197;false;false;10;236095;0.999999;0.005803;50.254;6997429349.342519760132
nonconvex_bnb_cgal;1;0;5;11;36;13;1;11;1;6;6;1;2.500;21;27;130.259637914956;130.259637914956;130.259618309868;0.000015;0.000015;50.000000;2.166667;11.000000;0.000925;93.95%;0.000020;2.01%;0.000040;4.04%;0.000022;2.28%;0.000003;0.000018;0.000002;0.000001727692;true;false;3;5;1.000000;0.000020;3.000;1791.866699979246
nonconvex_bnb_cgal;2;0;5;10;18;12;1;10;1;6;5;1;2.500;22;27;135.158025769528;135.147390715995;135.147390715995;0.007869;0.000000;45.454545;2.000000;10.000000;0.001201;91.69%;0.000038;2.89%;0.000071;5.42%;0.000046;3.49%;0.000008;0.000035;0.000002;0.000003809000;true;false;3;5;1.000000;0.000000;3.000;1651.038929066628
nonconvex_bnb_cgal;3;0;15;18;6;20;1;18;1;16;3;1;7.500;60;62;495.861673414157;495.850133372640;495.850133372640;0.002327;0.000000;15.789474;1.250000;18.000000;0.001841;94.24%;0.000029;1.49%;0.000083;4.26%;0.000059;3.00%;0.000006;0.000050;0.000002;0.000002933250;true;false;3;15;0.999960;0.019591;8.000;9928.079169978022
nonconvex_bnb_cgal;4;0;19;78;261273600000;169;1;164;4;44;121;1;11.455;84;122;256.910468536706;256.910096778456;256.910096778456;0.000145;0.000000;73.333333;3.840909;41.000000;0.002990;70.77%;0.000208;4.93%;0.001026;24.29%;0.000681;16.11%;0.000007;0.000660;0.000013;0.000004027101;true;false;7;43;0.999973;0.006984;11.721;43795.484501559251
nonconvex_bnb_cgal;5;0;56;227;1310367184918570400672624953786368;11315;1;10930;384;3007;7924;1;46.003;251;369;1445.379602173350;1445.379004034506;1445.379004034506;0.000041;0.000000;72.491080;3.762887;28.463542;0.014078;7.22%;0.000558;0.29%;0.180244;92.49%;0.134142;68.83%;0.000020;0.130215;0.003907;0.000011855214;true;false;7;3006;0.999999;0.000795;46.019;16371341.591878300533
nonconvex_bnb_cgal;6;0;38;157;52836150804480000000000;1748;1;1683;64;487;1197;1;28.704;158;239;803.524727550934;803.524527493664;803.524527493664;0.000025;0.000000;71.080760;3.589322;26.296875;0.004887;12.08%;0.003660;9.05%;0.031893;78.87%;0.020632;51.02%;0.000033;0.019507;0.001092;0.000011803054;true;false;6;486;1.000000;0.000000;28.763;1408235.045697052963
nonconvex_bnb_cgal;7;0;39;151;16048980806860800000000;3480;1;3455;24;894;2562;1;23.746;187;247;711.906786437580;711.906757330100;711.906757330100;0.000004;0.000000;74.131944;3.892617;143.958333;0.006825;16.25%;0.000375;0.89%;0.034802;82.86%;0.024425;58.15%;0.000014;0.024228;0.000183;0.000007018709;true;false;6;893;0.999926;0.052601;23.773;2484959.253188999370
nonconvex_bnb_cgal;8;0;20;79;398131200000;395;1;390;4;102;289;1;10.059;88;122;231.259999020325;231.259904893237;231.259904893237;0.000041;0.000000;73.913043;3.872549;97.500000;0.002682;54.78%;0.000204;4.17%;0.002010;41.05%;0.001300;26.55%;0.000009;0.001278;0.000013;0.000003291246;true;false;6;101;0.999957;0.009907;10.158;92404.492162872513
nonconvex_bnb_cgal;9;0;30;65;322486272;88;1;85;2;42;44;1;17.619;127;161;1589.158218327859;1589.140265011367;1589.140265011367;0.001130;0.000000;51.162791;2.095238;42.500000;0.001712;47.06%;0.000145;3.99%;0.001781;48.95%;0.001272;34.95%;0.000050;0.001189;0.000032;0.000014450318;true;false;4;41;1.000000;0.000000;18.049;140122.939303430961
nonconvex_bnb_cgal;10;0;30;70;1719926784;764;1;747;16;347;401;1;19.193;126;167;1463.152071255769;1463.150526557038;1463.150526557038;0.000106;0.000000;53.609626;2.201729;46.687500;0.004578;28.41%;0.000258;1.60%;0.011277;69.99%;0.008511;52.82%;0.000015;0.008353;0.000143;0.000011139788;true;false;4;346;1.000000;0.000000;19.249;1120951.507313990965
nonconvex_bnb_cgal;11;0;15;16;2;18;1;16;1;16;1;1;7.500;60;61;527.985180291839;527.961275305951;527.961275305951;0.004528;0.000000;5.882353;1.125000;16.000000;0.000226;65.82%;0.000027;7.89%;0.000090;26.29%;0.000061;17.72%;0.000008;0.000049;0.000003;0.000003384333;true;false;2;15;1.000000;0.000000;8.000;9531.327653429231
nonconvex_bnb_cgal;12;0;20;35;6912;534;1;485;48;354;132;1;13.280;83;92;2303.692482214592;2303.666900561695;2303.666900561695;0.001110;0.000000;27.160494;1.508475;10.104167;0.000667;20.71%;0.000059;1.84%;0.002493;77.45%;0.001649;51.22%;0.000007;0.001485;0.000157;0.000003087987;true;false;4;353;1.000000;0.000000;13.317;1234180.132118089125
nonconvex_bnb_cgal;13;0;60;60;1;62;1;60;1;61;0;1;30.000;341;341;1005831.168937787064;1005823.947687879438;1005823.947687879438;0.000718;0.000000;0.000000;1.016393;60.000000;0.003330;73.19%;0.000170;3.73%;0.001050;23.09%;0.000861;18.91%;0.000024;0.000829;0.000008;0.000013880952;true;false;1;60;1.000000;0.000000;30.500;62361084.756648518145
nonconvex_bnb_cgal;14;0;15;15;1;17;1;15;1;16;0;1;7.500;79;79;8056728.117242277600;8056539.884097913280;8056539.884097913280;0.002336;0.000000;0.000000;1.062500;15.000000;0.001041;81.67%;0.000043;3.40%;0.000190;14.93%;0.000145;11.37%;0.000009;0.000133;0.000003;0.000008524529;true;false;1;15;1.000000;0.000000;8.000;136961178.029664546251
nonconvex_bnb_cgal;15;0;25;25;1;27;1;25;1;26;0;1;12.500;134;134;206767.316438268055;206765.546995456651;206765.546995456651;0.000856;0.000000;0.000000;1.038462;25.000000;0.000719;60.74%;0.000135;11.38%;0.000330;27.88%;0.000200;16.86%;0.000020;0.000173;0.000006;0.000007393444;true;false;1;25;1.000000;0.000000;13.000;5582669.768877328373
nonconvex_bnb_cgal;16;0;10;32;48384;58;1;55;2;19;37;1;5.579;49;64;356.200458718493;356.200458718493;356.199343549693;0.000313;0.000313;66.071429;3.052632;27.500000;0.001334;81.32%;0.000083;5.03%;0.000224;13.65%;0.000155;9.45%;0.000005;0.000145;0.000005;0.000002671655;true;false;7;18;0.999998;0.000743;5.889;20992.253404544717
nonconvex_bnb_cgal;17;0;5;36;13440;49;1;46;2;8;39;1;2.875;20;50;355.750458430990;355.749854801130;355.749854801130;0.000170;0.000000;82.978723;6.125000;23.000000;0.006446;95.98%;0.000178;2.65%;0.000092;1.36%;0.000066;0.98%;0.000002;0.000062;0.000002;0.000001340163;true;false;10;7;0.992136;2.797481;3.286;18818.042944633387
nonconvex_bnb_cgal;18;0;15;20;16;35;1;32;2;28;5;1;8.357;60;65;804.198031999567;804.166073099541;804.166073099541;0.003974;0.000000;15.151515;1.250000;16.000000;0.000658;66.44%;0.000058;5.87%;0.000274;27.70%;0.000199;20.05%;0.000009;0.000179;0.000011;0.000005672600;true;false;4;27;1.000000;0.000000;8.667;28208.673118323080
nonconvex_bnb_cgal;19;0;30;96;3405455032320;252;1;247;4;80;168;1;18.425;151;192;1930.246959277012;1930.246959277012;1930.194724087168;0.002706;0.002706;67.741935;3.150000;61.750000;0.006599;65.27%;0.000276;2.73%;0.003234;31.99%;0.001199;11.86%;0.000009;0.001172;0.000018;0.000004758798;true;false;11;79;0.999989;0.021970;18.658;489009.854057737917
nonconvex_bnb_cgal;20;0;20;20;1;22;1;20;1;21;0;1;10.000;103;103;44734.129161113968;44734.019430428452;44734.019430428452;0.000245;0.000000;0.000000;1.047619;20.000000;0.000291;62.05%;0.000049;10.47%;0.000129;27.48%;0.000086;18.21%;0.000007;0.000076;0.000003;0.000003886364;true;false;1;20;1.000000;0.000000;10.500;984148.427469426533
nonconvex_bnb_cgal;21;0;10;39;552960;72;1;63;8;24;40;1;7.208;43;64;111.097811884666;111.097336524409;111.097336524409;0.000428;0.000000;62.500000;3.000000;7.875000;0.000675;59.01%;0.000085;7.42%;0.000384;33.57%;0.000299;26.14%;0.000004;0.000273;0.000022;0.000004153292;true;false;6;23;0.999991;0.000985;7.522;8133.617704086721
nonconvex_bnb_cgal;22;0;30;126;1956894474240000000;461;1;452;8;116;337;1;17.509;138;207;441.278208937459;441.274872106551;441.274872106551;0.000756;0.000000;74.392936;3.974138;56.500000;0.002845;47.38%;0.000340;5.67%;0.002819;46.95%;0.001957;32.60%;0.000010;0.001915;0.000032;0.000004245297;true;false;6;115;0.999919;0.035573;17.661;204232.606839607790
nonconvex_bnb_cgal;23;0;47;180;363990884699602944000000000;5002;1;4905;96;1383;3523;1;33.330;219;297;1062.750651657775;1062.750580982455;1062.750580982455;0.000007;0.000000;71.810029;3.616775;51.093750;0.004361;6.49%;0.000454;0.68%;0.062389;92.84%;0.043940;65.38%;0.000018;0.043165;0.000757;0.000008784469;true;false;7;1382;0.999994;0.006755;33.355;5329158.882958803326
nonconvex_bnb_cgal;24;0;30;63;14929920;146;1;141;4;75;67;1;18.507;124;149;1821.861796709285;1821.847626613406;1821.847626613406;0.000778;0.000000;47.183099;1.946667;35.250000;0.002066;59.89%;0.000137;3.98%;0.001246;36.13%;0.000794;23.02%;0.000009;0.000772;0.000014;0.000005439527;true;false;6;74;0.999959;0.074391;18.757;267226.389851439337
nonconvex_bnb_cgal;25;0;5;18;576;44;1;39;4;15;25;1;3.400;24;36;41.692800243302;41.692772163413;41.692772163413;0.000067;0.000000;62.500000;2.933333;9.750000;0.000410;73.68%;0.000049;8.77%;0.000098;17.55%;0.000066;11.90%;0.000003;0.000058;0.000005;0.000001504682;true;false;4;14;1.000000;0.000000;3.643;1884.179066481960
nonconvex_bnb_cgal;26;0;30;30;1;32;1;30;1;31;0;1;15.000;162;162;424420.796845086792;424416.641372770711;424416.641372770711;0.000979;0.000000;0.000000;1.032258;30.000000;0.001071;63.48%;0.000150;8.92%;0.000466;27.61%;0.000342;20.24%;0.000020;0.000317;0.000005;0.000010672063;true;false;1;30;1.000000;0.000000;15.500;13581332.523928657174
nonconvex_bnb_cgal;27;0;20;36;13824;145;1;136;8;85;52;1;14.071;86;104;962.307490307877;962.306639092320;962.306639092320;0.000088;0.000000;37.956204;1.705882;17.000000;0.000609;50.80%;0.000063;5.27%;0.000527;43.93%;0.000369;30.74%;0.000006;0.000343;0.000020;0.000002541993;true;false;4;84;1.000000;0.000000;14.238;140028.055703392427
nonconvex_bnb_cgal;28;0;60;60;1;62;1;60;1;61;0;1;30.000;337;337;25709797.549581047148;25709727.382511049509;25709727.382511049509;0.000273;0.000000;0.000000;1.016393;60.000000;0.001056;53.41%;0.000160;8.07%;0.000761;38.51%;0.000542;27.43%;0.000023;0.000511;0.000008;0.000008744032;true;false;1;60;1.000000;0.000000;30.500;1594003097.715686082840
nonconvex_bnb_cgal;29;0;4;4;1;6;1;4;1;5;0;1;2.000;16;16;66.125001678622;66.110303516404;66.110303516404;0.022233;0.000000;0.000000;1.200000;4.000000;0.000105;85.70%;0.000007;5.39%;0.000011;8.90%;0.000007;6.11%;0.000003;0.000004;0.000001;0.000001243167;true;false;1;4;1.000000;0.000000;2.500;396.661821098427
nonconvex_bnb_cgal;30;0;5;18;576;35;1;32;2;11;22;0;2.727;21;38;39.405025702747;39.405025702747;39.405025702747;0.000000;0.000000;66.666667;3.181818;16.000000;0.000512;83.34%;0.000048;7.76%;0.000055;8.90%;0.000035;5.67%;0.000001;0.000032;0.000002;0.000000994057;true;false;4;10;1.000000;0.000000;3.000;1453.473225104374
nonconvex_bnb_cgal;31;0;15;97;388339660800;116;1;113;2;19;95;1;8.526;81;145;1201.124286515261;1201.124286515261;1201.124242392983;0.000004;0.000004;83.333333;6.105263;56.500000;0.029116;96.99%;0.000522;1.74%;0.000382;1.27%;0.000270;0.90%;0.000005;0.000261;0.000004;0.000002329431;true;false;13;18;1.000000;0.000039;9.000;140666.903054073657
nonconvex_bnb_cgal;32;0;20;83;3583180800;342;1;335;6;79;257;1;11.962;92;135;1720.543476200793;1720.542657150722;1720.542657150722;0.000048;0.000000;76.488095;4.329114;55.833333;0.006900;78.58%;0.000227;2.58%;0.001654;18.84%;0.001132;12.89%;0.000007;0.001109;0.000016;0.000003309675;true;false;18;78;1.000000;0.000000;12.115;595337.146775297238
nonconvex_bnb_cgal;33;0;5;11;48;13;1;11;1;6;6;0;2.500;23;30;91.914430577137;91.914430577137;91.914430577137;0.000000;0.000000;50.000000;2.166667;11.000000;0.000195;79.54%;0.000024;9.61%;0.000027;10.85%;0.000017;7.11%;0.000002;0.000015;0.000001;0.000001339846;true;false;3;5;0.999990;0.000927;3.000;1232.558086248997
nonconvex_bnb_cgal;34;0;5;9;12;15;1;12;2;9;4;1;3.000;22;26;87.117749671476;87.110829943232;87.110829943232;0.007944;0.000000;30.769231;1.666667;6.000000;0.000116;70.82%;0.000020;12.07%;0.000028;17.11%;0.000017;10.62%;0.000002;0.000013;0.000002;0.000001158333;true;false;3;8;1.000000;0.000000;3.375;1357.165373096396
nonconvex_bnb_cgal;35;0;10;43;61440;69;1;66;2;18;49;1;5.778;41;58;730.773815149487;730.773815149487;730.764578268466;0.001264;0.001264;73.134328;3.833333;33.000000;0.001533;83.56%;0.000114;6.23%;0.000187;10.21%;0.000123;6.70%;0.000003;0.000118;0.000002;0.000001780768;true;false;8;17;0.999992;0.005977;6.118;51611.196796309465
nonconvex_bnb_cgal;36;0;50;191;28265545672316744580779212800;60553;1;59784;768;17255;42530;1;40.993;226;317;1085.258187381637;1085.255382811654;1085.255382811654;0.000258;0.000000;71.138245;3.509302;77.843750;0.006946;0.85%;0.001141;0.14%;0.809867;99.01%;0.600017;73.36%;0.000019;0.585819;0.014178;0.000009908950;true;false;6;17254;0.999994;0.006858;40.995;65854262.225804358721
nonconvex_bnb_cgal;37;0;29;110;23509249228800000;1045;1;996;48;328;669;1;23.034;127;187;513.887667905226;513.887381452940;513.887381452940;0.000056;0.000000;67.101304;3.185976;20.750000;0.003813;20.50%;0.000341;1.83%;0.014448;77.67%;0.010912;58.66%;0.000010;0.010596;0.000306;0.000010441694;true;false;6;327;0.999951;0.025437;23.104;538827.968998435070
nonconvex_bnb_cgal;38;0;20;47;120960;117;1;113;3;57;57;1;10.947;85;107;921.863218057748;921.816180711546;921.816180711546;0.005103;0.000000;50.000000;2.052632;37.666667;0.002570;83.73%;0.000088;2.86%;0.000411;13.41%;0.000285;9.30%;0.000008;0.000271;0.000006;0.000002439085;true;false;7;56;0.999998;0.001852;11.143;108504.347864861382
nonconvex_bnb_cgal;39;0;60;105;2866544640;475;1;458;16;297;162;1;38.640;254;288;16516.155382737386;16516.153715758672;16516.153715758672;0.000010;0.000000;35.294118;1.599327;28.625000;0.003562;36.22%;0.000431;4.39%;0.005840;59.39%;0.003992;40.60%;0.000033;0.003856;0.000102;0.000008404038;true;false;10;296;1.000000;0.000000;38.770;7851416.077684559859
nonconvex_bnb_cgal;40;0;5;10;16;12;1;10;1;6;5;0;2.500;20;24;260.730378566616;260.730378566616;260.730378566616;0.000000;0.000000;45.454545;2.000000;10.000000;0.000111;76.73%;0.000014;10.02%;0.000019;13.25%;0.000013;9.06%;0.000002;0.000010;0.000001;0.000001090167;true;false;4;5;1.000000;0.000000;3.000;3269.720960057691
nonconvex_bnb_cgal;41;0;15;24;80;104;1;85;18;66;20;1;10.894;60;67;1016.959279731633;1016.955094494301;1016.955094494301;0.000412;0.000000;23.255814;1.575758;4.722222;0.000266;48.05%;0.000035;6.25%;0.000253;45.70%;0.000167;30.15%;0.000004;0.000136;0.000027;0.000001603346;true;false;5;65;1.000000;0.000000;11.062;105792.429760796775
nonconvex_bnb_cgal;42;0;10;10;1;12;1;10;1;11;0;1;5.000;40;40;308.980488718334;308.976423731024;308.976423731024;0.001316;0.000000;0.000000;1.090909;10.000000;0.000092;71.50%;0.000014;10.56%;0.000023;17.94%;0.000016;12.19%;0.000002;0.000012;0.000001;0.000001302250;true;false;1;10;1.000000;0.000000;5.500;3707.717084772290
nonconvex_bnb_cgal;43;0;30;32;4;56;1;53;2;53;1;1;16.868;119;121;1389.949124456121;1389.948419224217;1389.948419224217;0.000051;0.000000;1.851852;1.056604;26.500000;0.000228;43.37%;0.000044;8.40%;0.000253;48.23%;0.000166;31.56%;0.000007;0.000153;0.000006;0.000002959107;true;false;2;52;1.000000;0.000000;17.192;77845.632638002426
nonconvex_bnb_cgal;44;0;50;50;1;52;1;50;1;51;0;1;25.000;276;276;121185.878833306750;121185.747472314964;121185.747472314964;0.000108;0.000000;0.000000;1.019608;50.000000;0.000736;49.63%;0.000169;11.41%;0.000578;38.96%;0.000440;29.64%;0.000018;0.000414;0.000008;0.000008455923;true;false;1;50;1.000000;0.000000;25.500;6301658.868560381234
nonconvex_bnb_cgal;45;0;40;64;3981312;849;1;816;32;536;281;1;30.078;184;211;1973.409509196226;1973.398273905636;1973.398273905636;0.000569;0.000000;34.394125;1.583955;25.500000;0.003438;29.20%;0.000215;1.82%;0.008121;68.97%;0.005695;48.37%;0.000011;0.005507;0.000177;0.000006707687;true;false;3;535;1.000000;0.000000;30.135;1677761.537235142430
nonconvex_bnb_cgal;46;0;39;161;320979616137216000000000;63338;1;63273;64;14701;48573;1;21.272;172;255;718.372678586754;718.371883881220;718.371883881220;0.000111;0.000000;76.766128;4.308414;988.640625;0.004167;0.59%;0.000787;0.11%;0.700691;99.30%;0.512284;72.60%;0.000022;0.511874;0.000388;0.000008088096;true;false;6;14700;0.999944;0.040094;21.274;45604779.694970101118
nonconvex_bnb_cgal;47;0;60;252;1997581975231421224022210535594393600;1000000;1;999231;768;266565;732646;1;43.070;275;387;1439.315759791772;1439.310469160285;1439.310469160285;0.000368;0.000000;73.322451;3.751430;1301.082031;0.006945;0.05%;0.000864;0.01%;13.963596;99.94%;10.780881;77.16%;0.000018;10.773442;0.007421;0.000010780881;false;false;7;266585;0.999917;0.119389;43.068;1442079178.527178287506
nonconvex_bnb_cgal;48;0;30;59;2985984;717;1;707;9;262;446;1;21.420;126;153;1508.143430272193;1508.143430272193;1508.121888198511;0.001428;0.001428;62.994350;2.736641;78.555556;0.002650;16.33%;0.000230;1.42%;0.013344;82.25%;0.007873;48.53%;0.000015;0.007766;0.000092;0.000010980432;true;false;6;261;0.999784;0.325532;21.502;1085725.376137798419
nonconvex_bnb_cgal;49;0;60;95;191102976;1084;1;1051;32;760;292;1;41.918;244;271;11005.522494448125;11005.451436324513;11005.451436324513;0.000646;0.000000;27.756654;1.426316;32.843750;0.001069;6.48%;0.000157;0.95%;0.015291;92.58%;0.011621;70.36%;0.000016;0.011338;0.000267;0.000010720479;true;false;4;759;1.000000;0.000006;41.974;11942443.248339684680
nonconvex_bnb_cgal;50;0;50;344;14320128686989279347827557846498228043776;191775;1;188528;3246;33944;154585;2;44.565;259;432;4657.443685175623;4657.437485345089;4657.437466014439;0.000134;0.000000;81.995343;5.649747;58.080099;0.061636;2.69%;0.001937;0.08%;2.230199;97.23%;1.604077;69.93%;0.000015;1.575895;0.028167;0.000008364367;true;false;12;33943;1.000000;0.002021;44.567;895082598.732445836067
nonconvex_bnb_cgal;51;0;19;78;209018880000;134;1;130;3;34;97;1;9.824;83;123;291.888892892752;291.888808086084;291.888808086084;0.000029;0.000000;74.045802;3.941176;43.333333;0.002133;73.84%;0.000180;6.24%;0.000575;19.92%;0.000406;14.05%;0.000006;0.000392;0.000008;0.000003029209;true;false;7;33;0.999843;0.045724;10.121;39431.760082652545
nonconvex_bnb_cgal;52;0;4;17;168;29;1;26;2;8;19;1;2.375;18;27;108.903371062258;108.899162955417;108.899162955417;0.003864;0.000000;70.370370;3.625000;13.000000;0.002910;94.80%;0.000059;1.93%;0.000100;3.27%;0.000069;2.26%;0.000003;0.000063;0.000003;0.000002387897;true;false;7;7;0.999256;0.081061;2.714;3354.156126121558
nonconvex_bnb_cgal;53;0;58;238;22014168706631989187660525021954048;70679;1;66582;4096;22728;43855;1;49.566;256;360;1481.291076915369;1481.290865507540;1481.290865507540;0.000014;0.000000;65.865161;3.109776;16.255371;0.008284;0.75%;0.001107;0.10%;1.087843;99.14%;0.782556;71.32%;0.000030;0.740519;0.042006;0.000011071967;true;false;7;22727;0.999998;0.002450;49.568;104847324.659799560905
nonconvex_bnb_cgal;54;0;50;149;26541002009346048000;2325;1;2180;144;878;1303;1;37.300;217;325;3871.432490067671;3871.425559119664;3871.425559119664;0.000179;0.000000;59.743237;2.648064;15.138889;0.007122;16.38%;0.000354;0.81%;0.035992;82.80%;0.027211;62.60%;0.000015;0.025730;0.001467;0.000011703793;true;false;8;877;1.000000;0.000023;37.342;9014005.955371135846
nonconvex_bnb_cgal;55;0;30;38;256;357;1;324;32;307;18;1;21.153;118;127;2018.756467634573;2018.744949757633;2018.744949757633;0.000571;0.000000;5.538462;1.162866;10.125000;0.000243;11.89%;0.000054;2.63%;0.001747;85.47%;0.001277;62.45%;0.000008;0.001155;0.000113;0.000003575745;true;false;2;306;1.000000;0.000000;21.222;721047.108781792922
nonconvex_bnb_cgal;56;0;15;17;4;19;1;17;1;16;2;1;7.500;60;62;516.650856676522;516.645703297411;516.645703297411;0.000997;0.000000;11.111111;1.187500;17.000000;0.000485;83.07%;0.000032;5.40%;0.000067;11.53%;0.000046;7.95%;0.000005;0.000039;0.000002;0.000002444895;true;false;2;15;1.000000;0.000000;8.000;9848.098408249400
nonconvex_bnb_cgal;57;0;30;116;47775744000000;1155;1;1090;64;388;703;1;24.616;159;235;4678.582570240316;4678.522105372697;4678.522105372697;0.001292;0.000000;64.436297;2.976804;17.031250;0.019781;66.50%;0.000490;1.65%;0.009473;31.85%;0.005840;19.63%;0.000009;0.005537;0.000293;0.000005056185;true;false;20;387;0.999994;0.027640;24.680;5424318.502411619760
nonconvex_bnb_cgal;58;0;20;60;1126400;62;1;60;1;21;40;1;10.000;83;110;1120.337360358945;1120.317787449262;1120.317787449262;0.001747;0.000000;65.573770;2.952381;60.000000;0.003493;90.83%;0.000121;3.15%;0.000232;6.03%;0.000176;4.59%;0.000005;0.000168;0.000003;0.000002844129;true;false;11;20;0.999980;0.021913;10.500;70177.481124081169
nonconvex_bnb_cgal;59;0;29;125;990677827584000000;263;1;254;8;64;191;1;20.250;126;193;516.169120865276;516.168223148162;516.168223148162;0.000174;0.000000;74.901961;4.109375;31.750000;0.005710;75.82%;0.000326;4.33%;0.001495;19.85%;0.001083;14.38%;0.000009;0.001044;0.000030;0.000004118376;true;false;6;63;0.999908;0.047322;20.571;136212.912030229549
nonconvex_bnb_cgal;60;0;10;37;324000;81;1;76;4;25;52;1;6.280;49;66;138.864343750042;138.864276836635;138.864276836635;0.000048;0.000000;67.532468;3.240000;19.000000;0.001668;80.42%;0.000137;6.61%;0.000269;12.97%;0.000198;9.56%;0.000003;0.000190;0.000005;0.000002448667;true;false;5;24;0.999788;0.029408;6.542;11393.624736115300
nonconvex_bnb_cgal;61;0;50;67;36864;197;1;190;6;148;43;1;31.459;203;217;5186.559783753929;5186.553905950198;5186.553905950198;0.000113;0.000000;22.513089;1.331081;31.666667;0.000657;14.70%;0.000344;7.70%;0.003467;77.60%;0.002376;53.17%;0.000027;0.002300;0.000049;0.000012059041;true;false;4;147;0.999995;0.025541;31.673;1021955.612378787249
nonconvex_bnb_cgal;62;0;40;40;1;42;1;40;1;41;0;1;20.000;221;221;642532.811039204011;642522.555768075865;642522.555768075865;0.001596;0.000000;0.000000;1.024390;40.000000;0.000570;51.71%;0.000102;9.25%;0.000431;39.04%;0.000337;30.56%;0.000017;0.000313;0.000007;0.000008021714;true;false;1;40;1.000000;0.000000;20.500;26985947.342259202152
nonconvex_bnb_cgal;63;0;30;34;9;36;1;34;1;31;4;1;15.000;126;129;2695.148021067725;2695.081917746214;2695.081917746214;0.002453;0.000000;11.428571;1.161290;34.000000;0.000305;55.19%;0.000051;9.14%;0.000197;35.67%;0.000153;27.74%;0.000009;0.000141;0.000004;0.000004263889;true;false;3;30;1.000000;0.000000;15.500;97056.976551564832
nonconvex_bnb_cgal;64;0;15;43;51840;45;1;43;1;16;28;1;7.500;62;81;1934.905547011192;1934.874581032538;1934.874581032538;0.001600;0.000000;63.636364;2.812500;43.000000;0.001810;90.36%;0.000069;3.42%;0.000125;6.22%;0.000089;4.42%;0.000004;0.000082;0.000002;0.000001969400;true;false;12;15;1.000000;0.000000;8.000;88974.287470556243
nonconvex_bnb_cgal;65;0;15;62;1166400000;206;1;203;2;48;156;1;7.792;67;94;192.478547149897;192.478417375229;192.478417375229;0.000067;0.000000;76.470588;4.291667;101.500000;0.002590;71.00%;0.000153;4.18%;0.000906;24.82%;0.000703;19.26%;0.000007;0.000690;0.000006;0.000003410990;true;false;6;47;0.998524;0.284127;7.957;40173.668825915905
nonconvex_bnb_cgal;66;0;35;35;1;37;1;35;1;36;0;1;17.500;190;190;14799604.271875744686;14799497.995845047757;14799497.995845047757;0.000718;0.000000;0.000000;1.027778;35.000000;0.000485;57.32%;0.000090;10.69%;0.000270;31.99%;0.000206;24.33%;0.000010;0.000191;0.000005;0.000005558676;true;false;1;35;1.000000;0.000000;18.000;547581425.846266269684
nonconvex_bnb_cgal;67;0;50;50;1;52;1;50;1;51;0;1;25.000;275;275;567830.216199160554;567829.366604440846;567829.366604440846;0.000150;0.000000;0.000000;1.019608;50.000000;0.000688;50.11%;0.000127;9.23%;0.000558;40.66%;0.000397;28.96%;0.000015;0.000376;0.000007;0.000007644192;true;false;1;50;1.000000;0.000000;25.500;29527127.063430890441
nonconvex_bnb_cgal;68;0;20;20;1;22;1;20;1;21;0;1;10.000;80;80;380.013033939068;379.972232613403;379.972232613403;0.010738;0.000000;0.000000;1.047619;20.000000;0.000086;40.74%;0.000031;14.63%;0.000094;44.63%;0.000076;35.99%;0.000005;0.000068;0.000003;0.000003448773;true;false;1;20;1.000000;0.000000;10.500;8359.389117494871
nonconvex_bnb_cgal;69;0;15;62;1166400000;124;1;121;2;30;92;1;9.067;72;105;182.829482045224;182.825068419183;182.825068419183;0.002414;0.000000;75.409836;4.133333;60.500000;0.001689;53.78%;0.000290;9.24%;0.001161;36.98%;0.000923;29.39%;0.000010;0.000901;0.000012;0.000007443218;true;false;6;29;0.999777;0.040848;9.379;23044.250776142850
nonconvex_bnb_cgal;70;0;30;30;1;32;1;30;1;31;0;1;15.000;120;120;1465.835296704632;1465.797636706393;1465.797636706393;0.002569;0.000000;0.000000;1.032258;30.000000;0.000271;58.85%;0.000044;9.48%;0.000146;31.67%;0.000112;24.39%;0.000007;0.000102;0.000003;0.000003503906;true;false;1;30;1.000000;0.000000;15.500;46905.524374604611
nonconvex_bnb_cgal;71;0;5;20;756;22;1;20;1;6;15;1;2.500;25;37;93.062869374230;93.062858451436;93.062858451436;0.000012;0.000000;71.428571;3.666667;20.000000;0.000619;86.92%;0.000051;7.23%;0.000042;5.85%;0.000032;4.52%;0.000002;0.000029;0.000001;0.000001464000;true;false;7;5;1.000000;0.000000;3.000;2144.733480394089
nonconvex_bnb_cgal;72;0;10;36;259200;502;1;499;2;154;346;1;5.169;45;66;96.338771736413;96.337392009005;96.337392009005;0.001432;0.000000;69.200000;3.259740;249.500000;0.000683;11.82%;0.000088;1.52%;0.005007;86.66%;0.004153;71.88%;0.000004;0.004137;0.000012;0.000008273151;true;false;5;153;0.994210;0.557745;5.203;49686.790050291092
nonconvex_bnb_cgal;73;0;49;200;125966083755294720343798710272;105143;1;103094;2048;30891;72204;1;40.253;211;314;1234.258304094022;1234.258296076481;1234.258296076481;0.000001;0.000000;70.036374;3.403677;50.338867;0.004475;0.39%;0.000512;0.04%;1.142274;99.57%;0.825725;71.97%;0.000013;0.809479;0.016233;0.000007853352;true;false;7;30890;0.999899;0.125094;40.255;129971787.473373070359
nonconvex_bnb_cgal;74;0;20;20;1;22;1;20;1;21;0;1;10.000;80;80;909.342068252325;909.327544976494;909.327544976494;0.001597;0.000000;0.000000;1.047619;20.000000;0.000436;62.71%;0.000055;7.91%;0.000204;29.38%;0.000148;21.28%;0.000011;0.000131;0.000006;0.000006719727;true;false;1;20;1.000000;0.000000;10.500;20005.205989482860
nonconvex_bnb_cgal;75;0;20;44;129600;171;1;164;6;89;76;1;12.989;82;102;1394.981376384668;1394.968143230105;1394.968143230105;0.000949;0.000000;46.060606;1.921348;27.333333;0.001358;54.88%;0.000084;3.38%;0.001033;41.75%;0.000640;25.85%;0.000005;0.000621;0.000013;0.000003740000;true;false;6;88;0.999781;0.306123;13.136;239291.342173580575
nonconvex_bnb_cgal;76;0;10;10;1;12;1;10;1;11;0;1;5.000;50;50;44652.123946412758;44652.111891014334;44652.111891014334;0.000027;0.000000;0.000000;1.090909;10.000000;0.000145;72.17%;0.000021;10.68%;0.000034;17.15%;0.000021;10.62%;0.000003;0.000017;0.000001;0.000001774750;true;false;1;10;1.000000;0.000000;5.500;535825.342692172038
nonconvex_bnb_cgal;77;0;10;42;1036800;44;1;42;1;11;32;1;5.000;43;67;93.186033652119;93.185999718395;93.185999718395;0.000036;0.000000;74.418605;4.000000;42.000000;0.001029;71.87%;0.000105;7.33%;0.000298;20.80%;0.000111;7.73%;0.000004;0.000105;0.000002;0.000002515136;true;false;6;10;0.999999;0.000077;5.500;4171.431598087500
nonconvex_bnb_cgal;78;0;50;202;436789061639523558088767438848;1000000;1;999951;48;264467;735460;2;45.041;223;323;1136.911799539278;1136.908647355101;1136.908629727457;0.000279;0.000002;73.551369;3.781190;20832.312500;0.003843;0.03%;0.000499;0.00%;11.266795;99.96%;8.504662;75.46%;0.000014;8.504269;0.000379;0.000008504662;false;false;7;264491;0.999744;0.290737;45.039;1139616856.581395387650
nonconvex_bnb_cgal;79;0;20;23;6;25;1;23;1;21;3;1;10.000;80;82;721.833940408836;721.751348276897;721.751348276897;0.011443;0.000000;12.500000;1.190476;23.000000;0.000238;63.18%;0.000037;9.83%;0.000102;27.00%;0.000069;18.40%;0.000006;0.000061;0.000003;0.000002771800;true;false;3;20;1.000000;0.000000;10.500;18080.944152569384
nonconvex_bnb_cgal;80;0;10;18;72;20;1;18;1;11;8;1;5.000;40;45;341.143050989030;341.133705510784;341.133705510784;0.002740;0.000000;42.105263;1.818182;18.000000;0.000233;71.04%;0.000029;8.96%;0.000066;19.99%;0.000047;14.19%;0.000004;0.000040;0.000002;0.000002331200;true;false;4;10;1.000000;0.000000;5.500;6935.458222717241
nonconvex_bnb_cgal;81;0;15;52;10000000;229;1;212;16;77;136;1;11.377;59;82;697.440503283040;697.434415967589;697.434415967589;0.000873;0.000000;63.849765;2.974026;13.250000;0.000810;46.25%;0.000102;5.81%;0.000839;47.94%;0.000601;34.33%;0.000005;0.000561;0.000035;0.000002623716;true;false;5;76;1.000000;0.000000;11.526;160678.170512494631
nonconvex_bnb_cgal;82;0;15;51;60466176;57;1;55;1;17;39;1;7.353;69;93;165.157394983771;165.156209325095;165.156209325095;0.000718;0.000000;69.642857;3.352941;55.000000;0.000988;64.67%;0.000131;8.60%;0.000408;26.73%;0.000304;19.88%;0.000005;0.000291;0.000007;0.000005326842;true;false;6;16;0.999299;0.115700;7.812;9519.206414216545
nonconvex_bnb_cgal;83;0;40;40;1;42;1;40;1;41;0;1;20.000;215;215;75063.587224949908;75062.960294145363;75062.960294145363;0.000835;0.000000;0.000000;1.024390;40.000000;0.000566;56.40%;0.000100;9.95%;0.000338;33.65%;0.000247;24.64%;0.000014;0.000228;0.000005;0.000005886857;true;false;1;40;1.000000;0.000000;20.500;3152644.332354102749
nonconvex_bnb_cgal;84;0;50;50;1;52;1;50;1;51;0;1;25.000;283;283;731487.774580048164;731486.369361899327;731486.369361899327;0.000192;0.000000;0.000000;1.019608;50.000000;0.000956;47.82%;0.000278;13.88%;0.000765;38.29%;0.000533;26.66%;0.000032;0.000493;0.000008;0.000010246077;true;false;1;50;1.000000;0.000000;25.500;38037291.206818781793
nonconvex_bnb_cgal;85;0;20;34;4096;461;1;428;32;287;142;1;13.735;79;97;682.825678594864;682.806993128869;682.806993128869;0.002737;0.000000;33.100233;1.606272;13.375000;0.000325;11.91%;0.000057;2.08%;0.002351;86.02%;0.001630;59.64%;0.000006;0.001474;0.000149;0.000003535427;true;false;4;286;1.000000;0.000000;13.783;316191.924712857697
nonconvex_bnb_cgal;86;0;10;20;108;43;1;38;4;24;15;1;6.125;40;50;357.061515799030;357.048168002133;357.048168002133;0.003738;0.000000;38.461538;1.791667;9.500000;0.000334;66.10%;0.000030;5.94%;0.000141;27.96%;0.000098;19.46%;0.000003;0.000088;0.000007;0.000002288721;true;false;6;23;1.000000;0.000000;6.391;15695.290710891633
nonconvex_bnb_cgal;87;0;60;67;36;69;1;67;1;61;7;1;30.000;239;245;5171.664094069579;5171.618637194208;5171.618637194208;0.000879;0.000000;10.294118;1.131148;67.000000;0.000534;37.84%;0.000102;7.22%;0.000775;54.94%;0.000620;43.92%;0.000017;0.000594;0.000009;0.000008980696;true;false;4;60;1.000000;0.000000;30.500;356925.217673285049
nonconvex_bnb_cgal;88;0;20;36;216;38;1;36;1;21;16;1;10.000;81;93;1298.734049877166;1298.722244258745;1298.722244258745;0.000909;0.000000;43.243243;1.809524;36.000000;0.001382;87.50%;0.000059;3.75%;0.000138;8.75%;0.000099;6.26%;0.000005;0.000092;0.000002;0.000002604237;true;false;12;20;1.000000;0.000000;10.500;49740.483756832560
nonconvex_bnb_cgal;89;0;15;56;13716864;95;1;92;2;27;66;1;8.519;71;100;1029.841304657787;1029.834213574700;1029.834213574700;0.000689;0.000000;70.967742;3.518519;46.000000;0.003619;79.38%;0.000302;6.63%;0.000638;13.99%;0.000469;10.29%;0.000008;0.000454;0.000007;0.000004937684;true;false;9;26;0.999997;0.003158;8.846;99927.736379251975
nonconvex_bnb_cgal;90;0;15;60;716636160;238;1;225;12;67;159;1;11.000;66;99;230.011936477246;230.010948141160;230.010948141160;0.000430;0.000000;70.353982;3.552239;18.750000;0.000907;48.82%;0.000136;7.34%;0.000815;43.84%;0.000602;32.38%;0.000005;0.000569;0.000028;0.000002528542;true;false;6;66;0.999960;0.009194;11.167;55334.750099044046
nonconvex_bnb_cgal;91;0;60;121;165112971264000;15481;1;13944;1536;8470;5475;1;54.523;263;299;10164.433833167890;10164.410546752557;10164.410546752557;0.000229;0.000000;39.261384;1.827745;9.078125;0.003560;1.49%;0.001236;0.52%;0.233325;97.99%;0.178027;74.76%;0.000025;0.164269;0.013733;0.000011499706;true;false;8;8469;1.000000;0.000000;54.529;157451172.721854269505
nonconvex_bnb_cgal;92;0;20;34;6912;301;1;268;32;201;68;1;14.080;81;93;1109.599767358889;1109.594281655342;1109.594281655342;0.000494;0.000000;25.278810;1.497512;8.375000;0.000363;25.18%;0.000062;4.30%;0.001017;70.52%;0.000773;53.59%;0.000005;0.000691;0.000076;0.000002568970;true;false;3;200;0.999826;0.192727;14.150;335046.473232623190
nonconvex_bnb_cgal;93;0;45;45;1;47;1;45;1;46;0;1;22.500;247;247;108497.881483712816;108497.231843381087;108497.231843381087;0.000599;0.000000;0.000000;1.021739;45.000000;0.001301;65.78%;0.000115;5.82%;0.000562;28.40%;0.000443;22.39%;0.000016;0.000420;0.000007;0.000009424723;true;false;1;45;1.000000;0.000000;23.000;5099369.896638914943
nonconvex_bnb_cgal;94;0;16;16;1;18;1;16;1;17;0;1;8.000;83;83;231.768514399480;231.747566011435;231.747566011435;0.009039;0.000000;0.000000;1.058824;16.000000;0.000248;70.33%;0.000038;10.86%;0.000066;18.81%;0.000047;13.25%;0.000005;0.000040;0.000002;0.000002597222;true;false;1;16;1.000000;0.000000;8.500;4171.456188205839
nonconvex_bnb_cgal;95;0;5;11;16;13;1;11;1;6;6;1;2.500;22;30;350.508045112088;350.501577274538;350.501577274538;0.001845;0.000000;50.000000;2.166667;11.000000;0.001035;92.06%;0.000034;3.02%;0.000055;4.92%;0.000041;3.60%;0.000004;0.000034;0.000003;0.000003115385;true;false;4;5;1.000000;0.000000;3.000;4633.924185522307
nonconvex_bnb_cgal;96;0;60;83;373248;557;1;540;16;423;118;1;40.825;241;259;5966.268928057314;5966.188187125697;5966.188187125697;0.001353;0.000000;21.811460;1.316785;33.750000;0.000860;5.19%;0.000125;0.76%;0.015592;94.06%;0.011454;69.09%;0.000016;0.011194;0.000244;0.000020563707;true;false;4;422;1.000000;0.002565;40.922;3324525.051950127352
nonconvex_bnb_cgal;97;0;10;39;576000;55;1;52;2;15;38;1;5.133;46;63;75.348425291505;75.344436209699;75.344436209699;0.005294;0.000000;71.698113;3.666667;26.000000;0.001407;73.44%;0.000149;7.77%;0.000360;18.79%;0.000269;14.04%;0.000006;0.000252;0.000010;0.000004890091;true;false;5;14;0.996978;0.227700;5.500;4228.471158280014
nonconvex_bnb_cgal;98;0;30;123;986274815016960000;9578;1;9001;576;2792;6210;1;26.301;119;195;594.302547425788;594.302316732307;594.302316732307;0.000039;0.000000;68.984670;3.430516;15.626736;0.003358;3.35%;0.000623;0.62%;0.096259;96.03%;0.071852;71.68%;0.000018;0.069055;0.002778;0.000007501744;true;false;7;2791;1.000000;0.000000;26.310;5713330.146851948462
nonconvex_bnb_cgal;99;0;5;5;1;7;1;5;1;6;0;1;2.500;20;20;103.927343062383;103.904649068447;103.904649068447;0.021841;0.000000;0.000000;1.166667;5.000000;0.000022;55.36%;0.000008;19.59%;0.000010;25.05%;0.000007;16.18%;0.000002;0.000004;0.000001;0.000000934429;true;false;1;5;1.000000;0.000000;3.000;727.332543479126
nonconvex_bnb_cgal;100;0;40;123;356644017930240000;6807;1;6614;192;2373;4242;1;28.815;190;258;2214.807243632355;2214.805150704500;2214.805150704500;0.000094;0.000000;64.126984;2.868521;34.447917;0.006803;6.57%;0.000308;0.30%;0.096503;93.14%;0.065294;63.02%;0.000011;0.063666;0.001616;0.000009592165;true;false;6;2372;1.000000;0.000037;28.827;15107286.829725341871
nonconvex_bnb_cgal;101;0;15;36;73728;38;1;36;1;16;21;1;7.500;70;82;700.263213211886;700.251528215897;700.251528215897;0.001669;0.000000;56.756757;2.375000;36.000000;0.000446;68.04%;0.000068;10.32%;0.000142;21.64%;0.000110;16.86%;0.000005;0.000103;0.000003;0.000002906816;true;false;4;15;0.999995;0.003552;8.000;26787.915784876270
nonconvex_bnb_cgal;102;0;15;62;9912320;174;1;157;16;47;111;1;11.362;68;90;1074.930471314392;1074.923499033211;1074.923499033211;0.000649;0.000000;70.253165;3.702128;9.812500;0.002913;78.63%;0.000153;4.13%;0.000639;17.24%;0.000496;13.38%;0.000005;0.000451;0.000040;0.000002848155;true;false;11;46;0.999997;0.003639;11.609;190445.688377215061
nonconvex_bnb_cgal;103;0;30;37;72;90;1;85;4;75;11;1;19.507;119;131;2364.574446382040;2364.537580019518;2364.537580019518;0.001559;0.000000;12.790698;1.200000;21.250000;0.000365;44.19%;0.000058;6.96%;0.000404;48.85%;0.000299;36.18%;0.000007;0.000280;0.000012;0.000003324533;true;false;3;74;1.000000;0.000000;19.770;214125.112577225664
nonconvex_bnb_cgal;104;0;40;40;1;42;1;40;1;41;0;1;20.000;160;160;1635.136138869022;1635.093952455110;1635.093952455110;0.002580;0.000000;0.000000;1.024390;40.000000;0.000121;26.69%;0.000059;12.99%;0.000273;60.33%;0.000217;47.83%;0.000010;0.000201;0.000005;0.000005162667;true;false;1;40;1.000000;0.000000;20.500;68673.946003114557
nonconvex_bnb_cgal;105;0;30;64;119439360;637;1;572;64;270;303;1;23.744;129;157;4285.525453012660;4285.508070259048;4285.508070259048;0.000406;0.000000;52.879581;2.359259;8.937500;0.002029;22.75%;0.000278;3.11%;0.006611;74.13%;0.004993;55.98%;0.000014;0.004444;0.000535;0.000007838257;true;false;6;269;0.999998;0.009011;23.833;2736724.510291366838
nonconvex_bnb_cgal;106;0;19;81;326592000000;412;1;375;36;115;261;1;14.904;75;127;260.117428818345;260.117348316707;260.117348316707;0.000031;0.000000;69.414894;3.582609;10.416667;0.001941;51.34%;0.000205;5.43%;0.001634;43.23%;0.001105;29.23%;0.000006;0.001016;0.000083;0.000002681532;true;false;7;114;0.999884;0.030298;15.035;107739.884576421871
nonconvex_bnb_cgal;107;0;10;10;1;12;1;10;1;11;0;1;5.000;48;48;5002.132285547526;5001.942623536942;5001.942623536942;0.003792;0.000000;0.000000;1.090909;10.000000;0.000124;66.25%;0.000022;11.84%;0.000041;21.91%;0.000030;16.11%;0.000005;0.000023;0.000002;0.000002517333;true;false;1;10;1.000000;0.000000;5.500;60023.311482443292
nonconvex_bnb_cgal;108;0;60;234;22744230423943769115681214580129792;51087;1;51038;48;12823;38216;1;40.777;273;390;1467.757873344284;1467.757428206184;1467.757428206184;0.000030;0.000000;74.876075;3.984013;1063.291667;0.005370;0.74%;0.000604;0.08%;0.719276;99.18%;0.521473;71.90%;0.000016;0.520998;0.000458;0.000010207539;true;false;6;12822;0.999985;0.022279;40.781;75100190.132850885391
nonconvex_bnb_cgal;109;0;10;22;480;34;1;31;2;15;17;2;5.933;39;52;428.773507509362;428.773507509362;428.717870001303;0.012978;0.012978;53.125000;2.266667;15.500000;0.000479;78.59%;0.000034;5.63%;0.000096;15.78%;0.000075;12.25%;0.000004;0.000067;0.000004;0.000002196059;true;false;5;14;0.999898;0.043709;6.357;14809.134980649847
nonconvex_bnb_cgal;110;0;40;72;37324800;17246;1;15709;1536;9170;6540;1;35.457;168;199;1554.438277326241;1554.345354200640;1554.345354200640;0.005978;0.000000;41.629535;1.880698;10.227214;0.000615;0.40%;0.000117;0.08%;0.153100;99.52%;0.112523;73.15%;0.000011;0.101611;0.010902;0.000006524607;true;false;5;9169;1.000000;0.000000;35.461;26879762.572420790792
nonconvex_bnb_cgal;111;0;15;15;1;17;1;15;1;16;0;1;7.500;76;76;10177.557832973846;10177.313921059029;10177.313921059029;0.002397;0.000000;0.000000;1.062500;15.000000;0.000185;66.58%;0.000034;12.41%;0.000058;21.01%;0.000042;15.12%;0.000005;0.000035;0.000002;0.000002468059;true;false;1;15;1.000000;0.000000;8.000;173014.336658003449
nonconvex_bnb_cgal;112;0;60;128;156728328192000;13014;1;12245;768;7070;5176;1;53.870;250;308;5791.749268346617;5791.745181738456;5791.745181738456;0.000071;0.000000;42.266863;1.840736;15.944010;0.002435;1.61%;0.000413;0.27%;0.148466;98.12%;0.104267;68.91%;0.000013;0.098438;0.005815;0.000008011885;true;false;8;7069;1.000000;0.001009;53.878;75436415.065225943923
nonconvex_bnb_cgal;113;0;59;228;4122058743879525107248447124144128;36737;1;36712;24;10064;26649;1;46.273;265;384;1451.205544630460;1451.204923177229;1451.204923177229;0.000043;0.000000;72.587367;3.650338;1529.666667;0.003986;0.85%;0.000589;0.13%;0.465769;99.03%;0.327049;69.53%;0.000017;0.326814;0.000217;0.000008902429;true;false;7;10063;0.999986;0.020523;46.277;53398290.085796624422
nonconvex_bnb_cgal;114;0;38;161;139804455028654080000000;1268;1;1259;8;311;949;1;24.389;175;241;811.489011623642;811.488434996936;811.488434996936;0.000071;0.000000;75.317460;4.077170;157.375000;0.003958;23.70%;0.000698;4.18%;0.012048;72.12%;0.008843;52.94%;0.000022;0.008778;0.000043;0.000006973914;true;false;7;310;0.999963;0.029804;24.468;1032407.020677699125
nonconvex_bnb_cgal;115;0;30;30;1;32;1;30;1;31;0;1;15.000;120;120;1215.414045291959;1215.373661714299;1215.373661714299;0.003323;0.000000;0.000000;1.032258;30.000000;0.000250;55.15%;0.000042;9.36%;0.000161;35.49%;0.000127;28.14%;0.000008;0.000116;0.000004;0.000003980500;true;false;1;30;1.000000;0.000000;15.500;38891.957174857605
nonconvex_bnb_cgal;116;0;20;44;5880;46;1;44;1;21;24;1;10.000;82;102;1240.127159707589;1240.118524114322;1240.118524114322;0.000696;0.000000;53.333333;2.190476;44.000000;0.001271;83.78%;0.000065;4.32%;0.000181;11.90%;0.000138;9.07%;0.000005;0.000130;0.000003;0.000002990957;true;false;7;20;1.000000;0.000000;10.500;57475.786660088263
nonconvex_bnb_cgal;117;0;30;106;1300264648704000;178;1;165;12;58;108;1;20.138;139;206;1100.032538180491;1100.014542105264;1100.014542105264;0.001636;0.000000;65.060241;3.068966;13.750000;0.003636;51.33%;0.000530;7.48%;0.002918;41.19%;0.002313;32.65%;0.000017;0.002162;0.000134;0.000012994382;true;false;8;57;0.999939;0.067529;20.491;196680.259864861699
nonconvex_bnb_cgal;118;0;30;90;6122200320000;18494;1;17341;1152;6551;10791;1;24.576;134;178;1304.826480945967;1304.737701528251;1304.737701528251;0.006804;0.000000;62.224657;2.823080;15.052951;0.003013;2.39%;0.000207;0.16%;0.122877;97.45%;0.089860;71.26%;0.000008;0.084941;0.004911;0.000004858867;true;false;6;6550;0.999996;0.005387;24.580;24217193.992125302553
nonconvex_bnb_cgal;119;0;40;40;1;42;1;40;1;41;0;1;20.000;219;219;79371.331353446614;79371.234001835517;79371.234001835517;0.000123;0.000000;0.000000;1.024390;40.000000;0.000514;51.51%;0.000105;10.54%;0.000378;37.95%;0.000271;27.21%;0.000015;0.000250;0.000007;0.000006460262;true;false;1;40;1.000000;0.000000;20.500;3333591.828077089973
nonconvex_bnb_cgal;120;0;20;43;442368;442;1;409;32;243;167;1;15.827;80;94;1465.193352057736;1465.163965980695;1465.163965980695;0.002006;0.000000;40.731707;1.818930;12.781250;0.000377;12.03%;0.000067;2.13%;0.002692;85.84%;0.002048;65.30%;0.000005;0.001934;0.000108;0.000004633210;true;false;6;242;1.000000;0.000000;15.893;650282.403297733283
nonconvex_bnb_cgal;121;0;40;164;191943829094400000;33878;1;33429;448;9860;23570;1;29.225;179;251;6371.269502286857;6371.266460512109;6371.266460512109;0.000048;0.000000;70.505534;3.435903;74.618304;0.011499;3.61%;0.000576;0.18%;0.306646;96.21%;0.225572;70.77%;0.000010;0.222903;0.002660;0.000006658368;true;false;31;9859;0.999987;0.085466;29.228;216316322.778514295816
nonconvex_bnb_cgal;122;0;45;45;1;47;1;45;1;46;0;1;22.500;247;247;299133.015023239190;299129.406229165266;299129.406229165266;0.001206;0.000000;0.000000;1.021739;45.000000;0.001151;46.49%;0.000221;8.94%;0.001103;44.57%;0.000849;34.29%;0.000028;0.000803;0.000018;0.000018062957;true;false;1;45;1.000000;0.000000;23.000;14059082.092770755291
nonconvex_bnb_cgal;123;0;49;207;533189772509184060282013483008;12351;1;12202;148;2985;9218;2;37.972;222;312;1204.260937797557;1204.260606144803;1204.260460918054;0.000040;0.000012;75.538802;4.137688;82.445946;0.008218;5.64%;0.000951;0.65%;0.136597;93.71%;0.099947;68.57%;0.000014;0.098805;0.001128;0.000008092211;true;false;7;2984;0.999999;0.000769;37.985;14904923.082791004330
nonconvex_bnb_cgal;124;0;30;125;1128443962982400000;3974;1;3949;24;980;2970;1;18.794;131;196;587.260373373751;587.259693317705;587.259693317705;0.000116;0.000000;75.189873;4.055102;164.541667;0.002159;6.06%;0.000301;0.84%;0.033170;93.10%;0.025381;71.23%;0.000008;0.025241;0.000131;0.000006386795;true;false;6;979;0.999783;0.127421;18.813;2340627.730539787095
nonconvex_bnb_cgal;125;0;10;14;12;22;1;19;2;16;4;1;5.938;40;42;183.219188083031;183.216851948272;183.216851948272;0.001275;0.000000;20.000000;1.375000;9.500000;0.000275;61.09%;0.000039;8.69%;0.000136;30.22%;0.000109;24.16%;0.000007;0.000093;0.000008;0.000004935500;true;false;3;15;1.000000;0.000000;6.333;4061.856957464497
nonconvex_bnb_cgal;126;0;60;108;9393093476352;8059;1;7802;256;4517;3286;1;49.616;270;312;18074.979477635861;18074.716780727755;18074.716780727755;0.001453;0.000000;42.112008;1.784149;30.476562;0.002619;2.65%;0.001422;1.44%;0.094752;95.91%;0.068944;69.79%;0.000025;0.066958;0.001961;0.000008554919;true;false;6;4516;1.000000;0.000000;49.627;145761968.905799150467
nonconvex_bnb_cgal;127;0;20;20;1;22;1;20;1;21;0;1;10.000;106;106;311729.081989619357;311725.786745841207;311725.786745841207;0.001057;0.000000;0.000000;1.047619;20.000000;0.000521;65.65%;0.000093;11.76%;0.000179;22.58%;0.000131;16.55%;0.000016;0.000112;0.000004;0.000005967727;true;false;1;20;1.000000;0.000000;10.500;6857967.308408509940
nonconvex_bnb_cgal;128;0;15;15;1;17;1;15;1;16;0;1;7.500;76;76;161356.038529761194;161352.001344525808;161352.001344525808;0.002502;0.000000;0.000000;1.062500;15.000000;0.000189;66.24%;0.000034;11.83%;0.000063;21.93%;0.000043;15.15%;0.000004;0.000037;0.000002;0.000002541647;true;false;1;15;1.000000;0.000000;8.000;2742984.022856938187
nonconvex_bnb_cgal;129;0;60;275;1988421189141883330273122189312;19214;1;18445;768;5904;12542;1;54.400;251;375;8992.171818383624;8992.168994039846;8992.168994039846;0.000031;0.000000;67.993061;3.254404;24.016927;0.021299;8.02%;0.001573;0.59%;0.242617;91.39%;0.173664;65.41%;0.000912;0.166143;0.006609;0.000009038395;true;false;15;5903;1.000000;0.000000;54.409;173113318.190875560045
nonconvex_bnb_cgal;130;0;60;301;431297999150341031389159418272368247701504;3558;1;3485;72;750;2736;1;45.840;277;470;6180.821881834220;6180.821651988325;6180.821651988325;0.000004;0.000000;78.485370;4.744000;48.402778;0.012309;22.94%;0.001245;2.32%;0.040105;74.74%;0.028547;53.20%;0.000018;0.027992;0.000536;0.000008023246;true;false;6;749;0.999997;0.016171;45.901;22027293.109759047627
nonconvex_bnb_cgal;131;0;20;31;1152;33;1;31;1;21;11;1;10.000;84;97;701.323743769594;701.319095018645;701.319095018645;0.000663;0.000000;34.375000;1.571429;31.000000;0.000308;59.89%;0.000060;11.66%;0.000146;28.45%;0.000101;19.56%;0.000006;0.000092;0.000002;0.000003045485;true;false;3;20;1.000000;0.000000;10.500;23250.571537136591
nonconvex_bnb_cgal;132;0;5;16;240;27;1;24;2;10;15;0;2.900;24;30;39.096732288237;39.096732288237;39.096732288237;0.000000;0.000000;60.000000;2.700000;12.000000;0.000280;76.96%;0.000032;8.75%;0.000052;14.29%;0.000035;9.71%;0.000002;0.000032;0.000002;0.000001308667;true;false;5;9;1.000000;0.000000;3.222;1091.175084311880
nonconvex_bnb_cgal;133;0;60;60;1;62;1;60;1;61;0;1;30.000;338;338;143553.814850304683;143553.740927761653;143553.740927761653;0.000051;0.000000;0.000000;1.016393;60.000000;0.000925;28.89%;0.000160;5.00%;0.002117;66.11%;0.001391;43.43%;0.000018;0.001323;0.000049;0.000022428839;true;false;1;60;1.000000;0.000000;30.500;8900331.937521211803
nonconvex_bnb_cgal;134;0;5;9;16;14;1;11;2;8;4;0;3.000;22;25;118.971312823506;118.971312823506;118.971312823506;0.000000;0.000000;33.333333;1.750000;5.500000;0.000091;72.55%;0.000014;10.81%;0.000021;16.64%;0.000013;10.25%;0.000001;0.000010;0.000002;0.000000919643;true;false;2;7;1.000000;0.000000;3.429;1682.570076542034
nonconvex_bnb_cgal;135;0;50;52;4;101;1;98;2;97;2;1;26.186;201;204;3179.721875691037;3179.669948426641;3179.669948426641;0.001633;0.000000;2.020202;1.041237;49.000000;0.000596;22.41%;0.000150;5.63%;0.001913;71.96%;0.001566;58.90%;0.000024;0.001512;0.000029;0.000015500465;true;false;2;96;1.000000;0.000000;26.458;321164.256534210581
nonconvex_bnb_cgal;136;0;5;20;900;23;1;20;2;7;14;0;2.857;20;28;25.092820851832;25.092820851832;25.092820851832;0.000000;0.000000;66.666667;3.285714;10.000000;0.000873;84.90%;0.000092;8.95%;0.000063;6.15%;0.000045;4.40%;0.000003;0.000039;0.000003;0.000001967478;true;false;5;6;0.996750;0.081539;3.333;619.902514565520
nonconvex_bnb_cgal;137;0;30;115;117023818383360000;234;1;229;4;64;166;1;19.734;125;190;583.341885299565;583.340639650913;583.340639650913;0.000214;0.000000;72.173913;3.656250;57.250000;0.003440;65.29%;0.000301;5.72%;0.001527;28.99%;0.001066;20.23%;0.000007;0.001046;0.000013;0.000004555363;true;false;7;63;0.999960;0.023475;20.048;136952.329550057766
nonconvex_bnb_cgal;138;0;10;35;172800;78;1;75;2;24;52;1;5.208;46;66;128.662039625226;128.659186538574;128.659186538574;0.002218;0.000000;68.421053;3.250000;37.500000;0.000776;69.11%;0.000083;7.36%;0.000264;23.52%;0.000211;18.79%;0.000004;0.000203;0.000004;0.000002705603;true;false;5;23;0.998456;0.198589;5.435;10185.511595472983
nonconvex_bnb_cgal;139;0;30;35;24;37;1;35;1;31;5;1;15.000;126;130;1990.663866785760;1990.569436310916;1990.569436310916;0.004744;0.000000;13.888889;1.193548;35.000000;0.000295;52.58%;0.000059;10.58%;0.000206;36.84%;0.000162;28.86%;0.000009;0.000148;0.000004;0.000004370486;true;false;3;30;1.000000;0.000000;15.500;73693.976516811032
nonconvex_bnb_cgal;140;0;48;189;8088686326657843749755813888;1098;1;1077;20;297;781;2;36.054;213;306;1097.989831563474;1097.988995313788;1097.988994116865;0.000076;0.000000;72.448980;3.696970;53.850000;0.006696;31.76%;0.000440;2.09%;0.013945;66.15%;0.010515;49.88%;0.000013;0.010369;0.000132;0.000009576100;true;false;7;296;0.999998;0.002116;36.176;1207548.826345587149
nonconvex_bnb_cgal;141;0;50;121;143505594777600;12286;1;11421;864;5592;5830;1;42.541;218;270;3418.129119694343;3418.106291135790;3418.106291135790;0.000668;0.000000;51.041849;2.197067;13.218750;0.007911;5.99%;0.000833;0.63%;0.123272;93.38%;0.091171;69.06%;0.000014;0.084748;0.006410;0.000007420751;true;false;11;5591;1.000000;0.000000;42.549;42138924.977969519794
nonconvex_bnb_cgal;142;0;5;6;2;8;1;6;1;6;1;1;2.500;21;22;129.246760891506;129.246643919454;129.246643919454;0.000091;0.000000;14.285714;1.333333;6.000000;0.000043;63.21%;0.000011;15.57%;0.000014;21.21%;0.000010;14.23%;0.000002;0.000007;0.000001;0.000001208500;true;false;2;5;1.000000;0.000000;3.000;1059.538638335714
nonconvex_bnb_cgal;143;0;10;22;640;36;1;31;4;20;12;1;6.650;45;55;470.386189251469;470.125917896437;470.125917896437;0.055362;0.000000;37.500000;1.800000;7.750000;0.000400;72.21%;0.000050;9.03%;0.000104;18.76%;0.000082;14.84%;0.000004;0.000071;0.000007;0.000002283528;true;false;5;19;0.999980;0.009526;7.000;17038.992666729202
nonconvex_bnb_cgal;144;0;20;20;1;22;1;20;1;21;0;1;10.000;80;80;880.298115179775;880.258534214492;880.258534214492;0.004497;0.000000;0.000000;1.047619;20.000000;0.000157;59.26%;0.000029;11.09%;0.000079;29.65%;0.000061;23.03%;0.000005;0.000053;0.000003;0.000002772864;true;false;1;20;1.000000;0.000000;10.500;19365.687752718830
nonconvex_bnb_cgal;145;0;30;43;1728;167;1;160;6;125;36;1;18.960;121;132;5441.109429738783;5441.059338795858;5441.059338795858;0.000921;0.000000;22.360248;1.336000;26.666667;0.000362;30.18%;0.000066;5.48%;0.000772;64.33%;0.000587;48.90%;0.000008;0.000559;0.000020;0.000003512437;true;false;4;124;0.999988;0.063423;19.113;910651.256004783325
nonconvex_bnb_cgal;146;0;40;162;239935397629132825165824;4539;1;4394;144;1389;3006;1;33.220;187;264;842.085766604266;842.085466612708;842.085466612708;0.000036;0.000000;68.395904;3.267819;30.513889;0.003156;6.29%;0.000411;0.82%;0.046600;92.89%;0.034120;68.01%;0.000013;0.033130;0.000977;0.000007517077;true;false;7;1388;0.999985;0.012768;33.244;3831149.782003054395
nonconvex_bnb_cgal;147;0;16;28;1536;248;1;231;16;143;89;1;11.636;67;77;3020.903277264338;3020.884979162277;3020.884979162277;0.000606;0.000000;38.362069;1.734266;14.437500;0.000329;28.03%;0.000045;3.86%;0.000799;68.11%;0.000596;50.78%;0.000005;0.000555;0.000036;0.000002402694;true;false;4;142;1.000000;0.000000;11.718;750728.490743051283
nonconvex_bnb_cgal;148;0;20;79;453496320000;270;1;265;4;73;193;1;9.753;88;129;259.130575665404;259.126140041928;259.126140041928;0.001712;0.000000;72.556391;3.698630;66.250000;0.001403;49.72%;0.000194;6.88%;0.001225;43.41%;0.000939;33.27%;0.000008;0.000919;0.000012;0.000003477296;true;false;6;72;0.999498;0.130005;9.889;70422.673496824034
nonconvex_bnb_cgal;149;0;35;35;1;37;1;35;1;36;0;1;17.500;192;192;210137.092641033756;210135.701114617928;210135.701114617928;0.000662;0.000000;0.000000;1.027778;35.000000;0.000434;56.16%;0.000091;11.73%;0.000248;32.11%;0.000187;24.17%;0.000008;0.000174;0.000004;0.000005052919;true;false;1;35;1.000000;0.000000;18.000;7775020.941240866669
nonconvex_bnb_cgal;150;0;40;49;256;94;1;90;3;79;12;1;25.329;159;174;2458.476784705480;2458.451245833945;2458.451245833945;0.001039;0.000000;13.186813;1.189873;30.000000;0.000436;31.65%;0.000074;5.37%;0.000869;62.98%;0.000697;50.51%;0.000009;0.000675;0.000013;0.000007409989;true;false;4;78;0.999944;0.137889;25.654;231148.837075341900
nonconvex_bnb_cgal;151;0;20;85;1612800000000;956;1;939;16;222;718;1;13.275;82;135;272.027880847665;272.026747159661;272.026747159661;0.000417;0.000000;76.382979;4.306306;58.687500;0.001410;26.38%;0.000214;4.01%;0.003720;69.61%;0.002727;51.03%;0.000006;0.002679;0.000041;0.000002852456;true;false;7;221;1.000000;0.000000;13.335;261988.361460679385
nonconvex_bnb_cgal;152;0;30;32;3;34;1;32;1;31;2;1;15.000;119;121;1628.628827024252;1628.620983225975;1628.620983225975;0.000482;0.000000;6.060606;1.096774;32.000000;0.000164;45.90%;0.000042;11.78%;0.000151;42.32%;0.000114;32.01%;0.000007;0.000104;0.000003;0.000003356618;true;false;3;30;1.000000;0.000000;15.500;55398.000383809172
nonconvex_bnb_cgal;153;0;38;154;24073471210291200000000;819;1;810;8;197;614;1;23.127;174;247;862.336683938370;862.335745671858;862.335745671858;0.000109;0.000000;75.709001;4.157360;101.250000;0.002710;14.58%;0.000395;2.13%;0.015479;83.29%;0.011899;64.03%;0.000011;0.011795;0.000093;0.000014528239;true;false;6;196;0.999956;0.037992;23.245;708099.857147106086
nonconvex_bnb_cgal;154;0;59;250;943680071443414984257891880872706048;35953;1;34928;1024;9822;25107;1;51.110;255;377;1494.270763460862;1494.268037166603;1494.268037166603;0.000182;0.000000;71.880100;3.660456;34.109375;0.004158;0.94%;0.000623;0.14%;0.436230;98.92%;0.330628;74.97%;0.000019;0.322067;0.008541;0.000009196117;true;false;7;9821;1.000000;0.000000;51.116;53792967.791597984731
nonconvex_bnb_cgal;155;0;10;10;1;12;1;10;1;11;0;1;5.000;49;49;15786.684371786982;15785.472320022573;15785.472320022573;0.007678;0.000000;0.000000;1.090909;10.000000;0.000155;72.65%;0.000025;11.59%;0.000034;15.76%;0.000024;11.33%;0.000003;0.000019;0.000001;0.000002017250;true;false;1;10;1.000000;0.000000;5.500;189425.667840270908
nonconvex_bnb_cgal;156;0;15;16;2;18;1;16;1;16;1;1;7.500;61;63;1082.925553624147;1082.886388510233;1082.886388510233;0.003617;0.000000;5.882353;1.125000;16.000000;0.000150;66.06%;0.000024;10.60%;0.000053;23.35%;0.000039;17.33%;0.000005;0.000033;0.000002;0.000002187556;true;false;2;15;1.000000;0.000000;8.000;19507.182968227589
nonconvex_bnb_cgal;157;0;40;215;449707364293017584430743552;24045;1;23612;432;6310;17303;1;32.053;184;249;4020.342777395917;4020.336595752654;4020.336595752654;0.000154;0.000000;73.277432;3.810618;54.657407;0.009974;4.08%;0.000783;0.32%;0.233533;95.60%;0.164438;67.31%;0.000009;0.161730;0.002699;0.000006838766;true;false;11;6309;0.999995;0.021482;32.058;96963989.301409512758
nonconvex_bnb_cgal;158;0;20;81;716636160000;138;1;135;2;35;101;1;11.400;96;138;308.768485789005;308.768380226365;308.768380226365;0.000034;0.000000;74.264706;3.942857;67.500000;0.001969;67.85%;0.000208;7.18%;0.000725;24.97%;0.000572;19.69%;0.000008;0.000556;0.000007;0.000004141522;true;false;8;34;0.999998;0.000662;11.735;42902.197886784343
nonconvex_bnb_cgal;159;0;5;8;6;10;1;8;1;6;3;1;2.500;21;22;130.362231080569;130.353722498872;130.353722498872;0.006527;0.000000;33.333333;1.666667;8.000000;0.000083;72.51%;0.000013;11.05%;0.000019;16.44%;0.000014;12.10%;0.000003;0.000010;0.000001;0.000001383400;true;false;3;5;1.000000;0.000000;3.000;1362.025551109338
nonconvex_bnb_cgal;160;0;59;249;692505868971760047385356435042861056;132110;1;129037;3072;33101;95937;1;43.911;261;382;1398.447090149211;1398.446229025639;1398.446229025639;0.000062;0.000000;74.347867;3.991118;42.004232;0.005392;0.32%;0.000612;0.04%;1.692049;99.65%;1.239089;72.97%;0.000017;1.212688;0.026383;0.000009379219;true;false;8;33100;0.999994;0.008977;43.912;185042583.631408393383
nonconvex_bnb_cgal;161;0;10;23;2304;115;1;111;3;49;63;1;5.204;41;50;238.834568297807;238.834568297807;238.793672904467;0.017126;0.017126;56.250000;2.346939;37.000000;0.000210;36.47%;0.000041;7.15%;0.000325;56.38%;0.000265;46.02%;0.000003;0.000256;0.000007;0.000002307948;true;false;4;48;0.998574;0.340647;5.312;27898.995452674684
nonconvex_bnb_cgal;162;0;15;17;4;19;1;17;1;16;2;0;7.500;63;65;581.443024425778;581.443024425778;581.443024425778;0.000000;0.000000;11.111111;1.187500;17.000000;0.000095;54.78%;0.000025;14.35%;0.000054;30.87%;0.000039;22.43%;0.000004;0.000034;0.000002;0.000002052579;true;false;2;15;1.000000;0.000000;8.000;11081.096507206346
nonconvex_bnb_cgal;163;0;10;12;4;14;1;12;1;11;2;1;5.000;42;44;349.297954368925;349.296730070344;349.296730070344;0.000351;0.000000;15.384615;1.272727;12.000000;0.000108;65.39%;0.000019;11.50%;0.000038;23.11%;0.000030;17.97%;0.000004;0.000025;0.000001;0.000002125000;true;false;2;10;1.000000;0.000000;5.500;4898.016587128985
nonconvex_bnb_cgal;164;0;50;139;60867245726760960000;7980;1;7691;288;3387;4305;1;41.222;214;299;3573.261848732296;3573.258165222284;3573.258165222284;0.000103;0.000000;55.967239;2.356067;26.704861;0.002214;2.63%;0.000308;0.37%;0.081508;97.00%;0.058205;69.27%;0.000013;0.056080;0.002112;0.000007293799;true;false;6;3386;1.000000;0.000000;41.234;28562902.973741341382
nonconvex_bnb_cgal;165;0;35;35;1;37;1;35;1;36;0;1;17.500;190;190;392428.174072335591;392422.101943990914;392422.101943990914;0.001547;0.000000;0.000000;1.027778;35.000000;0.000457;56.27%;0.000090;11.13%;0.000265;32.61%;0.000210;25.83%;0.000012;0.000192;0.000005;0.000005674514;true;false;1;35;1.000000;0.000000;18.000;14519617.771927656606
nonconvex_bnb_cgal;166;0;20;46;5038848;181;1;174;6;80;95;1;13.312;81;107;838.664234834744;838.648022606780;838.648022606780;0.001933;0.000000;54.285714;2.262500;29.000000;0.000516;38.73%;0.000081;6.08%;0.000736;55.19%;0.000585;43.90%;0.000006;0.000561;0.000018;0.000003232956;true;false;3;79;1.000000;0.000000;13.481;152666.461826651037
nonconvex_bnb_cgal;167;0;15;15;1;17;1;15;1;16;0;1;7.500;60;60;705.722222537937;705.703449847264;705.703449847264;0.002660;0.000000;0.000000;1.062500;15.000000;0.000053;43.13%;0.000022;17.45%;0.000049;39.42%;0.000038;30.39%;0.000004;0.000031;0.000002;0.000002210824;true;false;1;15;1.000000;0.000000;8.000;11996.958647403486
nonconvex_bnb_cgal;168;0;58;237;45498860587450346338640168440823808;7066;1;7033;32;1621;5413;1;38.634;262;370;1375.024941005653;1375.023464299024;1375.023464299024;0.000107;0.000000;76.954791;4.359038;219.781250;0.004663;4.41%;0.000604;0.57%;0.100502;95.02%;0.075554;71.43%;0.000015;0.075272;0.000267;0.000010692601;true;false;7;1620;0.999983;0.023260;38.658;9729171.422047177330
nonconvex_bnb_cgal;169;0;39;162;346657985428193280000000;15952;1;15759;192;3901;11859;1;26.743;160;247;799.159990411636;799.155943295826;799.155943295826;0.000506;0.000000;75.247462;4.089208;82.078125;0.005225;3.62%;0.000378;0.26%;0.138835;96.12%;0.103068;71.36%;0.000010;0.102105;0.000953;0.000006461111;true;false;6;3900;0.999975;0.020370;26.750;12792386.694515598938
nonconvex_bnb_cgal;170;0;15;66;1219276800;409;1;396;12;109;288;1;10.119;67;96;692.740904417566;692.740904408493;692.740904408493;0.000000;0.000000;72.544081;3.752294;33.000000;0.002273;62.46%;0.000206;5.65%;0.001161;31.90%;0.000852;23.41%;0.000004;0.000827;0.000021;0.000002082954;true;false;8;108;0.999930;0.048176;10.213;288518.477034251904
nonconvex_bnb_cgal;171;0;60;60;1;62;1;60;1;61;0;1;30.000;333;333;164750.846035600058;164749.886957006180;164749.886957006180;0.000582;0.000000;0.000000;1.016393;60.000000;0.000736;48.22%;0.000153;10.04%;0.000637;41.75%;0.000472;30.94%;0.000019;0.000446;0.000008;0.000007617016;true;false;1;60;1.000000;0.000000;30.500;10214492.991334393620
nonconvex_bnb_cgal;172;0;30;49;110592;397;1;380;16;249;132;1;20.956;120;135;1342.719955313575;1342.702133798584;1342.702133798584;0.001327;0.000000;34.645669;1.594378;23.750000;0.000321;5.43%;0.000070;1.18%;0.005516;93.38%;0.004220;71.44%;0.000009;0.004068;0.000143;0.000010629985;true;false;4;248;1.000000;0.000000;21.040;534157.338140108041
nonconvex_bnb_cgal;173;0;50;50;1;52;1;50;1;51;0;1;25.000;279;279;23017954.071911279112;23017333.220948312432;23017333.220948312432;0.002697;0.000000;0.000000;1.019608;50.000000;0.002264;51.09%;0.000284;6.40%;0.001883;42.51%;0.001611;36.37%;0.000030;0.001575;0.000006;0.000030985500;true;false;1;50;1.000000;0.000000;25.500;1196901327.489312648773
nonconvex_bnb_cgal;174;0;9;43;1200000;45;1;43;1;10;34;1;4.500;35;56;79.116275872205;79.116161677532;79.116161677532;0.000144;0.000000;77.272727;4.500000;43.000000;0.000603;75.75%;0.000084;10.56%;0.000109;13.68%;0.000081;10.20%;0.000003;0.000077;0.000001;0.000001805578;true;false;6;9;1.000000;0.000000;5.000;3647.896810624783
nonconvex_bnb_cgal;175;0;49;188;4549886058745036696920784896;2860;1;2795;64;728;2068;1;38.977;224;305;1104.495164569648;1104.494759840730;1104.494759840730;0.000037;0.000000;73.962804;3.928571;43.671875;0.007884;15.45%;0.000855;1.68%;0.042306;82.88%;0.031844;62.39%;0.000021;0.031308;0.000515;0.000011134374;true;false;7;727;0.999999;0.001607;39.030;3164647.891490892973
nonconvex_bnb_cgal;176;0;10;10;1;12;1;10;1;11;0;1;5.000;40;40;249.078049084491;248.813465978628;248.813465978628;0.106338;0.000000;0.000000;1.090909;10.000000;0.000078;62.77%;0.000015;12.43%;0.000031;24.80%;0.000024;19.04%;0.000004;0.000018;0.000002;0.000001961833;true;false;1;10;1.000000;0.000000;5.500;2985.761591743536
nonconvex_bnb_cgal;177;0;20;23;4;27;1;23;3;23;1;1;10.870;80;82;2406.006014173217;2405.975961972335;2405.975961972335;0.001249;0.000000;4.166667;1.173913;7.666667;0.000139;52.84%;0.000033;12.55%;0.000091;34.61%;0.000070;26.85%;0.000006;0.000056;0.000008;0.000002607889;true;false;4;22;1.000000;0.000000;11.364;64989.273882378264
nonconvex_bnb_cgal;178;0;15;36;24192;95;1;92;2;37;56;1;7.297;66;81;1300.984643927392;1300.978802295727;1300.978802295727;0.000449;0.000000;60.215054;2.567568;46.000000;0.000485;56.83%;0.000075;8.73%;0.000294;34.43%;0.000213;24.94%;0.000004;0.000206;0.000004;0.000002241611;true;false;7;36;0.999370;0.819109;7.500;124212.634097237169
nonconvex_bnb_cgal;179;0;10;20;36;68;1;61;6;48;14;1;6.354;41;47;564.182731524300;564.181653116450;564.181653116450;0.000191;0.000000;22.580645;1.416667;10.166667;0.000284;63.84%;0.000032;7.23%;0.000129;28.93%;0.000092;20.65%;0.000003;0.000081;0.000008;0.000001352250;true;false;9;47;0.999991;0.005033;6.489;38815.721772360863
nonconvex_bnb_cgal;180;0;35;35;1;37;1;35;1;36;0;1;17.500;192;192;62090.691436999063;62090.225278572645;62090.225278572645;0.000751;0.000000;0.000000;1.027778;35.000000;0.000432;52.82%;0.000089;10.91%;0.000296;36.27%;0.000226;27.62%;0.000013;0.000207;0.000006;0.000006101351;true;false;1;35;1.000000;0.000000;18.000;2297338.335307187866
nonconvex_bnb_cgal;181;0;60;144;194172854206464000;1544;1;1527;16;702;826;1;37.889;260;328;6155.723063628592;6155.695213234882;6155.695213234882;0.000452;0.000000;54.057592;2.199430;95.437500;0.002736;9.70%;0.000277;0.98%;0.025203;89.32%;0.014862;52.67%;0.000016;0.014705;0.000141;0.000009625567;true;false;8;701;1.000000;0.000000;37.943;9517630.359096029773
nonconvex_bnb_cgal;182;0;15;56;185794560;186;1;177;8;59;119;1;10.305;67;94;169.819039187585;169.818863960702;169.818863960702;0.000103;0.000000;66.853933;3.152542;22.125000;0.000968;55.99%;0.000132;7.63%;0.000629;36.38%;0.000482;27.86%;0.000006;0.000457;0.000019;0.000002590505;true;false;7;58;1.000000;0.000000;10.483;31829.018358785739
nonconvex_bnb_cgal;183;0;20;48;4147200;167;1;158;8;66;93;1;13.500;89;116;935.230306742195;935.218881374092;935.218881374092;0.001222;0.000000;58.490566;2.530303;19.750000;0.000777;52.29%;0.000095;6.42%;0.000614;41.29%;0.000443;29.82%;0.000006;0.000419;0.000018;0.000002654222;true;false;5;65;0.999958;0.039341;13.708;157431.884358475771
nonconvex_bnb_cgal;184;0;15;15;1;17;1;15;1;16;0;1;7.500;77;77;87901.224034999977;87898.282308814814;87898.282308814814;0.003347;0.000000;0.000000;1.062500;15.000000;0.000167;59.75%;0.000037;13.31%;0.000075;26.94%;0.000061;21.76%;0.000007;0.000051;0.000003;0.000003578471;true;false;1;15;1.000000;0.000000;8.000;1494270.799249851843
nonconvex_bnb_cgal;185;0;5;5;1;7;1;5;1;6;0;1;2.500;20;20;184.368733182305;184.342324972997;184.342324972997;0.014326;0.000000;0.000000;1.166667;5.000000;0.000032;65.12%;0.000007;15.00%;0.000010;19.88%;0.000007;13.98%;0.000002;0.000004;0.000001;0.000000988000;true;false;1;5;1.000000;0.000000;3.000;1290.396274810980
nonconvex_bnb_cgal;186;0;15;70;7464960000;1498;1;1489;8;346;1144;1;7.884;59;98;172.619394102266;172.619318812078;172.619318812078;0.000044;0.000000;76.778523;4.329480;186.125000;0.001070;17.30%;0.000158;2.55%;0.004959;80.15%;0.003585;57.95%;0.000004;0.003563;0.000018;0.000002393336;true;false;6;345;0.998351;0.284621;7.907;262016.978453055170
nonconvex_bnb_cgal;187;0;40;41;2;43;1;41;1;41;1;1;20.000;159;160;1831.138173424038;1831.103362204776;1831.103362204776;0.001901;0.000000;2.380952;1.048780;41.000000;0.000346;49.27%;0.000062;8.80%;0.000294;41.93%;0.000219;31.20%;0.000011;0.000204;0.000005;0.000005094047;true;false;2;40;1.000000;0.000000;20.500;78751.195091113361
nonconvex_bnb_cgal;188;0;25;25;1;27;1;25;1;26;0;1;12.500;134;134;12423529.534298375249;12423385.568544775248;12423385.568544775248;0.001159;0.000000;0.000000;1.038462;25.000000;0.000324;58.49%;0.000062;11.15%;0.000168;30.36%;0.000121;21.88%;0.000009;0.000109;0.000004;0.000004490778;true;false;1;25;1.000000;0.000000;13.000;335431410.350708842278
nonconvex_bnb_cgal;189;0;6;8;4;10;1;8;1;7;2;1;3.000;23;24;237.357714268538;237.343929906078;237.343929906078;0.005808;0.000000;22.222222;1.428571;8.000000;0.000032;56.01%;0.000010;17.10%;0.000015;26.89%;0.000009;15.79%;0.000002;0.000007;0.000001;0.000000908200;true;false;2;6;1.000000;0.000000;3.500;2404.354581371914
nonconvex_bnb_cgal;190;0;10;35;233280;88;1;85;2;27;59;1;5.630;46;68;104.093829028427;104.093053361868;104.093053361868;0.000745;0.000000;68.604651;3.259259;42.500000;0.000646;63.65%;0.000088;8.71%;0.000280;27.64%;0.000203;19.98%;0.000003;0.000196;0.000003;0.000002304034;true;false;5;26;0.996639;0.349824;5.846;9306.789292143476
nonconvex_bnb_cgal;191;0;30;117;229323571200000000;376;1;371;4;99;273;1;17.455;133;181;497.536988388894;497.535276863461;497.535276863461;0.000344;0.000000;73.387097;3.797980;92.750000;0.001985;36.99%;0.000273;5.08%;0.003109;57.93%;0.002358;43.93%;0.000010;0.002328;0.000020;0.000006270622;true;false;5;98;0.999980;0.009939;17.633;188061.131620520668
nonconvex_bnb_cgal;192;0;30;77;940369969152;806;1;733;72;344;390;1;24.299;132;162;1556.684569109636;1556.677446099651;1556.677446099651;0.000458;0.000000;53.133515;2.343023;10.180556;0.001026;17.44%;0.000152;2.58%;0.004705;79.98%;0.003505;59.58%;0.000010;0.003189;0.000306;0.000004348690;true;false;4;343;1.000000;0.000000;24.370;1257313.352153762942
nonconvex_bnb_cgal;193;0;30;30;1;32;1;30;1;31;0;1;15.000;161;161;48272.371004039211;48272.263716644935;48272.263716644935;0.000222;0.000000;0.000000;1.032258;30.000000;0.000439;59.65%;0.000075;10.21%;0.000222;30.14%;0.000165;22.41%;0.000011;0.000150;0.000004;0.000005154969;true;false;1;30;1.000000;0.000000;15.500;1544712.438932637218
nonconvex_bnb_cgal;194;0;10;42;84000;116;1;111;4;29;83;1;6.552;46;81;2246.551333241539;2246.551333241539;2246.515005700651;0.001617;0.001617;74.107143;4.000000;27.750000;0.004647;91.23%;0.000102;2.01%;0.000344;6.76%;0.000251;4.93%;0.000004;0.000240;0.000008;0.000002166328;true;false;12;28;0.999992;0.016866;6.786;266103.200871005422
nonconvex_bnb_cgal;195;0;60;60;1;62;1;60;1;61;0;1;30.000;335;335;688485.261225497117;688484.141392568825;688484.141392568825;0.000163;0.000000;0.000000;1.016393;60.000000;0.000876;51.47%;0.000154;9.04%;0.000672;39.49%;0.000499;29.35%;0.000018;0.000473;0.000008;0.000008054435;true;false;1;60;1.000000;0.000000;30.500;42686016.766339257360
nonconvex_bnb_cgal;196;0;50;119;1733686198272000;11320;1;10807;512;6205;4603;1;42.931;212;256;4847.095140159430;4847.088485759745;4847.088485759745;0.000137;0.000000;42.588823;1.824335;21.107422;0.001850;1.63%;0.000227;0.20%;0.111536;98.17%;0.083482;73.48%;0.000012;0.079806;0.003664;0.000007374778;true;false;7;6204;1.000000;0.000000;42.938;54923051.217537797987
nonconvex_bnb_cgal;197;0;40;71;12386304;273;1;256;16;160;97;1;29.000;167;196;2304.728269082765;2304.718376699203;2304.718376699203;0.000429;0.000000;37.743191;1.706250;16.000000;0.001439;32.24%;0.000117;2.63%;0.002908;65.13%;0.002105;47.15%;0.000010;0.001978;0.000116;0.000007709846;true;false;7;159;1.000000;0.000000;29.182;630039.512766401167
nonconvex_bnb_cgal;198;0;40;88;521838526464;697;1;692;4;319;374;1;23.411;209;273;3203.328212221475;3203.306729536163;3203.306729536163;0.000671;0.000000;53.968254;2.184953;173.000000;0.003140;35.82%;0.000262;2.98%;0.005363;61.19%;0.003827;43.67%;0.000011;0.003796;0.000020;0.000005490788;true;false;6;318;0.999839;0.515857;23.484;2236002.910191737115
nonconvex_bnb_cgal;199;0;39;155;75229597532160000000000;1175;1;1158;16;299;860;1;26.127;173;258;788.213141027633;788.212329921292;788.212329921292;0.000103;0.000000;74.201898;3.929766;72.375000;0.004413;29.35%;0.000611;4.07%;0.010012;66.58%;0.007274;48.37%;0.000011;0.007183;0.000080;0.000006190302;true;false;6;298;0.999942;0.045387;26.215;928899.749649192789
nonconvex_bnb_cgal;200;0;15;31;1728;63;1;58;4;30;29;1;10.100;61;73;579.808281362787;579.803871025258;579.803871025258;0.000761;0.000000;49.152542;2.100000;14.500000;0.000841;78.38%;0.000044;4.06%;0.000188;17.56%;0.000133;12.36%;0.000004;0.000122;0.000007;0.000002104397;true;false;6;29;1.000000;0.000000;10.448;36762.373321705309
nonconvex_bnb_cgal;201;0;20;64;221184000;844;1;811;32;275;537;1;14.400;97;147;1997.793219096755;1997.792530142603;1997.792530142603;0.000034;0.000000;66.133005;3.069091;25.343750;0.004191;53.49%;0.000166;2.12%;0.003478;44.38%;0.002605;33.25%;0.000007;0.002508;0.000091;0.000003086684;true;false;8;274;0.999990;0.019954;14.453;1691188.779319452588
nonconvex_bnb_cgal;202;0;20;75;101921587200;221;1;214;6;60;155;1;9.600;94;138;330.837310112585;330.829584619338;330.829584619338;0.002335;0.000000;72.093023;3.683333;35.666667;0.002180;61.53%;0.000283;7.99%;0.001080;30.48%;0.000776;21.89%;0.000009;0.000751;0.000015;0.000003509624;true;false;6;59;0.999598;0.133029;9.763;73706.757152539562
nonconvex_bnb_cgal;203;0;20;20;1;22;1;20;1;21;0;1;10.000;104;104;9586859.891923341900;9586611.217315699905;9586611.217315699905;0.002594;0.000000;0.000000;1.047619;20.000000;0.000269;63.84%;0.000046;11.02%;0.000106;25.14%;0.000083;19.80%;0.000007;0.000074;0.000003;0.000003793364;true;false;1;20;1.000000;0.000000;10.500;210905446.780945450068
nonconvex_bnb_cgal;204;0;40;240;1609134714415742976000;2968;1;2895;72;701;2195;1;32.288;205;308;6102.376598859107;6102.352028725874;6102.352028725874;0.000403;0.000000;75.794199;4.233951;40.208333;0.512975;95.60%;0.000868;0.16%;0.022723;4.23%;0.016076;3.00%;0.000011;0.015694;0.000371;0.000005416340;true;false;82;700;1.000000;0.002181;32.334;18168260.514627698809
nonconvex_bnb_cgal;205;0;20;77;142690222080;2596;1;2591;4;526;2066;1;13.262;87;124;264.249735099876;264.249733412031;264.249733412031;0.000001;0.000000;79.706790;4.935361;647.750000;0.001472;9.37%;0.000184;1.17%;0.014062;89.46%;0.010702;68.09%;0.000006;0.010678;0.000019;0.000004122523;true;false;7;525;0.999361;0.168965;13.288;691484.022134740604
nonconvex_bnb_cgal;206;0;50;64;2160;66;1;64;1;51;14;1;25.000;200;213;4885.060373256253;4885.059405196390;4885.059405196390;0.000020;0.000000;21.538462;1.294118;64.000000;0.000549;49.31%;0.000090;8.09%;0.000475;42.60%;0.000361;32.37%;0.000012;0.000343;0.000006;0.000005465833;true;false;5;50;1.000000;0.000000;25.500;322577.502316393540
nonconvex_bnb_cgal;207;0;40;49;192;51;1;49;1;41;9;1;20.000;164;172;2370.188650712720;2370.143719925253;2370.143719925253;0.001896;0.000000;18.000000;1.243902;49.000000;0.000509;53.95%;0.000077;8.17%;0.000357;37.88%;0.000284;30.16%;0.000010;0.000269;0.000005;0.000005574392;true;false;4;40;1.000000;0.000000;20.500;120973.104233657810
nonconvex_bnb_cgal;208;0;39;160;180592312320000000000000;2198;1;2165;32;555;1611;1;26.587;179;256;780.936667040948;780.935384591832;780.935384591832;0.000164;0.000000;74.376731;3.960360;67.656250;0.003009;10.88%;0.000405;1.47%;0.024230;87.65%;0.018123;65.56%;0.000011;0.017924;0.000189;0.000008245434;true;false;7;554;0.999993;0.005218;26.635;1721904.857049617218
nonconvex_bnb_cgal;209;0;58;229;2934551586218920679368561610719232;47601;1;45872;1728;16302;29571;1;52.401;277;392;1649.902105349157;1649.899948658445;1649.899948658445;0.000131;0.000000;64.462756;2.919948;26.546296;0.004272;0.69%;0.000598;0.10%;0.611308;99.21%;0.458795;74.46%;0.000017;0.438844;0.019934;0.000009638356;true;false;7;16301;1.000000;0.000184;52.404;78634943.002144291997
nonconvex_bnb_cgal;210;0;60;147;17332899271409664000;22965;1;21940;1024;11054;10887;1;52.748;253;334;6584.751616192621;6584.750696276539;6584.750696276539;0.000014;0.000000;49.619434;2.077528;21.425781;0.003299;1.32%;0.000309;0.12%;0.246469;98.56%;0.180577;72.21%;0.000011;0.171913;0.008653;0.000007863141;true;false;6;11053;1.000000;0.000004;52.753;151311113.641341269016
nonconvex_bnb_cgal;211;0;15;15;1;17;1;15;1;16;0;1;7.500;60;60;548.928244383694;548.899077864614;548.899077864614;0.005314;0.000000;0.000000;1.062500;15.000000;0.000202;59.10%;0.000041;12.03%;0.000099;28.87%;0.000074;21.52%;0.000005;0.000065;0.000004;0.000004333294;true;false;1;15;1.000000;0.000000;8.000;9331.284323698432
nonconvex_bnb_cgal;212;0;49;197;43139660408841830400000000000;4915;1;4898;16;1297;3602;1;36.871;228;317;1252.589425804139;1252.588814353741;1252.588814353741;0.000049;0.000000;73.525209;3.789514;306.125000;0.005912;10.78%;0.000462;0.84%;0.048489;88.38%;0.035068;63.92%;0.000014;0.034947;0.000106;0.000007134835;true;false;8;1296;0.999983;0.021564;36.900;6168016.654553812928
nonconvex_bnb_cgal;213;0;30;122;687970713600000000;373;1;356;16;105;252;1;23.438;135;192;528.221891670044;528.213980616845;528.213980616845;0.001498;0.000000;70.588235;3.552381;22.250000;0.002539;51.59%;0.000313;6.35%;0.002070;42.06%;0.001584;32.19%;0.000009;0.001510;0.000065;0.000004246434;true;false;6;104;0.999970;0.015648;23.663;197755.885853781743
nonconvex_bnb_cgal;214;0;60;82;1327104;2630;1;2501;128;1951;551;1;46.986;241;261;5663.541758462284;5663.524285584219;5663.524285584219;0.000309;0.000000;22.022382;1.348027;19.539062;0.000582;2.50%;0.000117;0.50%;0.022578;97.00%;0.016100;69.16%;0.000013;0.015336;0.000751;0.000006121484;true;false;3;1950;1.000000;0.000000;47.010;14902148.528635732830
nonconvex_bnb_cgal;215;0;30;135;47719177519104000;500;1;481;18;95;387;1;23.474;130;211;2370.373209821430;2370.373200783902;2370.373200783902;0.000000;0.000000;80.290456;5.263158;26.722222;0.004984;64.09%;0.000448;5.76%;0.002345;30.15%;0.001758;22.61%;0.000007;0.001693;0.000058;0.000003516138;true;false;13;94;0.999998;0.003940;23.723;1193143.811190576060
nonconvex_bnb_cgal;216;0;5;23;1680;31;1;28;2;8;21;1;3.000;22;30;51.782258202454;51.782243994921;51.782243994921;0.000027;0.000000;72.413793;3.875000;14.000000;0.000361;79.83%;0.000046;10.21%;0.000045;9.97%;0.000032;6.99%;0.000001;0.000029;0.000001;0.000001018871;true;false;7;7;1.000000;0.000000;3.429;1666.602263653014
nonconvex_bnb_cgal;217;0;5;14;144;17;1;14;2;7;8;1;2.857;27;32;48.883265909205;48.883260646478;48.883260646478;0.000011;0.000000;53.333333;2.428571;7.000000;0.000255;81.59%;0.000033;10.62%;0.000024;7.79%;0.000016;5.15%;0.000001;0.000013;0.000001;0.000000946000;true;false;4;6;1.000000;0.000000;3.333;860.705843831250
nonconvex_bnb_cgal;218;0;40;252;22610630377644452936795086127104;1083;1;1074;8;179;896;1;23.631;203;346;2770.291820370940;2770.287246795718;2770.287246795718;0.000165;0.000000;83.348837;6.050279;134.250000;0.049771;84.14%;0.001340;2.27%;0.008039;13.59%;0.005834;9.86%;0.000012;0.005784;0.000039;0.000005387146;true;false;11;178;0.999989;0.029822;23.764;3012525.729399127420
nonconvex_bnb_cgal;219;0;5;5;1;7;1;5;1;6;0;1;2.500;20;20;133.532204309664;133.446614033484;133.446614033484;0.064138;0.000000;0.000000;1.166667;5.000000;0.000060;75.51%;0.000008;9.55%;0.000012;14.93%;0.000009;10.87%;0.000002;0.000005;0.000001;0.000001226000;true;false;1;5;1.000000;0.000000;3.000;934.126298234387
nonconvex_bnb_cgal;220;0;30;30;1;32;1;30;1;31;0;1;15.000;159;159;67558.101736731856;67557.801094965514;67557.801094965514;0.000445;0.000000;0.000000;1.032258;30.000000;0.000414;16.31%;0.000070;2.77%;0.002054;80.92%;0.000327;12.87%;0.000010;0.000304;0.000012;0.000010207125;true;false;1;30;1.000000;0.000000;15.500;2161849.635038896929
nonconvex_bnb_cgal;221;0;10;15;24;18;1;15;2;12;4;1;5.417;41;47;219.283595707039;219.206848828252;219.206848828252;0.035011;0.000000;25.000000;1.500000;7.500000;0.000237;53.62%;0.000044;10.04%;0.000160;36.34%;0.000144;32.52%;0.000105;0.000035;0.000003;0.000007974444;true;false;3;11;1.000000;0.000000;5.909;3966.884582738981
nonconvex_bnb_cgal;222;0;30;110;7223692492800000;494;1;481;12;151;331;1;21.497;135;222;1403.514099454000;1403.477692781653;1403.477692781653;0.002594;0.000000;68.672199;3.271523;40.083333;0.006739;50.33%;0.000551;4.11%;0.006099;45.56%;0.005266;39.33%;0.000011;0.005200;0.000055;0.000010659421;true;false;8;150;0.999999;0.000723;21.640;696072.949248317978
nonconvex_bnb_cgal;223;0;30;130;4994157772800000000;1040;1;1027;12;243;785;1;18.815;141;189;472.503163269662;472.502592300117;472.502592300117;0.000121;0.000000;76.361868;4.279835;85.583333;0.004496;30.44%;0.000599;4.05%;0.009676;65.51%;0.007400;50.10%;0.000015;0.007343;0.000042;0.000007115510;true;false;7;242;0.999965;0.016583;18.893;493693.314011952723
nonconvex_bnb_cgal;224;0;10;37;276480;581;1;556;24;166;391;1;6.542;42;68;120.437937490641;120.432593465711;120.432593465711;0.004437;0.000000;70.197487;3.500000;23.166667;0.000727;26.25%;0.000211;7.62%;0.001832;66.13%;0.001361;49.13%;0.000007;0.001313;0.000041;0.000002343036;true;false;6;165;0.999320;0.081934;6.582;70947.546128139875
nonconvex_bnb_cgal;225;0;50;234;15574649969317867683840000000;206140;1;194043;12096;59355;134689;2;41.685;227;337;7959.612901459928;7959.612452891998;7959.607772583354;0.000064;0.000059;69.411577;3.473001;16.041915;0.105037;4.41%;0.000857;0.04%;2.276047;95.55%;1.729695;72.62%;0.000014;1.633017;0.096663;0.000008390874;true;false;26;59354;1.000000;0.000591;41.686;1643964353.986994743347
nonconvex_bnb_cgal;226;0;48;204;361102068154368014018773254144;352061;1;348988;3072;91654;257335;1;36.518;190;310;1215.774216270121;1215.772979840041;1215.772979840041;0.000102;0.000000;73.737281;3.841196;113.602865;0.006411;0.15%;0.000505;0.01%;4.297373;99.84%;3.219166;74.79%;0.000013;3.193368;0.025785;0.000009143773;true;false;6;91653;0.999915;0.103904;36.518;428686088.211612701416
nonconvex_bnb_cgal;227;0;10;35;184320;146;1;133;12;50;84;1;6.980;43;65;74.372563750414;74.367040070031;74.367040070031;0.007428;0.000000;62.686567;2.920000;11.083333;0.000540;55.85%;0.000077;8.00%;0.000350;36.15%;0.000269;27.75%;0.000004;0.000247;0.000018;0.000001839336;true;false;5;49;1.000000;0.000000;7.122;11014.426439047347
nonconvex_bnb_cgal;228;0;30;127;2089711042560000000;15028;1;15011;16;3597;11415;1;22.704;124;183;514.689210584565;514.688887702887;514.688887702887;0.000063;0.000000;76.039169;4.177926;938.187500;0.002036;1.89%;0.000289;0.27%;0.105564;97.84%;0.076794;71.18%;0.000008;0.076704;0.000082;0.000005110076;true;false;6;3596;0.999738;0.134963;22.711;7764873.057182796299
nonconvex_bnb_cgal;229;0;49;211;1651440125025976451666517426176;10748;1;10363;384;2643;7721;1;42.130;228;318;1087.412079997059;1087.408358427255;1087.408358427255;0.000342;0.000000;74.498263;4.066591;26.986979;0.003536;3.14%;0.000505;0.45%;0.108593;96.41%;0.082740;73.46%;0.000013;0.080140;0.002588;0.000007698191;true;false;7;2642;0.999993;0.007433;42.146;11704425.296806106344
nonconvex_bnb_cgal;230;0;50;52;4;54;1;52;1;51;2;1;25.000;202;204;4299.271678419502;4299.240292865046;4299.240292865046;0.000730;0.000000;3.773585;1.058824;52.000000;0.000214;17.32%;0.000073;5.91%;0.000950;76.76%;0.000875;70.67%;0.000010;0.000860;0.000005;0.000016201389;true;false;2;50;1.000000;0.000000;25.500;232220.679901285243
nonconvex_bnb_cgal;231;0;9;16;20;34;1;30;3;20;11;1;5.750;42;52;572.004343780034;572.004343780034;572.003834075037;0.000089;0.000089;35.483871;1.700000;10.000000;0.003779;93.06%;0.000073;1.80%;0.000209;5.14%;0.000160;3.94%;0.000014;0.000137;0.000009;0.000004703382;true;false;5;19;0.999999;0.000295;6.053;19899.648012778645
nonconvex_bnb_cgal;232;0;5;17;384;22;1;17;4;9;9;0;3.333;23;31;47.380633772904;47.380633772904;47.380633772904;0.000000;0.000000;50.000000;2.444444;4.250000;0.004543;98.53%;0.000037;0.80%;0.000031;0.66%;0.000021;0.46%;0.000002;0.000017;0.000003;0.000000960227;true;false;4;8;0.999949;0.002402;3.750;1091.909307496513
nonconvex_bnb_cgal;233;0;30;90;9287604633600;15262;1;13725;1536;7016;6710;1;25.900;124;177;1392.715774876724;1392.714224051479;1392.714224051479;0.000111;0.000000;48.885327;2.175314;8.935547;0.001372;1.24%;0.000199;0.18%;0.109491;98.59%;0.077574;69.85%;0.000007;0.071841;0.005726;0.000005082849;true;false;6;7015;0.999975;0.035190;25.903;21307518.372893482447
nonconvex_bnb_cgal;234;0;10;63;17563392;7654;1;7253;400;1742;5512;1;8.210;42;69;649.277113303256;649.277113303256;648.977733410531;0.046131;0.046131;75.985663;4.393800;18.132500;0.001350;4.39%;0.000183;0.59%;0.029220;95.01%;0.021900;71.21%;0.000004;0.017575;0.004321;0.000002861190;true;false;11;1741;0.999978;0.014547;8.214;5107864.130740441382
nonconvex_bnb_cgal;235;0;40;53;3072;213;1;204;8;165;40;1;22.624;163;177;2573.207826158141;2573.167600885744;2573.167600885744;0.001563;0.000000;19.512195;1.290909;25.500000;0.000406;11.29%;0.000080;2.22%;0.003113;86.49%;0.002791;77.54%;0.000010;0.002747;0.000034;0.000013101329;true;false;4;164;1.000000;0.000000;22.762;548350.739373988123
nonconvex_bnb_cgal;236;0;20;57;119439360;517;1;492;24;188;305;1;14.590;88;119;1174.919498375033;1174.919498375033;1174.917801173849;0.000144;0.000144;61.866126;2.750000;20.500000;0.000927;9.71%;0.000126;1.32%;0.008491;88.97%;0.001898;19.89%;0.000005;0.001825;0.000069;0.000003671809;true;false;5;187;1.000000;0.000227;14.668;611639.076317774015
nonconvex_bnb_cgal;237;0;5;20;900;34;1;29;4;11;19;0;3.364;19;33;49.474671124286;49.474671124286;49.474671124286;0.000000;0.000000;63.333333;3.090909;7.250000;0.000364;77.30%;0.000046;9.83%;0.000061;12.87%;0.000041;8.66%;0.000002;0.000036;0.000003;0.000001199765;true;false;5;10;0.999956;0.002193;3.700;1728.816597523844
nonconvex_bnb_cgal;238;0;50;79;26542080;3299;1;3202;96;2190;1013;1;37.959;213;230;7246.531709744330;7246.516646579650;7246.516646579650;0.000208;0.000000;31.626600;1.506393;33.354167;0.000699;1.85%;0.000130;0.34%;0.036898;97.80%;0.030455;80.72%;0.000014;0.029759;0.000682;0.000009231532;true;false;5;2189;1.000000;0.000000;37.976;23919159.056309245527
nonconvex_bnb_cgal;239;0;60;98;265420800;120;1;115;4;75;41;1;34.787;241;275;8262.197487242327;8262.196448450335;8262.196448450335;0.000013;0.000000;35.344828;1.600000;28.750000;0.001378;55.77%;0.000149;6.03%;0.000944;38.20%;0.000740;29.97%;0.000012;0.000706;0.000022;0.000006169800;true;false;10;74;0.999999;0.011285;35.257;992837.476439061924
nonconvex_bnb_cgal;240;0;5;6;2;8;1;6;1;6;1;0;2.500;22;25;306.899516003421;306.899516003421;306.899516003421;0.000000;0.000000;14.285714;1.333333;6.000000;0.000060;73.82%;0.000010;12.91%;0.000011;13.27%;0.000008;9.78%;0.000002;0.000005;0.000001;0.000000994750;true;false;2;5;1.000000;0.000000;3.000;2456.330981082664
nonconvex_bnb_cgal;241;0;50;220;23136627628523519896559470772224;1000000;1;994239;5760;224364;769868;1;39.888;227;322;1250.424130539009;1250.423035353704;1250.423035353704;0.000088;0.000000;77.433436;4.457043;172.610938;0.013872;0.12%;0.001220;0.01%;11.360731;99.87%;8.620194;75.78%;0.000016;8.568786;0.051393;0.000008620194;false;false;6;224371;0.999985;0.019346;39.888;1253230605.167477130890
nonconvex_bnb_cgal;242;0;30;131;5992989327360000000;7808;1;7799;8;1881;5919;1;20.426;136;188;582.308212118012;582.307811225815;582.307811225815;0.000069;0.000000;75.884615;4.150984;974.875000;0.005866;8.36%;0.000315;0.45%;0.064028;91.20%;0.044291;63.08%;0.000010;0.044245;0.000036;0.000005672574;true;false;7;1880;0.999802;0.115179;20.437;4564198.481464825571
nonconvex_bnb_cgal;243;0;40;40;1;42;1;40;1;41;0;1;20.000;160;160;1975.572833954900;1975.507532713130;1975.507532713130;0.003306;0.000000;0.000000;1.024390;40.000000;0.000284;47.71%;0.000060;10.05%;0.000251;42.25%;0.000191;32.13%;0.000009;0.000177;0.000004;0.000004546643;true;false;1;40;1.000000;0.000000;20.500;82971.316373951457
nonconvex_bnb_cgal;244;0;60;60;1;62;1;60;1;61;0;1;30.000;240;240;3219.007954965611;3218.964317192215;3218.964317192215;0.001356;0.000000;0.000000;1.016393;60.000000;0.000198;24.31%;0.000085;10.39%;0.000533;65.30%;0.000415;50.87%;0.000015;0.000393;0.000006;0.000006696242;true;false;1;60;1.000000;0.000000;30.500;199575.787665917276
nonconvex_bnb_cgal;245;0;40;40;1;42;1;40;1;41;0;1;20.000;160;160;2239.434976200114;2239.408623388334;2239.408623388334;0.001177;0.000000;0.000000;1.024390;40.000000;0.000319;51.01%;0.000053;8.54%;0.000253;40.45%;0.000190;30.39%;0.000009;0.000177;0.000004;0.000004524833;true;false;1;40;1.000000;0.000000;20.500;94055.162182309985
nonconvex_bnb_cgal;246;0;45;45;1;47;1;45;1;46;0;1;22.500;249;249;19280039.804342914373;19279907.455231498927;19279907.455231498927;0.000686;0.000000;0.000000;1.021739;45.000000;0.000558;50.82%;0.000116;10.60%;0.000424;38.58%;0.000314;28.55%;0.000014;0.000294;0.000006;0.000006671936;true;false;1;45;1.000000;0.000000;23.000;906155650.395881175995
nonconvex_bnb_cgal;247;0;20;32;972;53;1;50;2;34;17;1;11.529;86;101;697.336645800975;697.329481533019;697.329481533019;0.001027;0.000000;33.333333;1.558824;25.000000;0.000319;50.40%;0.000055;8.65%;0.000259;40.95%;0.000202;31.92%;0.000008;0.000189;0.000006;0.000003811396;true;false;3;33;0.999994;0.004333;11.879;37165.345030890654
nonconvex_bnb_cgal;248;0;50;498;25757841772595691137337441340190883840;76108;1;76107;0;8488;67620;0;14.492;250;381;14927.731812311467;14927.731812311467;14927.731812311467;0.000000;0.000000;88.847427;8.966541;0.000000;0.752828;46.32%;0.003174;0.20%;0.869423;53.49%;0.625286;38.47%;0.000012;0.625273;0.000000;0.000008215766;true;false;45;8487;0.999847;2.280797;14.494;1142387991.673241376877
nonconvex_bnb_cgal;249;0;20;90;5374771200000;145;1;142;2;33;110;0;11.636;83;125;303.032019036361;303.032019036361;303.032019036361;0.000000;0.000000;76.923077;4.393939;71.000000;0.002176;56.96%;0.000382;10.00%;0.001262;33.04%;0.000986;25.82%;0.000010;0.000965;0.000012;0.000006800269;true;false;6;32;1.000000;0.000000;12.000;44195.930083954139
nonconvex_bnb_cgal;250;0;59;253;2201416870663198586724659175423475712;474356;1;470259;4096;116179;354081;1;47.679;256;387;1646.500058125042;1646.499726519440;1646.499726519440;0.000020;0.000000;75.294731;4.082975;114.809326;0.008025;0.12%;0.001906;0.03%;6.433967;99.85%;4.644500;72.08%;0.000026;4.603627;0.040847;0.000009791169;true;false;8;116178;0.999953;0.077474;47.679;782186751.404726147652
nonconvex_bnb_cgal;251;0;40;159;252771447708057600000000;2417;1;2392;24;638;1755;1;25.881;180;261;833.454913443047;833.453538691005;833.453538691005;0.000165;0.000000;73.338905;3.788401;99.666667;0.008179;25.22%;0.000401;1.23%;0.023857;73.55%;0.016814;51.84%;0.000011;0.016621;0.000182;0.000006956638;true;false;7;637;0.999967;0.027914;25.922;2019911.556810682407
nonconvex_bnb_cgal;252;0;5;8;6;10;1;8;1;6;3;1;2.500;23;24;399.616780383708;399.604478416272;399.604478416272;0.003079;0.000000;33.333333;1.666667;8.000000;0.000071;70.15%;0.000015;14.29%;0.000016;15.56%;0.000011;10.89%;0.000002;0.000008;0.000001;0.000001108300;true;false;3;5;1.000000;0.000000;3.000;4054.923629000334
nonconvex_bnb_cgal;253;0;50;90;190080;166;1;162;3;83;80;1;31.747;199;216;4439.477010192228;4439.475852010473;4439.475852010473;0.000026;0.000000;49.079755;2.000000;54.000000;0.000942;41.16%;0.000124;5.43%;0.001222;53.42%;0.000903;39.45%;0.000013;0.000874;0.000016;0.000005438747;true;false;11;82;1.000000;0.000000;32.134;739335.518751921132
nonconvex_bnb_cgal;254;0;40;159;170428288034930688000000;1374;1;1361;12;347;1015;1;20.213;197;259;862.233382311040;862.232476346706;862.232476346706;0.000105;0.000000;74.522761;3.959654;113.416667;0.005126;29.49%;0.000706;4.06%;0.011551;66.45%;0.008662;49.83%;0.000023;0.008570;0.000070;0.000006304311;true;false;7;346;0.999973;0.023440;20.272;1187859.270690713078
nonconvex_bnb_cgal;255;0;20;84;1358954496000;428;1;411;16;110;302;1;15.064;97;130;273.653154010842;273.641501048258;273.641501048258;0.004258;0.000000;73.300971;3.890909;25.687500;0.001545;45.28%;0.000209;6.13%;0.001658;48.60%;0.001231;36.09%;0.000006;0.001182;0.000043;0.000002876421;true;false;6;109;0.999996;0.000967;15.202;117894.799975230853
nonconvex_bnb_cgal;256;0;60;71;1536;77;1;74;2;65;10;1;31.754;239;250;5289.609284529187;5289.601263280501;5289.601263280501;0.000152;0.000000;13.333333;1.184615;37.000000;0.000303;27.94%;0.000100;9.17%;0.000683;62.89%;0.000521;47.97%;0.000014;0.000494;0.000013;0.000006765195;true;false;3;64;1.000000;0.000000;32.250;407375.630257965240
nonconvex_bnb_cgal;257;0;30;30;1;32;1;30;1;31;0;1;15.000;163;163;12959720.137467026711;12959367.895221127197;12959367.895221127197;0.002718;0.000000;0.000000;1.032258;30.000000;0.000383;55.17%;0.000077;11.09%;0.000235;33.74%;0.000186;26.80%;0.000012;0.000170;0.000005;0.000005821594;true;false;1;30;1.000000;0.000000;15.500;414699772.647075831890
nonconvex_bnb_cgal;258;0;30;152;12775777394688000000;9368;1;9142;225;2122;7021;2;24.095;136;195;2197.125927046098;2197.125927046098;2197.103358466961;0.001027;0.001027;76.790988;4.414703;40.631111;0.010002;17.29%;0.000510;0.88%;0.047330;81.83%;0.034376;59.43%;0.000008;0.033582;0.000786;0.000003669486;true;false;11;2121;0.999999;0.001453;24.106;20672326.926357470453
nonconvex_bnb_cgal;259;0;28;121;226748160000000000;716;1;703;12;178;526;1;19.567;125;169;566.126297818236;566.125973837661;566.125973837661;0.000057;0.000000;74.715909;4.022472;58.583333;0.002148;34.07%;0.000268;4.26%;0.003887;61.67%;0.002741;43.48%;0.000010;0.002688;0.000043;0.000003828279;true;false;6;177;0.999998;0.001242;19.678;406695.529278157745
nonconvex_bnb_cgal;260;0;10;41;1080000;133;1;123;9;37;87;1;7.703;42;60;92.553891305953;92.552508828200;92.552508828200;0.001494;0.000000;70.161290;3.594595;13.666667;0.000578;59.00%;0.000082;8.37%;0.000320;32.63%;0.000220;22.48%;0.000003;0.000205;0.000013;0.000001656000;true;false;5;36;1.000000;0.000000;7.917;12685.037659688371
nonconvex_bnb_cgal;261;0;15;28;2304;76;1;72;3;44;29;1;8.136;63;73;444.178332354601;444.171480785668;444.171480785668;0.001543;0.000000;39.726027;1.727273;24.000000;0.000268;49.24%;0.000047;8.69%;0.000229;42.07%;0.000176;32.36%;0.000005;0.000166;0.000006;0.000002319118;true;false;4;43;1.000000;0.000000;8.326;33911.279316088621
nonconvex_bnb_cgal;262;0;60;117;100306130042880;61809;1;59760;2048;39688;20073;1;45.914;241;293;4699.049598718110;4699.029779933579;4699.029779933579;0.000422;0.000000;33.588795;1.557373;29.179688;0.001020;0.16%;0.000190;0.03%;0.639819;99.81%;0.474015;73.95%;0.000013;0.459214;0.014787;0.000007669026;true;false;5;39687;1.000000;0.000000;45.915;290741361.637006044388
nonconvex_bnb_cgal;263;0;30;66;23887872;247;1;238;8;110;129;1;21.345;131;154;3347.908317600143;3347.882106099825;3347.882106099825;0.000783;0.000000;53.974895;2.245455;29.750000;0.001151;45.48%;0.000144;5.70%;0.001235;48.82%;0.000936;37.02%;0.000008;0.000900;0.000028;0.000003791304;true;false;8;109;0.999994;0.021335;21.541;828910.924956558971
nonconvex_bnb_cgal;264;0;15;65;2764800000;411;1;406;4;102;305;0;11.480;63;91;195.563519819257;195.563519819257;195.563519819257;0.000000;0.000000;74.938575;4.029412;101.500000;0.000917;40.97%;0.000132;5.88%;0.001189;53.14%;0.000900;40.22%;0.000004;0.000888;0.000008;0.000002190190;true;false;6;101;0.999349;0.127310;11.594;81555.546445697270
nonconvex_bnb_cgal;265;0;40;55;2880;144;1;135;8;111;25;1;27.568;160;171;2631.822355802605;2631.802640199388;2631.802640199388;0.000749;0.000000;18.382353;1.297297;16.875000;0.000524;34.69%;0.000077;5.08%;0.000910;60.23%;0.000677;44.78%;0.000010;0.000634;0.000033;0.000004701111;true;false;5;110;0.999999;0.003096;27.818;379204.141939687368
nonconvex_bnb_cgal;266;0;4;6;4;8;1;6;1;5;2;1;2.000;16;18;70.661789074217;70.653270955937;70.653270955937;0.012056;0.000000;28.571429;1.600000;6.000000;0.000050;69.17%;0.000009;11.84%;0.000014;18.99%;0.000011;14.48%;0.000002;0.000007;0.000001;0.000001317875;true;false;2;4;1.000000;0.000000;2.500;584.967451978445
nonconvex_bnb_cgal;267;0;15;51;63700992;101;1;98;2;31;68;1;7.742;69;90;173.962342248335;173.962201879774;173.962201879774;0.000081;0.000000;68.686869;3.258065;49.000000;0.000886;66.78%;0.000124;9.33%;0.000317;23.90%;0.000240;18.06%;0.000005;0.000231;0.000004;0.000002372099;true;false;4;30;0.999802;0.034393;8.000;17760.313680455452
nonconvex_bnb_cgal;268;0;20;21;2;23;1;21;1;21;1;1;10.000;88;90;1258.142250417750;1258.117389237327;1258.117389237327;0.001976;0.000000;4.545455;1.095238;21.000000;0.000152;55.20%;0.000037;13.53%;0.000086;31.27%;0.000063;23.03%;0.000006;0.000055;0.000003;0.000002750043;true;false;2;20;1.000000;0.000000;10.500;28947.494399953925
nonconvex_bnb_cgal;269;0;5;23;1500;25;1;23;1;6;18;1;2.500;23;41;168.286407826674;168.281746989226;168.281746989226;0.002770;0.000000;75.000000;4.166667;23.000000;0.000986;88.09%;0.000071;6.37%;0.000062;5.54%;0.000050;4.49%;0.000003;0.000046;0.000002;0.000002009920;true;false;6;5;1.000000;0.000000;3.000;4362.548066600481
nonconvex_bnb_cgal;270;0;10;39;622080;62;1;59;2;18;42;1;5.778;42;61;83.787754925728;83.787361448080;83.787361448080;0.000470;0.000000;70.000000;3.444444;29.500000;0.000621;70.10%;0.000087;9.86%;0.000178;20.04%;0.000139;15.72%;0.000004;0.000133;0.000003;0.000002247355;true;false;6;17;0.999696;0.025501;6.118;5280.053551603224
nonconvex_bnb_cgal;271;0;46;182;986049380773527552000000000;5971;1;5586;384;1693;3894;2;40.246;203;284;911.359893865869;911.358291596227;911.358192124088;0.000187;0.000011;69.697512;3.526875;14.546875;0.002743;5.82%;0.000412;0.87%;0.043935;93.30%;0.032731;69.51%;0.000013;0.030720;0.001999;0.000005481694;true;false;6;1692;0.999999;0.000507;40.270;5453255.877680299804
nonconvex_bnb_cgal;272;0;50;50;1;52;1;50;1;51;0;1;25.000;277;277;140840.196536626638;140840.195807101583;140840.195807101583;0.000001;0.000000;0.000000;1.019608;50.000000;0.000948;38.78%;0.000244;9.97%;0.001252;51.24%;0.000955;39.06%;0.000022;0.000918;0.000015;0.000018358077;true;false;1;50;1.000000;0.000000;25.500;7323690.181969275698
nonconvex_bnb_cgal;273;0;20;65;11897280;335;1;316;18;108;209;1;15.352;84;112;2074.690242843728;2074.690242843728;2074.665294688085;0.001203;0.001203;65.930599;3.101852;17.555556;0.006827;65.36%;0.000323;3.09%;0.003295;31.55%;0.002468;23.63%;0.000011;0.002329;0.000128;0.000007367525;true;false;17;107;0.999997;0.005979;15.495;698906.456127186888
nonconvex_bnb_cgal;274;0;50;52;4;54;1;52;1;51;2;1;25.000;200;201;3379.175593017315;3379.148504682989;3379.148504682989;0.000802;0.000000;3.773585;1.058824;52.000000;0.000393;25.70%;0.000137;8.93%;0.001001;65.36%;0.000730;47.72%;0.000020;0.000697;0.000013;0.000013526944;true;false;2;50;1.000000;0.000000;25.500;182514.510573806358
nonconvex_bnb_cgal;275;0;39;153;19813556551680000000000;22550;1;22453;96;5403;17051;1;19.396;173;251;802.521174839567;802.521174839567;802.520802019048;0.000046;0.000046;75.937472;4.173607;233.885417;0.003785;1.76%;0.000376;0.18%;0.210372;98.06%;0.150669;70.23%;0.000011;0.150151;0.000507;0.000006681544;true;false;6;5402;0.999755;0.196911;19.399;18149350.151998221874
nonconvex_bnb_cgal;276;0;56;230;2446018745181332163987877908185088;14546;1;14289;256;3538;10752;1;45.938;243;360;1383.551840550962;1383.549089248957;1383.549089248957;0.000199;0.000000;75.241428;4.111362;55.816406;0.004140;2.70%;0.000561;0.37%;0.148888;96.94%;0.109454;71.26%;0.000016;0.107630;0.001808;0.000007524706;true;false;7;3537;1.000000;0.000000;45.951;20168752.219481095672
nonconvex_bnb_cgal;277;0;60;77;23328;208;1;205;2;161;45;1;30.317;245;265;4162.129645912590;4162.123942590743;4162.123942590743;0.000137;0.000000;21.844660;1.291925;102.500000;0.000613;23.74%;0.000119;4.62%;0.001849;71.64%;0.001369;53.04%;0.000014;0.001342;0.000013;0.000006582736;true;false;3;160;0.999917;0.343909;30.506;866085.380639213021
nonconvex_bnb_cgal;278;0;25;25;1;27;1;25;1;26;0;1;12.500;132;132;23946.229026322944;23945.246865253928;23945.246865253928;0.004102;0.000000;0.000000;1.038462;25.000000;0.000278;56.85%;0.000062;12.62%;0.000149;30.53%;0.000119;24.45%;0.000009;0.000107;0.000004;0.000004422889;true;false;1;25;1.000000;0.000000;13.000;646521.665361856110
nonconvex_bnb_cgal;279;0;40;40;1;42;1;40;1;41;0;1;20.000;220;220;13922381.952571384609;13922224.258469615132;13922224.258469615132;0.001133;0.000000;0.000000;1.024390;40.000000;0.001005;59.94%;0.000218;12.98%;0.000454;27.07%;0.000349;20.82%;0.000022;0.000321;0.000005;0.000008312476;true;false;1;40;1.000000;0.000000;20.500;584733418.855724215508
nonconvex_bnb_cgal;280;0;10;10;1;12;1;10;1;11;0;1;5.000;52;52;218419.780024746724;218418.863692012848;218418.863692012848;0.000420;0.000000;0.000000;1.090909;10.000000;0.000293;61.95%;0.000090;18.98%;0.000090;19.07%;0.000070;14.70%;0.000006;0.000060;0.000004;0.000005798667;true;false;1;10;1.000000;0.000000;5.500;2621026.364304154180
nonconvex_bnb_cgal;281;0;10;16;15;30;1;27;2;19;9;0;5.632;39;41;581.775341008295;581.775341008295;581.775341008295;0.000000;0.000000;32.142857;1.578947;13.500000;0.000237;75.26%;0.000022;7.00%;0.000056;17.74%;0.000037;11.85%;0.000003;0.000033;0.000002;0.000001241633;true;false;5;18;1.000000;0.000000;5.944;17653.921473903294
nonconvex_bnb_cgal;282;0;20;76;168552824832;454;1;429;24;135;295;1;14.978;87;132;259.426616058548;259.426240598343;259.426240598343;0.000145;0.000000;68.604651;3.362963;17.875000;0.001683;44.35%;0.000199;5.23%;0.001914;50.42%;0.001453;38.28%;0.000007;0.001382;0.000063;0.000003200247;true;false;7;134;0.999720;0.072555;15.090;118526.110195440517
nonconvex_bnb_cgal;283;0;50;152;3184920241121525760000;319323;1;277850;41472;143584;134267;2;47.267;208;304;4096.588936032418;4096.582407682006;4096.582407625309;0.000159;0.000000;48.323382;2.223946;6.699701;0.008879;0.29%;0.000324;0.01%;3.080437;99.70%;2.189137;70.85%;0.000011;1.902037;0.287090;0.000006855558;true;false;7;143583;1.000000;0.000769;47.267;1309535498.431258678436
nonconvex_bnb_cgal;284;0;59;238;106493333123540961303560384216563712;10967;1;10838;128;2896;7943;1;41.775;245;390;1632.953066660948;1632.952202419901;1632.952202419901;0.000053;0.000000;73.281668;3.786948;84.671875;0.004221;2.67%;0.000594;0.38%;0.153036;96.95%;0.111280;70.50%;0.000014;0.107647;0.003619;0.000010146836;true;false;6;2895;0.999984;0.026151;41.790;17936403.959280297160
nonconvex_bnb_cgal;285;0;15;15;1;17;1;15;1;16;0;1;7.500;60;60;389.080067886934;389.053948031160;389.053948031160;0.006714;0.000000;0.000000;1.062500;15.000000;0.000329;65.64%;0.000042;8.44%;0.000130;25.92%;0.000097;19.37%;0.000008;0.000084;0.000005;0.000005708471;true;false;1;15;1.000000;0.000000;8.000;6613.917116529725
nonconvex_bnb_cgal;286;0;60;140;7011906707722862592;9721;1;8952;768;4299;4654;1;54.217;266;333;5674.130805774789;5674.118174868701;5674.118174868701;0.000223;0.000000;51.982576;2.261224;11.656250;0.003489;3.31%;0.000528;0.50%;0.101483;96.19%;0.075715;71.77%;0.000038;0.069867;0.005810;0.000007788830;true;false;6;4298;1.000000;0.000000;54.230;55223522.063575856388
nonconvex_bnb_cgal;287;0;20;20;1;22;1;20;1;21;0;1;10.000;105;105;22520.589170279804;22520.588577269446;22520.588577269446;0.000003;0.000000;0.000000;1.047619;20.000000;0.003668;96.44%;0.000047;1.23%;0.000089;2.33%;0.000061;1.60%;0.000006;0.000053;0.000002;0.000002765136;true;false;1;20;1.000000;0.000000;10.500;495452.948699928005
nonconvex_bnb_cgal;288;0;5;8;4;10;1;8;1;6;3;1;2.500;20;23;265.279234139407;265.278633716874;265.278633716874;0.000226;0.000000;33.333333;1.666667;8.000000;0.000062;68.94%;0.000011;12.63%;0.000017;18.43%;0.000011;12.35%;0.000001;0.000009;0.000001;0.000001108500;true;false;4;5;0.999334;0.176617;3.000;2679.331160957331
nonconvex_bnb_cgal;289;0;40;49;216;152;1;139;12;123;17;1;28.902;161;165;2856.976246183908;2856.969585669582;2856.969585669582;0.000233;0.000000;12.142857;1.235772;11.583333;0.000380;20.52%;0.000073;3.96%;0.001400;75.52%;0.001079;58.20%;0.000010;0.000983;0.000087;0.000007099789;true;false;3;122;1.000000;0.000000;29.139;434407.133710389258
nonconvex_bnb_cgal;290;0;60;69;216;98;1;95;2;86;10;1;35.233;243;251;5307.958508977934;5307.945634130271;5307.945634130271;0.000243;0.000000;10.416667;1.139535;47.500000;0.001178;34.15%;0.000198;5.74%;0.002073;60.11%;0.001519;44.05%;0.000021;0.001467;0.000031;0.000015497480;true;false;3;85;1.000000;0.000000;35.647;520257.340632724110
nonconvex_bnb_cgal;291;0;15;15;1;17;1;15;1;16;0;1;7.500;60;60;315.827676434132;315.819699462295;315.819699462295;0.002526;0.000000;0.000000;1.062500;15.000000;0.000265;62.47%;0.000043;10.13%;0.000116;27.39%;0.000091;21.43%;0.000008;0.000078;0.000005;0.000005343176;true;false;1;15;1.000000;0.000000;8.000;5368.934890859013
nonconvex_bnb_cgal;292;0;10;11;2;13;1;11;1;11;1;1;5.000;40;41;376.023815962513;376.009958526051;376.009958526051;0.003685;0.000000;8.333333;1.181818;11.000000;0.000190;66.99%;0.000029;10.11%;0.000065;22.90%;0.000048;16.92%;0.000005;0.000039;0.000003;0.000003698692;true;false;2;10;1.000000;0.000000;5.500;4891.169022657309
nonconvex_bnb_cgal;293;0;30;51;92160;403;1;370;32;295;76;1;21.919;124;134;1722.891932494763;1722.889805546911;1722.889805546911;0.000123;0.000000;20.485175;1.366102;11.562500;0.000443;14.58%;0.000071;2.35%;0.002522;83.07%;0.001785;58.78%;0.000006;0.001531;0.000247;0.000004428226;true;false;5;294;1.000000;0.000000;21.993;695365.591635136283
nonconvex_bnb_cgal;294;0;10;40;810000;46;1;44;1;12;33;0;4.750;46;63;100.913668559528;100.913668559528;100.913668559528;0.000000;0.000000;73.333333;3.833333;44.000000;0.001298;73.17%;0.000179;10.11%;0.000297;16.72%;0.000229;12.92%;0.000007;0.000218;0.000004;0.000004981848;true;false;5;11;0.998785;0.122654;5.182;4731.352833597703
nonconvex_bnb_cgal;295;0;30;30;1;32;1;30;1;31;0;1;15.000;162;162;19.461241459490;19.460811643589;19.460811643589;0.002209;0.000000;0.000000;1.032258;30.000000;0.000759;70.01%;0.000100;9.25%;0.000225;20.73%;0.000167;15.43%;0.000011;0.000152;0.000005;0.000005226563;true;false;1;30;1.000000;0.000000;15.500;622.745972594850
nonconvex_bnb_cgal;296;0;60;79;46080;129;1;124;4;108;17;1;39.259;246;260;8819.190832707252;8819.156487165557;8819.156487165557;0.000389;0.000000;13.600000;1.194444;31.000000;0.001037;44.73%;0.000117;5.03%;0.001165;50.24%;0.000889;38.33%;0.000014;0.000848;0.000026;0.000006887605;true;false;5;107;1.000000;0.000000;39.626;1138019.679410521640
nonconvex_bnb_cgal;297;0;40;63;3145728;67;1;63;3;43;21;1;20.930;177;194;3221.081666170960;3221.081666170960;3221.056979805970;0.000766;0.000766;32.812500;1.558140;21.000000;0.000475;45.47%;0.000102;9.72%;0.000468;44.81%;0.000355;33.98%;0.000010;0.000331;0.000014;0.000005295985;true;false;4;42;0.999990;0.031154;21.429;216051.104976152565
nonconvex_bnb_cgal;298;0;60;91;1866240;255;1;250;4;168;83;1;38.018;245;273;5596.317290890473;5596.285817689484;5596.285817689484;0.000562;0.000000;33.067729;1.517857;62.500000;0.002240;49.17%;0.000155;3.41%;0.002161;47.42%;0.001642;36.05%;0.000013;0.001604;0.000025;0.000006440871;true;false;9;167;1.000000;0.000000;38.246;1429130.726876465138
nonconvex_bnb_cgal;299;0;10;29;6912;54;1;51;2;20;32;1;5.450;42;68;249.261648305197;249.236768776860;249.236768776860;0.009982;0.000000;61.538462;2.700000;25.500000;0.000983;80.36%;0.000082;6.70%;0.000158;12.94%;0.000119;9.77%;0.000004;0.000113;0.000003;0.000002212167;true;false;6;19;1.000000;0.000000;5.737;13652.241319580198
nonconvex_bnb_cgal;300;0;60;256;2642800953231169757338527252611072;555019;1;513546;41472;151678;361869;1;55.701;271;361;5512.717792617445;5512.717792617445;5512.687525062598;0.000549;0.000549;70.464631;3.659192;12.382957;0.010762;0.16%;0.000691;0.01%;6.644523;99.83%;4.795989;72.06%;0.000012;4.436436;0.359541;0.000008641126;true;false;12;151677;1.000000;0.001069;55.701;3065513840.634423732758
nonconvex_bnb_cgal;301;0;15;55;108864000;326;1;317;8;101;217;1;9.050;75;106;212.350557735759;212.349302840753;212.349302840753;0.000591;0.000000;68.238994;3.227723;39.625000;0.001079;46.85%;0.000150;6.52%;0.001074;46.64%;0.000784;34.06%;0.000005;0.000761;0.000018;0.000002405270;true;false;7;100;1.000000;0.000000;9.140;70030.370018406073
nonconvex_bnb_cgal;302;0;50;51;2;53;1;51;1;51;1;1;25.000;200;201;3711.905481723293;3711.865592180859;3711.865592180859;0.001075;0.000000;1.923077;1.039216;51.000000;0.000198;31.06%;0.000076;11.85%;0.000364;57.09%;0.000283;44.47%;0.000010;0.000268;0.000005;0.000005343566;true;false;2;50;1.000000;0.000000;25.500;196751.447962112783
nonconvex_bnb_cgal;303;0;5;18;576;24;1;21;2;8;14;1;3.000;21;32;21.393927531174;21.390702456834;21.390702456834;0.015077;0.000000;63.636364;3.000000;10.500000;0.000450;83.06%;0.000043;8.01%;0.000048;8.93%;0.000036;6.63%;0.000003;0.000031;0.000002;0.000001498167;true;false;4;7;1.000000;0.000000;3.429;528.269104376637
nonconvex_bnb_cgal;304;0;60;61;2;63;1;61;1;61;1;1;30.000;240;241;4554.845630232003;4554.809078659063;4554.809078659063;0.000802;0.000000;1.612903;1.032787;61.000000;0.000525;41.46%;0.000085;6.69%;0.000656;51.85%;0.000527;41.60%;0.000014;0.000505;0.000007;0.000008360429;true;false;2;60;1.000000;0.000000;30.500;286979.023667575675
nonconvex_bnb_cgal;305;0;50;51;2;53;1;51;1;51;1;1;25.000;200;202;2838.694520117845;2838.658779873158;2838.658779873158;0.001259;0.000000;1.923077;1.039216;51.000000;0.000556;39.12%;0.000140;9.89%;0.000725;50.99%;0.000533;37.50%;0.000022;0.000505;0.000006;0.000010053415;true;false;2;50;1.000000;0.000000;25.500;150455.661845349619
nonconvex_bnb_cgal;306;0;15;56;223948800;681;1;672;8;199;474;1;7.910;67;94;180.869350651754;180.869062264664;180.869062264664;0.000159;0.000000;70.430906;3.422111;84.000000;0.001019;28.33%;0.000149;4.15%;0.002429;67.51%;0.001858;51.63%;0.000006;0.001830;0.000022;0.000002727747;true;false;6;198;0.999177;0.148779;7.949;124455.518972367048
nonconvex_bnb_cgal;307;0;10;40;729000;42;1;40;1;11;30;0;5.000;45;65;100.727803978705;100.727803978705;100.727803978705;0.000000;0.000000;73.170732;3.818182;40.000000;0.000625;75.95%;0.000081;9.88%;0.000117;14.17%;0.000085;10.29%;0.000003;0.000080;0.000001;0.000002017762;true;false;6;10;0.999777;0.022485;5.500;4296.391652542659
nonconvex_bnb_cgal;308;0;40;168;43006253255884800000000;9468;1;8699;768;3043;5657;1;36.072;185;267;3448.825739355462;3448.819731376561;3448.819731376561;0.000174;0.000000;65.022989;3.111403;11.326823;0.009213;10.11%;0.000492;0.54%;0.081398;89.35%;0.056803;62.35%;0.000010;0.051812;0.004981;0.000005999463;true;false;8;3042;1.000000;0.000297;36.084;32732942.992995709181
nonconvex_bnb_cgal;309;0;40;40;1;42;1;40;1;41;0;1;20.000;220;220;298514.002002963563;298513.413433076115;298513.413433076115;0.000197;0.000000;0.000000;1.024390;40.000000;0.000519;51.76%;0.000107;10.67%;0.000377;37.56%;0.000251;25.00%;0.000013;0.000233;0.000006;0.000005971238;true;false;1;40;1.000000;0.000000;20.500;12537563.364189201966
nonconvex_bnb_cgal;310;0;57;237;34237825721303045684668629648408576;232953;1;232856;96;53633;179224;1;36.260;252;383;1399.879784023426;1399.878110349264;1399.878110349264;0.000120;0.000000;76.967409;4.343464;2425.583333;0.003897;0.12%;0.000575;0.02%;3.319666;99.87%;2.509386;75.49%;0.000014;2.508684;0.000688;0.000010772069;true;false;6;53632;0.999889;0.155522;36.261;326582125.274282455444
nonconvex_bnb_cgal;311;0;10;51;1944000;164;1;161;2;33;129;1;4.970;42;68;427.689322928423;427.689205228188;427.689205228188;0.000028;0.000000;79.629630;4.969697;80.500000;0.002338;80.33%;0.000129;4.45%;0.000443;15.22%;0.000343;11.80%;0.000003;0.000337;0.000003;0.000002094317;true;false;15;32;0.999812;0.080579;5.125;74613.866910105236
nonconvex_bnb_cgal;312;0;25;25;1;27;1;25;1;26;0;1;12.500;134;134;27640.986838784396;27640.675269720829;27640.675269720829;0.001127;0.000000;0.000000;1.038462;25.000000;0.000319;59.44%;0.000061;11.37%;0.000157;29.19%;0.000119;22.15%;0.000010;0.000105;0.000004;0.000004398259;true;false;1;25;1.000000;0.000000;13.000;746298.232282462646
nonconvex_bnb_cgal;313;0;4;15;72;63;1;56;6;21;36;1;2.667;18;24;80.851928576692;80.837847739678;80.837847739678;0.017419;0.000000;63.157895;3.000000;9.333333;0.000313;78.44%;0.000026;6.41%;0.000061;15.16%;0.000040;9.94%;0.000001;0.000035;0.000003;0.000000630286;true;false;6;20;1.000000;0.000000;2.800;5893.683813892728
nonconvex_bnb_cgal;314;0;60;237;82441174877590499839125933269188608;43792;1;43023;768;11904;31120;1;46.230;270;378;1397.053872708665;1397.053289795580;1397.053289795580;0.000042;0.000000;72.331722;3.678763;56.019531;0.003830;0.65%;0.000580;0.10%;0.580295;99.25%;0.425748;72.81%;0.000016;0.418423;0.007309;0.000009722049;true;false;7;11903;0.999994;0.007858;46.234;61284683.359443373978
nonconvex_bnb_cgal;315;0;40;78;597196800;9097;1;8584;512;4767;3818;1;33.284;163;196;3264.157469140296;3264.133854993345;3264.133854993345;0.000723;0.000000;44.472918;1.908328;16.765625;0.001002;1.49%;0.000131;0.19%;0.066346;98.32%;0.047839;70.90%;0.000009;0.045325;0.002506;0.000005258798;true;false;5;4766;1.000000;0.001285;33.291;29744843.577587187290
nonconvex_bnb_cgal;316;0;60;130;10567230160896000;3039;1;2948;90;1545;1404;2;47.256;267;327;5426.720660502362;5426.712084296871;5426.662980824283;0.001063;0.000905;47.609359;1.966990;32.755556;0.002280;3.67%;0.000256;0.41%;0.059599;95.92%;0.038557;62.05%;0.000015;0.037637;0.000905;0.000012687428;true;false;5;1544;0.999999;0.002796;47.286;16509529.831850975752
nonconvex_bnb_cgal;317;0;20;20;1;22;1;20;1;21;0;1;10.000;102;102;15473.266418172978;15472.792164658294;15472.792164658294;0.003065;0.000000;0.000000;1.047619;20.000000;0.000282;65.11%;0.000046;10.62%;0.000105;24.27%;0.000076;17.45%;0.000007;0.000066;0.000003;0.000003437409;true;false;1;20;1.000000;0.000000;10.500;340401.427622482530
nonconvex_bnb_cgal;318;0;15;24;288;27;1;24;2;17;8;1;7.941;72;79;1100.836874922928;1100.809762705503;1100.809762705503;0.002463;0.000000;32.000000;1.588235;12.000000;0.000313;66.79%;0.000052;11.00%;0.000104;22.22%;0.000073;15.57%;0.000006;0.000062;0.000005;0.000002706667;true;false;3;16;1.000000;0.000000;8.438;29840.953891231380
nonconvex_bnb_cgal;319;0;5;5;1;7;1;5;1;6;0;1;2.500;20;20;60.977663298480;60.976871065564;60.976871065564;0.001299;0.000000;0.000000;1.166667;5.000000;0.000048;70.10%;0.000008;11.81%;0.000013;18.08%;0.000008;11.81%;0.000002;0.000005;0.000001;0.000001166571;true;false;1;5;1.000000;0.000000;3.000;426.838097458948
nonconvex_bnb_cgal;320;0;20;46;622080;81;1;76;4;39;38;1;12.769;109;175;750.110879777221;750.086937131171;750.086937131171;0.003192;0.000000;49.350649;2.076923;19.000000;0.004038;88.27%;0.000162;3.54%;0.000375;8.19%;0.000287;6.27%;0.000007;0.000269;0.000011;0.000003541704;true;false;5;38;0.999951;0.036528;13.105;61061.601546278689
nonconvex_bnb_cgal;321;0;5;25;2880;74;1;67;6;19;49;1;3.158;19;42;120.755004411861;120.755004411861;120.754074586824;0.000770;0.000770;72.058824;3.894737;11.166667;0.000610;78.17%;0.000068;8.77%;0.000102;13.06%;0.000072;9.17%;0.000001;0.000066;0.000004;0.000000966757;true;false;6;18;0.999997;0.000413;3.333;9412.984792435847
nonconvex_bnb_cgal;322;0;51;51;1;53;1;51;1;52;0;1;25.500;278;278;2181.904644958801;2181.877586065532;2181.877586065532;0.001240;0.000000;0.000000;1.019231;51.000000;0.000911;32.80%;0.000280;10.08%;0.001586;57.11%;0.001304;46.97%;0.000030;0.001254;0.000020;0.000024606887;true;false;1;51;1.000000;0.000000;26.000;115639.512061473113
nonconvex_bnb_cgal;323;0;40;81;250822656;308;1;299;8;177;123;1;26.186;163;202;3051.121388346616;3051.112751596772;3051.112751596772;0.000283;0.000000;41.000000;1.740113;37.375000;0.002998;15.18%;0.000257;1.30%;0.016490;83.51%;0.013197;66.84%;0.000018;0.013108;0.000071;0.000042847961;true;false;7;176;1.000000;0.000000;26.335;940954.701824524673
nonconvex_bnb_cgal;324;0;39;150;98300007442022400000;3135;1;3086;48;952;2135;1;27.220;181;256;3156.569940995072;3156.566824901462;3156.566824901462;0.000099;0.000000;69.160998;3.293067;64.291667;0.013827;31.43%;0.000553;1.26%;0.029610;67.31%;0.022260;50.60%;0.000010;0.021978;0.000272;0.000007100462;true;false;14;951;1.000000;0.000856;27.248;9927663.944031829014
nonconvex_bnb_cgal;325;0;60;141;21767823360000000;6513;1;6416;96;3101;3316;1;43.711;247;293;6337.522061817129;6337.493766326015;6337.493766326015;0.000446;0.000000;51.675238;2.100290;66.833333;0.003474;4.53%;0.000228;0.30%;0.072973;95.17%;0.054120;70.58%;0.000012;0.053437;0.000671;0.000008309611;true;false;6;3100;1.000000;0.000000;43.725;41320532.910515181720
nonconvex_bnb_cgal;326;0;49;198;51767592490610196480000000000;6122;1;5929;192;1585;4345;2;41.016;227;308;1062.822860763703;1062.816573803372;1062.815139489836;0.000726;0.000135;73.271501;3.862461;30.880208;0.003146;3.85%;0.000489;0.60%;0.078006;95.55%;0.056589;69.31%;0.000015;0.054616;0.001959;0.000009243567;true;false;7;1584;1.000000;0.000301;41.042;6516443.918508858420
nonconvex_bnb_cgal;327;0;30;120;440301256704000000;726;1;717;8;188;530;1;18.500;143;204;516.637625318986;516.637470460636;516.637470460636;0.000030;0.000000;73.816156;3.861702;89.625000;0.002139;33.16%;0.000331;5.14%;0.003980;61.70%;0.002997;46.46%;0.000009;0.002956;0.000032;0.000004128665;true;false;6;187;0.999987;0.006678;18.599;376330.507233092794
nonconvex_bnb_cgal;328;0;30;42;1024;106;1;101;4;78;24;1;19.603;129;136;3747.373392279823;3747.324064809553;3747.324064809553;0.001316;0.000000;23.529412;1.358974;25.250000;0.000342;33.38%;0.000066;6.43%;0.000617;60.18%;0.000447;43.59%;0.000008;0.000424;0.000015;0.000004213519;true;false;4;77;1.000000;0.000000;19.857;397600.683613809641
nonconvex_bnb_cgal;329;0;50;50;1;52;1;50;1;51;0;1;25.000;200;200;2889.795880485713;2889.739208579089;2889.739208579089;0.001961;0.000000;0.000000;1.019608;50.000000;0.000172;28.10%;0.000072;11.74%;0.000368;60.16%;0.000291;47.59%;0.000012;0.000274;0.000005;0.000005597692;true;false;1;50;1.000000;0.000000;25.500;150266.438846112753
nonconvex_bnb_cgal;330;0;5;17;360;47;1;40;6;17;24;1;3.706;21;33;17.516033018434;17.515981702380;17.515981702380;0.000293;0.000000;58.536585;2.764706;6.666667;0.000272;72.88%;0.000031;8.33%;0.000070;18.79%;0.000050;13.52%;0.000002;0.000044;0.000004;0.000001071809;true;false;5;16;1.000000;0.000000;3.938;899.060126787027
nonconvex_bnb_cgal;331;0;50;158;16851429847203840000000;91947;1;87338;4608;35530;51809;1;44.784;210;301;4346.312416850323;4346.299605484378;4346.299605484378;0.000295;0.000000;59.319433;2.587869;18.953559;0.002887;0.33%;0.000331;0.04%;0.873520;99.63%;0.639475;72.94%;0.000011;0.608094;0.031370;0.000006954823;true;false;7;35529;1.000000;0.000006;44.785;400150868.416073739529
nonconvex_bnb_cgal;332;0;48;48;1;50;1;48;1;49;0;1;24.000;264;264;310472.787843955157;310472.185182226123;310472.185182226123;0.000194;0.000000;0.000000;1.020408;48.000000;0.000603;51.54%;0.000126;10.74%;0.000441;37.71%;0.000348;29.74%;0.000015;0.000327;0.000006;0.000006953280;true;false;1;48;1.000000;0.000000;24.500;15523609.259111316875
nonconvex_bnb_cgal;333;0;10;14;12;23;1;20;2;17;4;1;5.882;40;44;367.314320304345;367.219395951988;367.219395951988;0.025849;0.000000;19.047619;1.352941;10.000000;0.000093;55.52%;0.000022;13.04%;0.000052;31.44%;0.000040;24.00%;0.000003;0.000034;0.000003;0.000001740826;true;false;3;16;1.000000;0.000000;6.250;8507.783508974937
nonconvex_bnb_cgal;334;0;15;63;1161216000;661;1;636;24;166;471;1;9.560;68;100;162.151766503391;162.151730507508;162.151730507508;0.000022;0.000000;73.940345;3.981928;26.500000;0.001082;33.24%;0.000152;4.66%;0.002022;62.10%;0.001559;47.90%;0.000004;0.001505;0.000050;0.000002359048;true;false;7;165;0.999867;0.021579;9.618;108218.983451018663
nonconvex_bnb_cgal;335;0;20;28;48;30;1;28;1;21;8;1;10.000;81;85;1376.340450657626;1376.311428216724;1376.311428216724;0.002109;0.000000;27.586207;1.428571;28.000000;0.000238;29.45%;0.000041;5.01%;0.000531;65.53%;0.000503;62.08%;0.000006;0.000494;0.000003;0.000016751433;true;false;4;20;1.000000;0.000000;10.500;41500.349548385297
nonconvex_bnb_cgal;336;0;5;19;720;27;1;22;4;10;13;0;3.300;20;37;43.949822417350;43.949822417350;43.949822417350;0.000000;0.000000;56.521739;2.700000;5.500000;0.000349;78.50%;0.000047;10.49%;0.000049;11.01%;0.000037;8.37%;0.000002;0.000033;0.000003;0.000001376519;true;false;5;9;0.989079;0.479982;3.667;1221.905276326873
nonconvex_bnb_cgal;337;0;30;125;1217623228416000000;2154;1;2121;32;499;1623;1;21.297;141;199;441.000995612449;441.000568935190;441.000568935190;0.000097;0.000000;76.484449;4.316633;66.281250;0.002830;13.64%;0.000304;1.47%;0.017612;84.89%;0.014113;68.03%;0.000012;0.013951;0.000151;0.000006552077;true;false;7;498;0.999929;0.031232;21.339;954582.059279485838
nonconvex_bnb_cgal;338;0;48;189;5916296284641165312000000000;4907;1;4890;16;1232;3659;1;25.527;200;308;999.531643829652;999.531643829652;999.529480885274;0.000216;0.000216;74.810877;3.982955;305.625000;0.003332;4.81%;0.000487;0.70%;0.065476;94.49%;0.047274;68.22%;0.000011;0.047122;0.000140;0.000009633933;true;false;6;1231;0.999974;0.026296;25.548;4914527.441706137732
nonconvex_bnb_cgal;339;0;10;10;1;12;1;10;1;11;0;1;5.000;40;40;195.298035666310;195.284854484310;195.284854484310;0.006750;0.000000;0.000000;1.090909;10.000000;0.000096;69.77%;0.000016;11.91%;0.000025;18.32%;0.000018;12.95%;0.000003;0.000013;0.000001;0.000001479250;true;false;1;10;1.000000;0.000000;5.500;2343.418253811715
nonconvex_bnb_cgal;340;0;40;125;1968670040400000;4638;1;4445;192;1580;2866;1;32.917;185;263;4388.026886081433;4387.949415251634;4387.949415251634;0.001766;0.000000;64.462438;2.935443;23.151042;0.006088;15.96%;0.000470;1.23%;0.031586;82.81%;0.023271;61.01%;0.000010;0.022412;0.000849;0.000005017506;true;false;12;1579;0.999991;0.037805;32.938;20410010.004485003650
nonconvex_bnb_cgal;341;0;10;34;77760;90;1;85;4;29;57;1;6.138;39;64;270.824918434528;270.820916860004;270.820916860004;0.001478;0.000000;66.279070;3.103448;21.250000;0.000519;65.32%;0.000075;9.44%;0.000200;25.24%;0.000146;18.39%;0.000003;0.000138;0.000005;0.000001622644;true;false;6;28;1.000000;0.000000;6.357;24671.773321391021
nonconvex_bnb_cgal;342;0;50;50;1;52;1;50;1;51;0;1;25.000;200;200;3582.086360606029;3582.011605511309;3582.011605511309;0.002087;0.000000;0.000000;1.019608;50.000000;0.000154;23.97%;0.000075;11.71%;0.000412;64.32%;0.000337;52.60%;0.000014;0.000317;0.000006;0.000006484750;true;false;1;50;1.000000;0.000000;25.500;186264.603486587905
nonconvex_bnb_cgal;343;0;60;95;268738560;542;1;525;16;374;152;1;44.241;243;281;4705.309802209948;4705.300362472417;4705.300362472417;0.000201;0.000000;28.897338;1.449198;32.812500;0.000824;14.99%;0.000159;2.89%;0.004514;82.12%;0.003354;61.03%;0.000012;0.003246;0.000096;0.000006188825;true;false;6;373;1.000000;0.000000;44.359;2551715.172053467482
nonconvex_bnb_cgal;344;0;30;79;34398535680;14231;1;11926;2304;7129;4798;1;27.520;126;166;4266.889232365571;4266.768724612850;4266.768724612850;0.002824;0.000000;40.228054;1.996213;5.176215;0.001200;1.66%;0.000170;0.24%;0.070792;98.10%;0.051820;71.81%;0.000008;0.043600;0.008212;0.000003641333;true;false;6;7128;1.000000;0.000000;27.524;60780590.662551812828
nonconvex_bnb_cgal;345;0;15;41;230400;869;1;760;108;402;359;1;11.381;71;94;959.641977936678;959.641840674792;959.641840674792;0.000014;0.000000;47.174770;2.161692;7.037037;0.000961;23.21%;0.000108;2.61%;0.003071;74.18%;0.001998;48.27%;0.000004;0.001742;0.000252;0.000002299283;true;false;5;401;1.000000;0.000000;11.409;838520.218647233909
nonconvex_bnb_cgal;346;0;10;31;62208;34;1;31;2;12;20;1;5.417;49;68;257.927755348284;257.917838493703;257.917838493703;0.003845;0.000000;62.500000;2.833333;15.500000;0.000890;81.22%;0.000077;7.00%;0.000129;11.78%;0.000105;9.62%;0.000005;0.000096;0.000005;0.000003101647;true;false;4;11;0.999821;0.046132;5.909;8964.129724895607
nonconvex_bnb_cgal;347;0;15;15;1;17;1;15;1;16;0;1;7.500;78;78;187356.131250021484;187345.066271631629;187345.066271631629;0.005906;0.000000;0.000000;1.062500;15.000000;0.000225;69.60%;0.000035;10.76%;0.000064;19.64%;0.000049;15.00%;0.000006;0.000040;0.000003;0.000002857824;true;false;1;15;1.000000;0.000000;8.000;3184866.126617736649
nonconvex_bnb_cgal;348;0;30;41;486;69;1;66;2;52;15;1;17.019;120;128;1650.119724854356;1650.085275117271;1650.085275117271;0.002088;0.000000;22.388060;1.326923;33.000000;0.000369;37.71%;0.000059;5.99%;0.000552;56.30%;0.000443;45.27%;0.000009;0.000421;0.000014;0.000006427522;true;false;3;51;1.000000;0.000000;17.353;114201.400313694874
nonconvex_bnb_cgal;349;0;40;40;1;42;1;40;1;41;0;1;20.000;160;160;2798.149497314838;2798.141647588621;2798.141647588621;0.000281;0.000000;0.000000;1.024390;40.000000;0.000329;51.23%;0.000058;9.10%;0.000255;39.68%;0.000197;30.63%;0.000009;0.000183;0.000004;0.000004690476;true;false;1;40;1.000000;0.000000;20.500;117521.949198722097
nonconvex_bnb_cgal;350;0;40;158;101583175680000000000000;4092;1;3899;192;1372;2528;2;33.341;173;255;869.363627979327;869.362611795395;869.360216761555;0.000392;0.000275;64.820513;2.982507;20.307292;0.002667;5.76%;0.000397;0.86%;0.043241;93.38%;0.033493;72.33%;0.000013;0.031790;0.001690;0.000008185083;true;false;7;1371;1.000000;0.000084;33.365;3562204.815492174588
nonconvex_bnb_cgal;351;0;20;83;995328000000;1192;1;1183;8;314;870;1;11.118;85;129;287.158940761020;287.158904752122;287.158904752122;0.000013;0.000000;73.479730;3.796178;147.875000;0.002862;24.88%;0.000343;2.98%;0.008298;72.14%;0.006026;52.39%;0.000008;0.005988;0.000030;0.000005055463;true;false;6;313;0.999632;0.105534;11.153;345177.889674576756
nonconvex_bnb_cgal;352;0;20;20;1;22;1;20;1;21;0;1;10.000;105;105;159376.153858740639;159375.237505424593;159375.237505424593;0.000575;0.000000;0.000000;1.047619;20.000000;0.000266;64.54%;0.000049;11.79%;0.000098;23.67%;0.000073;17.61%;0.000005;0.000065;0.000002;0.000003301091;true;false;1;20;1.000000;0.000000;10.500;3506255.225119342096
nonconvex_bnb_cgal;353;0;10;10;1;12;1;10;1;11;0;1;5.000;49;49;8.449100909793;8.448988119741;8.448988119741;0.001335;0.000000;0.000000;1.090909;10.000000;0.000093;60.82%;0.000022;14.30%;0.000038;24.88%;0.000030;19.48%;0.000005;0.000023;0.000002;0.000002479000;true;false;1;10;1.000000;0.000000;5.500;101.387857436886
nonconvex_bnb_cgal;354;0;20;90;7134511104000;557;1;552;4;131;422;1;12.046;91;132;303.969196942680;303.966620868459;303.966620868459;0.000847;0.000000;76.311031;4.251908;138.000000;0.001460;34.02%;0.000215;5.00%;0.002617;60.98%;0.002015;46.94%;0.000006;0.001999;0.000010;0.000003617147;true;false;7;130;0.999743;0.078170;12.138;170163.444231079746
nonconvex_bnb_cgal;355;0;40;161;487599243264000000000000;24565;1;24052;512;6421;17632;1;31.235;179;267;871.429881810511;871.428703120709;871.428703120709;0.000135;0.000000;73.304785;3.825728;46.976562;0.002844;1.12%;0.000425;0.17%;0.249803;98.71%;0.186206;73.58%;0.000012;0.182794;0.003399;0.000007580139;true;false;7;6420;0.999986;0.011905;31.240;21457568.476965229958
nonconvex_bnb_cgal;356;0;50;50;1;52;1;50;1;51;0;1;25.000;200;200;2359.756715775807;2359.741506368439;2359.741506368439;0.000645;0.000000;0.000000;1.019608;50.000000;0.000240;34.28%;0.000074;10.57%;0.000386;55.16%;0.000307;43.87%;0.000012;0.000289;0.000006;0.000005904654;true;false;1;50;1.000000;0.000000;25.500;122706.558331158987
nonconvex_bnb_cgal;357;0;25;25;1;27;1;25;1;26;0;1;12.500;137;137;373623.320859313593;373610.000882659340;373610.000882659340;0.003565;0.000000;0.000000;1.038462;25.000000;0.000312;62.09%;0.000061;12.18%;0.000129;25.73%;0.000097;19.19%;0.000007;0.000087;0.000003;0.000003577148;true;false;1;25;1.000000;0.000000;13.000;10087470.023831797764
nonconvex_bnb_cgal;358;0;20;21;2;23;1;21;1;21;1;1;10.000;80;81;761.742747715976;761.639394237305;761.639394237305;0.013570;0.000000;4.545455;1.095238;21.000000;0.000073;39.34%;0.000030;16.32%;0.000083;44.34%;0.000063;34.02%;0.000006;0.000055;0.000003;0.000002757348;true;false;2;20;1.000000;0.000000;10.500;17519.963589513776
nonconvex_bnb_cgal;359;0;15;56;37324800;159;1;142;16;57;86;1;10.544;62;96;813.653412180297;813.647848503196;813.647848503196;0.000684;0.000000;60.139860;2.789474;8.875000;0.001175;64.82%;0.000125;6.92%;0.000512;28.26%;0.000395;21.76%;0.000005;0.000355;0.000035;0.000002481635;true;false;6;56;1.000000;0.000000;10.732;130334.930330043368
nonconvex_bnb_cgal;360;0;50;176;28759773605894553600000000;7318;1;7173;144;2124;5050;1;38.026;246;345;4239.764760047041;4239.754548771194;4239.754548771194;0.000241;0.000000;70.393086;3.445386;49.812500;0.005252;6.24%;0.000536;0.64%;0.078428;93.13%;0.054254;64.42%;0.000012;0.053251;0.000991;0.000007413826;true;false;7;2123;1.000000;0.002059;38.044;31097285.724751573056
nonconvex_bnb_cgal;361;0;30;30;1;32;1;30;1;31;0;1;15.000;158;158;217604.850137945905;217602.559616122278;217602.559616122278;0.001053;0.000000;0.000000;1.032258;30.000000;0.000380;51.34%;0.000074;9.97%;0.000287;38.69%;0.000237;31.95%;0.000013;0.000219;0.000005;0.000007399812;true;false;1;30;1.000000;0.000000;15.500;6963281.907715915702
nonconvex_bnb_cgal;362;0;19;72;50960793600;219;1;212;6;67;146;1;13.209;93;128;325.287901104029;325.286656155022;325.286656155022;0.000383;0.000000;68.544601;3.268657;35.333333;0.001630;58.88%;0.000183;6.60%;0.000956;34.52%;0.000707;25.52%;0.000006;0.000683;0.000017;0.000003226973;true;false;6;66;1.000000;0.000001;13.409;71471.482165372203
nonconvex_bnb_cgal;363;0;40;165;1011085790832230400000000;8467;1;8274;192;2123;6152;1;31.942;180;266;863.391231906866;863.390089172058;863.390089172058;0.000132;0.000000;74.344411;3.988224;43.093750;0.002657;2.99%;0.000423;0.48%;0.085664;96.53%;0.062367;70.28%;0.000011;0.061003;0.001353;0.000007365924;true;false;7;2122;0.999934;0.057047;31.957;7334779.721016068943
nonconvex_bnb_cgal;364;0;10;25;3072;27;1;25;1;11;15;1;5.000;49;57;262.461647563419;262.372993684467;262.372993684467;0.033789;0.000000;57.692308;2.454545;25.000000;0.000356;72.54%;0.000046;9.29%;0.000089;18.17%;0.000066;13.36%;0.000005;0.000059;0.000002;0.000002425963;true;false;4;10;0.999995;0.001350;5.500;7233.847784218800
nonconvex_bnb_cgal;365;0;40;175;12036735605145600000000000;382964;1;382771;192;76549;306223;1;33.148;175;262;745.396437588284;745.394845967071;745.394845967071;0.000214;0.000000;80.001411;5.002861;1993.598958;0.002963;0.07%;0.000434;0.01%;4.038774;99.92%;2.923628;72.33%;0.000012;2.922162;0.001454;0.000007634211;true;false;6;76548;0.999809;0.142314;33.148;286685580.740788280964
nonconvex_bnb_cgal;366;0;20;89;6220800000000;729;1;712;16;173;540;1;13.665;87;130;302.154082860515;302.154080463808;302.154080463808;0.000001;0.000000;75.736325;4.213873;44.500000;0.001496;34.69%;0.000217;5.02%;0.002601;60.29%;0.001798;41.69%;0.000005;0.001756;0.000037;0.000002467012;true;false;6;172;0.999692;0.093193;13.744;222315.846512912132
nonconvex_bnb_cgal;367;0;15;28;3072;99;1;92;6;55;38;1;9.873;62;74;683.930494109716;683.930106836297;683.930106836297;0.000057;0.000000;40.860215;1.800000;15.333333;0.000279;43.75%;0.000046;7.25%;0.000312;49.00%;0.000231;36.21%;0.000005;0.000215;0.000012;0.000002330798;true;false;4;54;0.999933;0.045598;10.056;68174.631846796095
nonconvex_bnb_cgal;368;0;50;77;15925248;6457;1;6072;384;4087;1986;1;40.937;206;228;5064.907728314502;5064.882322026589;5064.882322026589;0.000502;0.000000;32.702124;1.579887;15.812500;0.000643;1.32%;0.000126;0.26%;0.048154;98.43%;0.036117;73.82%;0.000014;0.033983;0.002119;0.000005593392;true;false;4;4086;1.000000;0.000000;40.947;32727337.114484958351
nonconvex_bnb_cgal;369;0;60;125;30433622863380480;3950;1;3821;128;2141;1681;1;50.511;260;320;3906.236223339453;3906.223528665062;3906.223528665062;0.000325;0.000000;43.982208;1.844932;29.851562;0.001208;3.07%;0.000228;0.58%;0.037887;96.35%;0.028290;71.94%;0.000014;0.027363;0.000914;0.000007161949;true;false;5;2140;1.000000;0.000000;50.535;15445436.891226299107
nonconvex_bnb_cgal;370;0;50;50;1;52;1;50;1;51;0;1;25.000;272;272;43.630269930902;43.630210757148;43.630210757148;0.000136;0.000000;0.000000;1.019608;50.000000;0.000643;53.18%;0.000123;10.19%;0.000443;36.63%;0.000331;27.35%;0.000014;0.000310;0.000006;0.000006358212;true;false;1;50;1.000000;0.000000;25.500;2268.770959371682
nonconvex_bnb_cgal;371;0;10;10;1;12;1;10;1;11;0;1;5.000;50;50;4155070.897014995106;4154273.609940116294;4154273.609940116294;0.019192;0.000000;0.000000;1.090909;10.000000;0.000113;64.51%;0.000024;13.77%;0.000038;21.72%;0.000030;17.23%;0.000005;0.000024;0.000002;0.000002507167;true;false;1;10;1.000000;0.000000;5.500;49851283.319281399250
nonconvex_bnb_cgal;372;0;40;173;2711419206196377600;2862;1;2829;32;706;2124;1;31.938;160;240;3379.432782357946;3379.414959194589;3379.414959194589;0.000527;0.000000;75.053004;4.053824;88.406250;0.005500;16.55%;0.000485;1.46%;0.027250;81.99%;0.020757;62.45%;0.000011;0.020558;0.000188;0.000007252584;true;false;11;705;0.999996;0.014201;31.983;9693782.087351728231
nonconvex_bnb_cgal;373;0;30;120;277389791723520000;805;1;796;8;205;592;1;16.473;131;192;541.047444731293;541.045620420146;541.045620420146;0.000337;0.000000;74.278545;3.926829;99.500000;0.004744;35.30%;0.000557;4.15%;0.008138;60.55%;0.006243;46.46%;0.000017;0.006166;0.000060;0.000007755637;true;false;7;204;0.999991;0.004890;16.554;437725.989619151631
nonconvex_bnb_cgal;374;0;50;204;420714402463371755520000000000;4153;1;4136;16;975;3162;1;35.410;217;313;1191.538918359813;1191.538064166570;1191.538064166570;0.000072;0.000000;76.432197;4.259487;258.500000;0.003290;5.30%;0.000500;0.80%;0.058306;93.90%;0.042641;68.67%;0.000013;0.042493;0.000135;0.000010267458;true;false;6;974;0.999986;0.017269;35.447;4958383.094641828910
nonconvex_bnb_cgal;375;0;20;71;31850496000;368;1;359;8;107;253;1;13.121;86;137;794.910669902143;794.900482854744;794.900482854744;0.001282;0.000000;70.277778;3.439252;44.875000;0.001609;48.50%;0.000165;4.97%;0.001544;46.53%;0.001148;34.60%;0.000006;0.001120;0.000021;0.000003118663;true;false;6;106;0.999999;0.000640;13.245;294926.742460033624
nonconvex_bnb_cgal;376;0;5;15;216;42;1;40;1;15;26;1;2.400;24;33;30.526425393995;30.526160526078;30.526160526078;0.000868;0.000000;63.414634;2.800000;40.000000;0.000285;72.33%;0.000034;8.67%;0.000075;19.00%;0.000054;13.78%;0.000003;0.000051;0.000001;0.000001293667;true;false;4;14;0.979881;0.614157;2.571;1299.720090283966
nonconvex_bnb_cgal;377;0;5;8;8;10;1;8;1;6;3;1;2.500;20;24;60.527191966767;60.463385153483;60.463385153483;0.105530;0.000000;33.333333;1.666667;8.000000;0.000055;62.49%;0.000013;14.84%;0.000020;22.68%;0.000015;16.71%;0.000002;0.000012;0.000001;0.000001483200;true;false;2;5;0.996959;0.183869;3.000;637.159242761072
nonconvex_bnb_cgal;378;0;15;55;155520000;109;1;106;2;31;76;0;7.742;69;88;209.316037552887;209.316037552887;209.316037552887;0.000000;0.000000;71.028037;3.516129;53.000000;0.000854;48.98%;0.000127;7.30%;0.000762;43.72%;0.000550;31.54%;0.000004;0.000536;0.000009;0.000005045404;true;false;5;30;1.000000;0.000000;8.000;23096.104425674705
nonconvex_bnb_cgal;379;0;50;75;2519424;166;1;161;4;120;42;1;30.550;203;226;3382.420758951506;3382.408002091630;3382.408002091630;0.000377;0.000000;25.925926;1.383333;40.250000;0.001423;51.03%;0.000118;4.23%;0.001248;44.74%;0.000919;32.96%;0.000011;0.000887;0.000021;0.000005538114;true;false;3;119;0.999999;0.003045;30.807;561846.693920754828
nonconvex_bnb_cgal;380;0;5;18;432;24;1;21;2;8;14;1;3.000;22;33;30.641542844664;30.637120997823;30.637120997823;0.014433;0.000000;63.636364;3.000000;10.500000;0.000283;75.96%;0.000042;11.18%;0.000048;12.86%;0.000034;9.09%;0.000002;0.000030;0.000002;0.000001413083;true;false;6;7;1.000000;0.000000;3.429;781.357916119172
nonconvex_bnb_cgal;381;0;30;49;20480;96;1;93;2;60;34;1;15.483;125;141;2733.988191860110;2733.972750126813;2733.972750126813;0.000565;0.000000;36.170213;1.600000;46.500000;0.000683;54.35%;0.000081;6.42%;0.000493;39.24%;0.000357;28.36%;0.000007;0.000343;0.000007;0.000003715656;true;false;5;59;0.999961;0.106654;15.746;263018.518532009155
nonconvex_bnb_cgal;382;0;60;133;63107160369505763328;94828;1;82539;12288;50244;32296;1;53.762;265;334;4376.481027483715;4376.467878932280;4376.467878932280;0.000300;0.000000;39.127696;1.887350;6.717041;0.001306;0.11%;0.000261;0.02%;1.211707;99.87%;0.925893;76.31%;0.000013;0.809444;0.116437;0.000009763922;true;false;4;50243;0.999979;0.090352;53.763;415213069.668214261532
nonconvex_bnb_cgal;383;0;40;87;57330892800;297;1;292;4;141;152;1;22.482;170;217;2364.434987575247;2364.408548913076;2364.408548913076;0.001118;0.000000;51.877133;2.106383;73.000000;0.002969;57.21%;0.000165;3.18%;0.002056;39.61%;0.001508;29.05%;0.000009;0.001482;0.000016;0.000005076044;true;false;5;140;0.999949;0.119957;22.643;703683.560349786771
nonconvex_bnb_cgal;384;0;20;70;176359680;483;1;466;16;159;308;1;14.918;85;130;1468.783144330231;1468.727286952668;1468.727286952668;0.003803;0.000000;65.952891;3.037736;29.125000;0.006212;76.91%;0.000208;2.57%;0.001657;20.52%;0.001281;15.86%;0.000005;0.001238;0.000038;0.000002651824;true;false;12;158;1.000000;0.000000;15.013;715339.391179417493
nonconvex_bnb_cgal;385;0;10;47;2612736;85;1;81;3;19;63;1;6.474;47;75;358.497536195178;358.497536195178;358.497347904861;0.000053;0.000053;76.829268;4.473684;27.000000;0.002064;83.70%;0.000176;7.16%;0.000226;9.15%;0.000158;6.42%;0.000003;0.000151;0.000005;0.000001862212;true;false;7;18;0.999989;0.004040;6.833;30998.789119998190
nonconvex_bnb_cgal;386;0;10;10;1;12;1;10;1;11;0;1;5.000;40;40;214.307278862458;214.219956304736;214.219956304736;0.040763;0.000000;0.000000;1.090909;10.000000;0.000078;63.07%;0.000015;12.45%;0.000030;24.49%;0.000023;18.33%;0.000004;0.000017;0.000002;0.000001892333;true;false;1;10;1.000000;0.000000;5.500;2570.639475656834
nonconvex_bnb_cgal;387;0;49;193;33396309267542449953177600000;44002;1;40929;3072;13965;26965;1;41.493;216;315;1300.278552288329;1300.278441230913;1300.278441230913;0.000009;0.000000;65.880772;3.150877;13.323242;0.003208;0.66%;0.000481;0.10%;0.481763;99.24%;0.358488;73.85%;0.000013;0.336630;0.021845;0.000008147082;true;false;7;13964;0.999987;0.016765;41.496;57287662.068665407598
nonconvex_bnb_cgal;388;0;20;20;1;22;1;20;1;21;0;1;10.000;104;104;134240.619501798705;134221.598061279830;134221.598061279830;0.014172;0.000000;0.000000;1.047619;20.000000;0.000252;8.46%;0.000046;1.55%;0.002685;89.99%;0.002644;88.61%;0.000007;0.002629;0.000009;0.000120193227;true;false;1;20;1.000000;0.000000;10.500;2952875.157348156441
nonconvex_bnb_cgal;389;0;29;128;2157476157849600000;2533;1;2434;98;604;1831;2;24.275;123;192;502.684203074831;502.682239561394;502.682141078353;0.000410;0.000020;75.195072;4.193709;24.836735;0.003737;16.67%;0.000418;1.87%;0.018264;81.47%;0.012985;57.92%;0.000008;0.012439;0.000539;0.000005126422;true;false;7;603;1.000000;0.000066;24.315;1276610.997733426746
nonconvex_bnb_cgal;390;0;50;94;122305904640;7749;1;7492;256;4187;3306;1;39.858;220;254;5775.274318588255;5775.236369989611;5775.236369989611;0.000657;0.000000;44.121180;1.850728;29.265625;0.002447;1.69%;0.000584;0.40%;0.141499;97.90%;0.103177;71.39%;0.000043;0.101103;0.002031;0.000013314890;true;false;5;4186;1.000000;0.000602;39.867;44778910.953698597848
nonconvex_bnb_cgal;391;0;60;244;352423730384732160000000;380507;1;379482;1024;114661;264822;1;22.449;279;402;18280.830627517200;18280.798574533655;18280.798574533655;0.000175;0.000000;69.784944;3.318539;370.587891;0.056740;1.05%;0.001295;0.02%;5.358715;98.93%;3.921085;72.39%;0.000015;3.911349;0.009722;0.000010304897;true;false;33;114660;0.999617;6.999086;22.450;6971647227.078801155090
nonconvex_bnb_cgal;392;0;40;150;18260173718028288000000;5649;1;5648;0;1501;4148;0;12.581;181;266;2347.856279932350;2347.856279932350;2347.856279932350;0.000000;0.000000;73.428925;3.763491;0.000000;0.002383;5.27%;0.000404;0.89%;0.042444;93.84%;0.029386;64.97%;0.000010;0.029376;0.000000;0.000005202012;true;false;5;1500;0.999686;0.736945;12.589;13313879.171909879893
nonconvex_bnb_cgal;393;0;40;40;1;42;1;40;1;41;0;1;20.000;160;160;3831.890452223523;3831.886361164790;3831.886361164790;0.000107;0.000000;0.000000;1.024390;40.000000;0.000167;36.06%;0.000057;12.22%;0.000239;51.72%;0.000185;40.00%;0.000009;0.000172;0.000004;0.000004408786;true;false;1;40;1.000000;0.000000;20.500;160939.227168921352
nonconvex_bnb_cgal;394;0;30;45;10368;94;1;89;4;67;23;1;19.388;122;138;1703.611228083037;1703.562713517142;1703.562713517142;0.002848;0.000000;25.555556;1.402985;22.250000;0.000413;47.73%;0.000068;7.80%;0.000385;44.47%;0.000290;33.54%;0.000007;0.000272;0.000012;0.000003086415;true;false;3;66;1.000000;0.000000;19.682;160380.004370630282
nonconvex_bnb_cgal;395;0;15;18;8;20;1;18;1;16;3;1;7.500;60;63;416.426689714617;416.401074528419;416.401074528419;0.006152;0.000000;15.789474;1.250000;18.000000;0.000082;47.91%;0.000027;15.54%;0.000063;36.55%;0.000050;29.10%;0.000005;0.000044;0.000002;0.000002504150;true;false;2;15;1.000000;0.000000;8.000;8349.159419216179
nonconvex_bnb_cgal;396;0;50;104;265751101440;69785;1;65176;4608;40947;24230;1;45.067;205;250;4825.574399973037;4825.531860167078;4825.531860167078;0.000882;0.000000;37.175691;1.704276;14.144097;0.001158;0.16%;0.000175;0.02%;0.716610;99.81%;0.517509;72.08%;0.000011;0.485695;0.031803;0.000007415756;true;false;11;40946;1.000000;0.000000;45.069;337136905.649754941463
nonconvex_bnb_cgal;397;0;59;230;6469469987255113279287456862044160;10879;1;10686;192;3289;7398;1;49.822;264;396;1257.435357736484;1257.434456402631;1257.434456402631;0.000072;0.000000;69.224291;3.307692;55.656250;0.006965;3.95%;0.000596;0.34%;0.168740;95.71%;0.119630;67.86%;0.000016;0.117909;0.001705;0.000010996407;true;false;6;3288;1.000000;0.000024;49.837;13699018.783188892528
nonconvex_bnb_cgal;398;0;10;21;162;102;1;93;8;69;25;1;6.116;42;49;505.871927768458;505.871870660970;505.871870660970;0.000011;0.000000;26.595745;1.478261;11.625000;0.000270;55.73%;0.000040;8.19%;0.000175;36.07%;0.000121;24.97%;0.000002;0.000110;0.000009;0.000001186294;true;false;6;68;1.000000;0.000000;6.206;51950.883040097302
nonconvex_bnb_cgal;399;0;40;181;81764975326003200000000;791;1;766;24;181;586;1;27.160;190;285;2809.484043317847;2809.484043317847;2809.480711523466;0.000119;0.000119;76.401565;4.370166;31.916667;0.013557;57.01%;0.000600;2.52%;0.009624;40.47%;0.006988;29.39%;0.000010;0.006786;0.000192;0.000008834685;true;false;12;180;0.999995;0.013511;27.311;2225880.487196554430
nonconvex_bnb_cgal;400;0;40;40;1;42;1;40;1;41;0;1;20.000;218;218;385212.670334682101;385212.237104820553;385212.237104820553;0.000112;0.000000;0.000000;1.024390;40.000000;0.000636;36.19%;0.000203;11.58%;0.000918;52.23%;0.000667;37.99%;0.000022;0.000632;0.000014;0.000015891786;true;false;1;40;1.000000;0.000000;20.500;16178913.958402449265
nonconvex_bnb_cgal;401;0;50;68;46656;876;1;851;24;664;188;1;35.797;201;216;8702.089909345610;8701.983061275447;8701.983061275447;0.001228;0.000000;22.065728;1.319277;35.458333;0.000558;4.81%;0.000098;0.85%;0.010924;94.34%;0.007598;65.62%;0.000010;0.007433;0.000155;0.000008673854;true;false;3;663;1.000000;0.000000;35.851;7625292.560213564895
nonconvex_bnb_cgal;402;0;59;252;1413600392276928976337520511674220544;10776;1;10647;128;2613;8035;1;47.927;273;373;1395.054448612866;1395.048020158703;1395.048020158703;0.000461;0.000000;75.460180;4.123995;83.179688;0.004144;2.07%;0.000903;0.45%;0.194802;97.47%;0.145795;72.95%;0.000030;0.144573;0.001193;0.000013529642;true;false;8;2612;1.000000;0.000134;47.945;15062754.062814693898
nonconvex_bnb_cgal;403;0;60;60;1;62;1;60;1;61;0;1;30.000;334;334;176550.203521872521;176548.993589386781;176548.993589386781;0.000685;0.000000;0.000000;1.016393;60.000000;0.001199;46.85%;0.000396;15.46%;0.000965;37.69%;0.000793;30.97%;0.000130;0.000655;0.000008;0.000012785677;true;false;1;60;1.000000;0.000000;30.500;10946037.602541964501
nonconvex_bnb_cgal;404;0;30;31;2;33;1;31;1;31;1;1;15.000;120;121;1093.570416555778;1093.558461552713;1093.558461552713;0.001093;0.000000;3.125000;1.064516;31.000000;0.000263;54.76%;0.000047;9.73%;0.000170;35.51%;0.000139;28.88%;0.000009;0.000126;0.000004;0.000004198242;true;false;2;30;0.999987;0.014293;15.500;36089.203254224347
nonconvex_bnb_cgal;405;0;10;10;1;12;1;10;1;11;0;1;5.000;40;40;185.377987899292;185.075325639938;185.075325639938;0.163535;0.000000;0.000000;1.090909;10.000000;0.000039;43.01%;0.000016;18.15%;0.000035;38.83%;0.000029;31.89%;0.000005;0.000022;0.000002;0.000002409750;true;false;1;10;1.000000;0.000000;5.500;2220.903907679256
nonconvex_bnb_cgal;406;0;15;47;3456000;49;1;47;1;16;32;1;7.500;76;105;840.723585592506;840.717048365860;840.717048365860;0.000778;0.000000;66.666667;3.062500;47.000000;0.001082;76.89%;0.000137;9.74%;0.000188;13.37%;0.000146;10.37%;0.000006;0.000138;0.000002;0.000002979592;true;false;5;15;1.000000;0.000000;8.000;41610.899343771147
nonconvex_bnb_cgal;407;0;50;91;27518828544;1215;1;1166;48;735;432;1;37.461;203;236;3631.902089703713;3631.866851656414;3631.866851656414;0.000970;0.000000;37.017995;1.653061;24.291667;0.000675;5.11%;0.000146;1.11%;0.012379;93.78%;0.009874;74.80%;0.000012;0.009570;0.000291;0.000008126565;true;false;4;734;0.999999;0.002277;37.512;4418627.410601829179
nonconvex_bnb_cgal;408;0;30;81;3527193600;343;1;330;12;132;199;1;20.068;128;161;7339.953183550190;7339.949227005752;7339.949227005752;0.000054;0.000000;60.120846;2.598485;27.500000;0.001705;50.20%;0.000154;4.53%;0.001537;45.27%;0.001181;34.78%;0.000008;0.001133;0.000040;0.000003443959;true;false;9;131;1.000000;0.000000;20.221;2528735.663048075512
nonconvex_bnb_cgal;409;0;10;38;345600;67;1;65;1;17;49;1;3.765;41;62;80.662685349565;80.662456940700;80.662456940700;0.000283;0.000000;74.242424;3.941176;65.000000;0.000477;65.61%;0.000079;10.92%;0.000171;23.47%;0.000131;18.01%;0.000003;0.000126;0.000001;0.000001955149;true;false;6;16;0.992774;0.582890;4.000;5546.741349680731
nonconvex_bnb_cgal;410;0;35;35;1;37;1;35;1;36;0;1;17.500;191;191;63743.093543434210;63742.263616934222;63742.263616934222;0.001302;0.000000;0.000000;1.027778;35.000000;0.000456;55.20%;0.000092;11.13%;0.000278;33.67%;0.000215;26.08%;0.000013;0.000198;0.000005;0.000005824324;true;false;1;35;1.000000;0.000000;18.000;2358463.753826566506
nonconvex_bnb_cgal;411;0;15;32;288;34;1;32;1;16;17;1;7.500;59;74;1274.432215920759;1274.431785895948;1274.431785895948;0.000034;0.000000;51.515152;2.125000;32.000000;0.010731;98.39%;0.000063;0.58%;0.000112;1.03%;0.000079;0.72%;0.000005;0.000072;0.000002;0.000002313735;true;false;12;15;1.000000;0.000000;8.000;43685.282947433858
nonconvex_bnb_cgal;412;0;14;60;464486400;112;1;109;2;28;82;1;7.464;63;91;160.974756919864;160.974707408901;160.974707408901;0.000031;0.000000;74.545455;4.000000;54.500000;0.003638;84.81%;0.000295;6.87%;0.000357;8.31%;0.000277;6.46%;0.000004;0.000269;0.000004;0.000002472107;true;false;7;27;0.999792;0.033560;7.741;18285.343080920651
nonconvex_bnb_cgal;413;0;20;36;10368;86;1;81;4;46;36;1;13.087;84;101;716.324927432524;716.287313490505;716.287313490505;0.005251;0.000000;43.902439;1.869565;20.250000;0.000683;36.59%;0.000127;6.80%;0.001057;56.62%;0.000803;43.02%;0.000014;0.000756;0.000033;0.000009337651;true;false;4;45;1.000000;0.000000;13.378;61759.869987586921
nonconvex_bnb_cgal;414;0;45;45;1;47;1;45;1;46;0;1;22.500;254;254;782967.809638240957;782956.434520198265;782956.434520198265;0.001453;0.000000;0.000000;1.021739;45.000000;0.001285;46.90%;0.000231;8.44%;0.001223;44.66%;0.001031;37.62%;0.000024;0.001000;0.000006;0.000021926383;true;false;1;45;1.000000;0.000000;23.000;36798952.422449357808
nonconvex_bnb_cgal;415;0;40;130;464958127079424000;931;1;906;24;302;605;1;32.550;192;267;3423.376020221029;3423.348570176244;3423.348570176244;0.000802;0.000000;66.703418;3.082781;37.750000;0.005032;34.92%;0.000347;2.41%;0.009030;62.67%;0.006467;44.89%;0.000012;0.006301;0.000154;0.000006946727;true;false;11;301;0.999999;0.002449;32.658;3197425.437178738415
nonconvex_bnb_cgal;416;0;5;18;540;20;1;18;1;6;13;1;2.500;16;31;57.652634188818;57.652204662477;57.652204662477;0.000745;0.000000;68.421053;3.333333;18.000000;0.000638;81.79%;0.000072;9.26%;0.000070;8.95%;0.000052;6.66%;0.000003;0.000047;0.000002;0.000002600050;true;false;5;5;0.999996;0.000209;3.000;1179.154134877732
nonconvex_bnb_cgal;417;0;20;87;159667200000;749;1;736;12;173;564;1;12.867;91;115;1193.167695848392;1193.118467054118;1193.118467054118;0.004126;0.000000;76.526459;4.329480;61.333333;0.004142;34.32%;0.000590;4.89%;0.007337;60.80%;0.006357;52.67%;0.000010;0.006302;0.000045;0.000008487013;true;false;11;172;1.000000;0.000000;12.942;903717.320672653383
nonconvex_bnb_cgal;418;0;60;84;53760;378;1;369;8;261;109;1;39.785;243;263;5345.365284012621;5345.309738167030;5345.309738167030;0.001039;0.000000;29.459459;1.448276;46.125000;0.001848;27.69%;0.000240;3.59%;0.004586;68.72%;0.003176;47.58%;0.000023;0.003082;0.000071;0.000008400810;true;false;7;260;1.000000;0.000000;39.938;2023294.097660336178
nonconvex_bnb_cgal;419;0;15;63;1492992000;1307;1;1274;32;330;945;1;11.012;67;99;186.649793100466;186.647696026161;186.647696026161;0.001124;0.000000;74.117647;3.960606;39.812500;0.000921;19.52%;0.000146;3.10%;0.003650;77.38%;0.002663;56.46%;0.000005;0.002593;0.000065;0.000002037671;true;false;6;329;0.999930;0.013067;11.046;245363.668358802272
nonconvex_bnb_cgal;420;0;20;45;580608;359;1;342;16;200;143;1;13.920;84;107;832.505757564894;832.498400919249;832.498400919249;0.000884;0.000000;41.690962;1.795000;21.375000;0.000784;33.32%;0.000091;3.86%;0.001478;62.82%;0.001186;50.40%;0.000008;0.001130;0.000048;0.000003302382;true;false;7;199;0.999994;0.005147;13.990;300000.027304356860
nonconvex_bnb_cgal;421;0;60;60;1;62;1;60;1;61;0;1;30.000;335;335;469800.943973843183;469798.221411040169;469798.221411040169;0.000580;0.000000;0.000000;1.016393;60.000000;0.000696;45.05%;0.000170;11.02%;0.000679;43.92%;0.000539;34.89%;0.000021;0.000509;0.000009;0.000008698903;true;false;1;60;1.000000;0.000000;30.500;29127489.727484535426
nonconvex_bnb_cgal;422;0;50;177;295814814232058265600000000;3435;1;3338;96;974;2365;1;41.536;222;338;3191.474078509942;3191.446871505617;3191.446871505617;0.000852;0.000000;70.829590;3.526694;34.770833;0.005023;9.13%;0.000871;1.58%;0.049152;89.29%;0.038463;69.87%;0.000025;0.037741;0.000698;0.000011197485;true;false;6;973;1.000000;0.000288;41.579;10983031.962383743376
nonconvex_bnb_cgal;423;0;30;64;167961600;68;1;64;3;33;32;1;15.909;139;164;3056.819367527095;3056.714867017944;3056.714867017944;0.003419;0.000000;49.230769;2.060606;21.333333;0.002729;68.01%;0.000228;5.69%;0.001056;26.30%;0.000820;20.43%;0.000017;0.000773;0.000030;0.000012056956;true;false;5;32;1.000000;0.000000;16.406;209050.213957288943
nonconvex_bnb_cgal;424;0;10;27;1512;49;1;43;5;23;21;1;7.087;48;63;371.306304164915;371.306014037444;371.306014037444;0.000078;0.000000;47.727273;2.130435;8.600000;0.001834;80.49%;0.000322;14.14%;0.000122;5.37%;0.000088;3.84%;0.000003;0.000078;0.000006;0.000001786551;true;false;7;22;1.000000;0.000000;7.409;18360.014770210197
nonconvex_bnb_cgal;425;0;10;42;1382400;82;1;77;4;23;55;1;6.304;42;65;122.726255128532;122.725912814607;122.725912814607;0.000279;0.000000;70.512821;3.565217;19.250000;0.000735;70.97%;0.000093;8.97%;0.000208;20.06%;0.000158;15.30%;0.000004;0.000149;0.000006;0.000001932451;true;false;6;22;1.000000;0.000000;6.591;10207.519931030685
nonconvex_bnb_cgal;426;0;30;108;1828497162240000;13364;1;13075;288;3978;9098;1;22.890;131;190;1744.332536437234;1744.318992098523;1744.318992098523;0.000776;0.000000;69.577853;3.359477;45.399306;0.012367;9.77%;0.000508;0.40%;0.113710;89.83%;0.080021;63.22%;0.000013;0.078716;0.001292;0.000005987810;true;false;12;3977;0.999994;0.010922;22.896;23415507.170937664807
nonconvex_bnb_cgal;427;0;30;30;1;32;1;30;1;31;0;1;15.000;160;160;35824.332437551326;35823.724335073035;35823.724335073035;0.001697;0.000000;0.000000;1.032258;30.000000;0.000389;58.64%;0.000078;11.71%;0.000197;29.65%;0.000153;23.00%;0.000011;0.000137;0.000004;0.000004773375;true;false;1;30;1.000000;0.000000;15.500;1146359.178722337121
nonconvex_bnb_cgal;428;0;15;40;746496;72;1;69;2;28;42;1;8.357;68;91;787.340622031271;787.324339364367;787.324339364367;0.002068;0.000000;60.000000;2.571429;34.500000;0.000596;21.11%;0.000083;2.95%;0.002144;75.94%;0.002084;73.83%;0.000004;0.002076;0.000004;0.000028947903;true;false;6;27;0.999999;0.000760;8.667;57408.867779602740
nonconvex_bnb_cgal;429;0;10;15;12;17;1;15;1;11;5;1;5.000;41;43;210.015055933972;209.982305136377;209.982305136377;0.015597;0.000000;31.250000;1.545455;15.000000;0.000210;76.15%;0.000023;8.40%;0.000043;15.45%;0.000028;10.05%;0.000003;0.000023;0.000001;0.000001634765;true;false;4;10;1.000000;0.000000;5.500;3612.996872300585
nonconvex_bnb_cgal;430;0;30;125;1547934105600000000;550;1;533;16;146;388;1;21.048;130;190;609.519485964291;609.518575842149;609.518575842149;0.000149;0.000000;72.659176;3.767123;33.312500;0.004283;42.60%;0.000310;3.09%;0.005461;54.32%;0.003869;38.48%;0.000008;0.003769;0.000092;0.000007033865;true;false;6;145;0.999973;0.016408;21.193;336914.161440801283
nonconvex_bnb_cgal;431;0;48;198;48748779200839684707284156416;39338;1;39313;24;9497;29817;1;35.890;220;314;1010.711639364439;1010.709853627507;1010.709853627507;0.000177;0.000000;75.843211;4.142150;1638.041667;0.008836;1.73%;0.000497;0.10%;0.501396;98.17%;0.380556;74.51%;0.000017;0.380304;0.000235;0.000009673999;true;false;6;9496;0.999956;0.044310;35.894;39862394.535216405988
nonconvex_bnb_cgal;432;0;4;12;72;20;1;17;2;8;10;1;2.375;18;26;253.025212091334;253.025212091334;253.024144546710;0.000422;0.000422;55.555556;2.500000;8.500000;0.000253;81.74%;0.000028;9.07%;0.000028;9.19%;0.000021;6.69%;0.000001;0.000018;0.000001;0.000001035450;true;false;4;7;0.999997;0.000763;2.714;5308.651619994242
nonconvex_bnb_cgal;433;0;10;31;58320;50;1;47;2;18;30;1;5.778;39;58;269.568079212525;269.552919670445;269.552919670445;0.005624;0.000000;62.500000;2.777778;23.500000;0.001341;82.73%;0.000061;3.76%;0.000219;13.51%;0.000191;11.76%;0.000003;0.000185;0.000002;0.000003812480;true;false;5;17;0.999945;0.014759;6.118;13714.080614605225
nonconvex_bnb_cgal;434;0;15;66;2419200000;230;1;217;12;62;156;1;10.532;62;106;203.255732626439;203.255058808382;203.255058808382;0.000332;0.000000;71.559633;3.709677;18.083333;0.002383;69.86%;0.000238;6.98%;0.000790;23.16%;0.000611;17.91%;0.000005;0.000579;0.000027;0.000002656335;true;false;7;61;0.999416;0.118674;10.705;47186.220855459425
nonconvex_bnb_cgal;435;0;50;93;92876046336;14717;1;13564;1152;9008;4557;1;42.899;202;243;4353.737309510214;4353.724818783541;4353.724818783541;0.000287;0.000000;33.593808;1.633770;11.774306;0.001928;1.13%;0.000151;0.09%;0.167838;98.78%;0.124374;73.20%;0.000011;0.112812;0.011551;0.000008451020;true;false;4;9007;1.000000;0.000261;42.904;64105093.578420326114
nonconvex_bnb_cgal;436;0;10;11;2;13;1;11;1;11;1;1;5.000;40;41;279.338687735927;279.235883729244;279.235883729244;0.036816;0.000000;8.333333;1.181818;11.000000;0.000093;64.27%;0.000019;13.00%;0.000033;22.73%;0.000025;17.04%;0.000004;0.000019;0.000002;0.000001891000;true;false;2;10;0.999983;0.004757;5.500;3636.625598639644
nonconvex_bnb_cgal;437;0;5;20;960;32;1;29;2;9;21;1;3.000;22;33;22.806100799468;22.805334070708;22.805334070708;0.003362;0.000000;70.000000;3.555556;14.500000;0.000312;78.06%;0.000039;9.87%;0.000048;12.07%;0.000035;8.76%;0.000002;0.000031;0.000002;0.000001092406;true;false;5;8;1.000000;0.000000;3.375;786.453168116865
nonconvex_bnb_cgal;438;0;50;127;670771445760000;554;1;537;16;277;261;1;36.534;224;301;3342.392882195013;3342.382423382556;3342.382423382556;0.000313;0.000000;48.513011;2.000000;33.562500;0.005408;41.38%;0.000361;2.76%;0.007300;55.86%;0.005251;40.18%;0.000013;0.005108;0.000131;0.000009478412;true;false;13;276;1.000000;0.000000;36.667;1856078.687506587710
nonconvex_bnb_cgal;439;0;5;14;144;29;1;26;2;11;16;1;2.727;22;28;38.037434427295;38.035506173002;38.035506173002;0.005070;0.000000;59.259259;2.636364;13.000000;0.000274;77.05%;0.000034;9.68%;0.000047;13.27%;0.000035;9.78%;0.000002;0.000032;0.000001;0.000001199724;true;false;4;10;0.999126;0.033225;3.000;1147.013929104838
nonconvex_bnb_cgal;440;0;60;224;489756133640585848489841388421120;1000000;1;893852;106147;359540;534297;2;58.004;255;397;5727.674920056364;5727.654448278894;5727.654182444170;0.000362;0.000005;59.775664;2.781332;8.420888;0.004355;0.05%;0.000578;0.01%;9.668823;99.95%;7.439608;76.91%;0.000015;6.636521;0.803073;0.000007439608;false;false;7;359555;1.000000;0.000015;58.002;5734086519.226505279541
nonconvex_bnb_cgal;441;0;50;199;272685260855889100800000000000;100301;1;100012;288;27096;72917;1;33.199;219;318;1158.366483316264;1158.364737236904;1158.364737236904;0.000151;0.000000;72.907522;3.701690;347.263889;0.004078;0.32%;0.000472;0.04%;1.265272;99.64%;0.928864;73.15%;0.000013;0.926256;0.002594;0.000009260765;true;false;7;27095;0.999898;0.118593;33.200;116338475.569104507565
nonconvex_bnb_cgal;442;0;30;127;2140353331200000000;2373;1;2228;144;667;1562;1;24.313;145;203;543.026378594099;543.024256243745;543.024256243745;0.000391;0.000000;70.076267;3.557721;15.472222;0.002156;8.24%;0.000323;1.23%;0.023687;90.53%;0.018797;71.84%;0.000010;0.018026;0.000761;0.000007921273;true;false;7;666;0.999998;0.000983;24.350;1293268.048567459919
nonconvex_bnb_cgal;443;0;60;121;1127171217162240;31120;1;30351;768;15482;14870;1;49.400;264;297;6650.325864550768;6650.292266443388;6650.292266443388;0.000505;0.000000;48.991829;2.010076;39.519531;0.001313;0.37%;0.000209;0.06%;0.356154;99.57%;0.257660;72.04%;0.000013;0.251836;0.005810;0.000008279552;true;false;8;15481;0.999998;0.011875;49.403;207134074.302956908941
nonconvex_bnb_cgal;444;0;5;10;16;13;1;10;2;7;4;1;2.857;22;26;242.036740526130;242.032954763285;242.032954763285;0.001564;0.000000;36.363636;1.857143;5.000000;0.000536;87.11%;0.000034;5.54%;0.000045;7.34%;0.000030;4.93%;0.000004;0.000022;0.000004;0.000002336538;true;false;4;6;1.000000;0.000000;3.333;3237.015575759218
nonconvex_bnb_cgal;445;0;15;24;144;47;1;44;2;31;14;1;7.742;68;73;1304.400638050656;1304.384104074773;1304.384104074773;0.001268;0.000000;31.111111;1.516129;22.000000;0.000466;55.50%;0.000073;8.68%;0.000301;35.82%;0.000215;25.59%;0.000008;0.000198;0.000009;0.000004573553;true;false;4;30;1.000000;0.000000;8.000;61610.164043598961
nonconvex_bnb_cgal;446;0;40;80;302330880;215;1;206;8;103;104;1;26.495;171;207;4146.033194743113;4145.997714534643;4145.997714534643;0.000856;0.000000;50.241546;2.087379;25.750000;0.003657;63.32%;0.000172;2.98%;0.001946;33.69%;0.001512;26.17%;0.000012;0.001453;0.000046;0.000007031186;true;false;9;102;1.000000;0.000000;26.755;892623.797385826823
nonconvex_bnb_cgal;447;0;5;15;216;28;1;25;2;10;16;1;2.900;21;32;109.789380050440;109.788941692127;109.788941692127;0.000399;0.000000;61.538462;2.800000;12.500000;0.000194;71.59%;0.000034;12.42%;0.000043;15.99%;0.000031;11.34%;0.000002;0.000027;0.000001;0.000001096750;true;false;4;9;1.000000;0.000000;3.222;3171.401487448690
nonconvex_bnb_cgal;448;0;40;82;313528320;279;1;270;8;146;125;1;23.911;173;199;3797.662333677151;3797.573720512357;3797.573720512357;0.002333;0.000000;46.125461;1.910959;33.750000;0.001294;24.69%;0.000137;2.62%;0.003811;72.69%;0.002771;52.86%;0.000010;0.002721;0.000041;0.000009933412;true;false;9;145;0.999985;0.057775;24.076;1062110.283895122353
nonconvex_bnb_cgal;449;0;10;11;2;19;1;16;2;17;0;1;5.882;40;41;526.270539474881;526.216546102166;526.216546102166;0.010261;0.000000;0.000000;1.117647;8.000000;0.000181;77.37%;0.000016;6.84%;0.000037;15.79%;0.000027;11.55%;0.000003;0.000022;0.000002;0.000001425474;true;false;2;16;1.000000;0.000000;6.250;9998.114375941148
nonconvex_bnb_cgal;450;0;30;82;119439360000;419;1;406;12;184;223;1;22.022;135;174;2255.593861126562;2255.592308382875;2255.592308382875;0.000069;0.000000;54.791155;2.277174;33.833333;0.001366;14.04%;0.000169;1.73%;0.008197;84.23%;0.007281;74.82%;0.000009;0.003060;0.004213;0.000017377513;true;false;5;183;1.000000;0.000000;22.142;947639.611266978784
nonconvex_bnb_cgal;451;0;19;72;47775744000;304;1;291;12;87;205;1;14.747;88;123;216.645244406400;216.644717913066;216.644717913066;0.000243;0.000000;70.205479;3.494253;24.250000;0.003071;61.58%;0.000204;4.10%;0.001712;34.33%;0.001277;25.61%;0.000012;0.001227;0.000038;0.000004201503;true;false;6;86;1.000000;0.000036;14.919;66387.729881307343
nonconvex_bnb_cgal;452;0;39;163;410853908655636480000000;1649;1;1584;64;466;1119;1;31.861;170;250;834.190319708335;834.190286857424;834.190286857424;0.000004;0.000000;70.599369;3.538627;24.750000;0.003380;16.58%;0.000720;3.53%;0.016286;79.89%;0.011978;58.76%;0.000020;0.011588;0.000371;0.000007263975;true;false;6;465;0.999998;0.001431;31.929;1378938.457769287052
nonconvex_bnb_cgal;453;0;25;25;1;27;1;25;1;26;0;1;12.500;130;130;192569.402869342099;192563.710117684765;192563.710117684765;0.002956;0.000000;0.000000;1.038462;25.000000;0.000309;59.30%;0.000059;11.29%;0.000153;29.40%;0.000116;22.26%;0.000010;0.000103;0.000003;0.000004294741;true;false;1;25;1.000000;0.000000;13.000;5199220.173177487217
nonconvex_bnb_cgal;454;0;20;47;8847360;203;1;186;16;105;82;1;15.200;79;105;704.663606248195;704.653476694579;704.653476694579;0.001438;0.000000;43.850267;1.933333;11.625000;0.000310;29.51%;0.000075;7.17%;0.000666;63.31%;0.000495;47.06%;0.000005;0.000454;0.000035;0.000002436828;true;false;5;104;1.000000;0.000000;15.346;143790.727341655991
nonconvex_bnb_cgal;455;0;35;35;1;37;1;35;1;36;0;1;17.500;195;195;667037.080885955598;667035.150663332548;667035.150663332548;0.000289;0.000000;0.000000;1.027778;35.000000;0.000414;14.59%;0.000091;3.20%;0.002335;82.21%;0.000288;10.15%;0.000010;0.000267;0.000011;0.000007791649;true;false;1;35;1.000000;0.000000;18.000;24680300.574543297291
nonconvex_bnb_cgal;456;0;10;28;8640;57;1;54;2;21;34;1;5.238;41;61;330.927407156252;330.908304566082;330.908304566082;0.005773;0.000000;61.818182;2.714286;27.000000;0.001058;81.55%;0.000054;4.17%;0.000185;14.28%;0.000142;10.92%;0.000003;0.000136;0.000003;0.000002486053;true;false;5;20;0.999244;0.250159;5.500;19100.907482672701
nonconvex_bnb_cgal;457;0;39;151;25678369290977280000000;1994;1;1985;8;549;1437;1;23.000;191;257;813.444036741448;813.443644218350;813.443644218350;0.000048;0.000000;72.356495;3.632058;248.125000;0.003157;14.54%;0.000392;1.80%;0.018157;83.65%;0.012689;58.46%;0.000012;0.012640;0.000038;0.000006363744;true;false;6;548;0.999752;0.201678;23.042;1626103.144441038836
nonconvex_bnb_cgal;458;0;20;81;705438720000;10108;1;10071;36;2526;7546;2;12.954;90;130;205.031529014269;205.024873768225;205.024870833241;0.003247;0.000001;74.920572;4.001584;279.750000;0.002108;3.10%;0.000467;0.69%;0.065397;96.21%;0.047709;70.19%;0.000012;0.047570;0.000126;0.000004719911;true;false;7;2525;0.999183;0.167590;12.960;2086803.634745501680
nonconvex_bnb_cgal;459;0;5;6;2;8;1;6;1;6;1;1;2.500;21;22;185.997577090040;185.857651588157;185.857651588157;0.075286;0.000000;14.285714;1.333333;6.000000;0.000061;71.23%;0.000011;12.57%;0.000014;16.20%;0.000010;11.12%;0.000002;0.000007;0.000001;0.000001198125;true;false;2;5;1.000000;0.000000;3.000;1488.171570467251
nonconvex_bnb_cgal;460;0;40;189;9071631546163200465567744;387999;1;382366;5632;101899;280468;2;32.096;175;246;3907.538210554329;3907.528905570754;3907.525799751998;0.000318;0.000079;73.350472;3.807682;67.891690;0.004392;0.13%;0.000644;0.02%;3.484819;99.86%;2.537694;72.72%;0.000029;2.501183;0.036482;0.000006540465;true;false;10;101898;0.999993;0.028378;32.096;1521782708.599967002869
nonconvex_bnb_cgal;461;0;15;65;557383680;158;1;151;6;44;108;1;10.591;65;97;751.065338992805;751.065338992805;751.030811059219;0.004597;0.004597;71.052632;3.590909;25.166667;0.004244;71.72%;0.000367;6.21%;0.001306;22.07%;0.000909;15.36%;0.000007;0.000873;0.000029;0.000005754753;true;false;10;43;0.999981;0.014454;10.837;120338.076557251814
nonconvex_bnb_cgal;462;0;30;32;4;45;1;42;2;42;1;1;17.619;122;124;3950.730065474617;3950.714137655246;3950.714137655246;0.000403;0.000000;2.325581;1.071429;21.000000;0.000452;53.06%;0.000092;10.76%;0.000308;36.18%;0.000212;24.89%;0.000013;0.000192;0.000007;0.000004712022;true;false;2;41;1.000000;0.000000;18.049;177798.875649543508
nonconvex_bnb_cgal;463;0;50;51;2;53;1;51;1;51;1;1;25.000;201;202;2782.250294710301;2782.235647851095;2782.235647851095;0.000526;0.000000;1.923077;1.039216;51.000000;0.000384;13.55%;0.000077;2.73%;0.002372;83.72%;0.001268;44.75%;0.000013;0.001249;0.000006;0.000023918170;true;false;2;50;1.000000;0.000000;25.500;147478.944899045891
nonconvex_bnb_cgal;464;0;50;149;49992297823579668480;147458;1;138241;9216;72789;65453;1;43.312;204;282;4764.231729973226;4764.231729973226;4764.150316320902;0.001709;0.001709;47.346682;2.025828;15.000109;0.004210;0.25%;0.000334;0.02%;1.687361;99.73%;1.254130;74.13%;0.000013;1.170676;0.083442;0.000008505000;true;false;11;72788;1.000000;0.000081;43.312;703417184.857058167458
nonconvex_bnb_cgal;465;0;10;38;552960;75;1;72;2;21;52;1;5.238;44;65;105.506181870100;105.506162883937;105.506162883937;0.000018;0.000000;71.232877;3.571429;36.000000;0.000759;72.42%;0.000091;8.63%;0.000199;18.95%;0.000134;12.80%;0.000003;0.000128;0.000003;0.000001789440;true;false;5;20;1.000000;0.000000;5.500;8063.097246113696
nonconvex_bnb_cgal;466;0;5;17;320;19;1;17;1;6;12;1;2.500;28;37;41.846610250505;41.846604377916;41.846604377916;0.000014;0.000000;66.666667;3.166667;17.000000;0.000486;74.59%;0.000079;12.20%;0.000086;13.20%;0.000064;9.88%;0.000004;0.000057;0.000003;0.000003386053;true;false;5;5;1.000000;0.000000;3.000;822.921994360947
nonconvex_bnb_cgal;467;0;15;59;414720000;116;1;113;2;31;83;1;7.742;67;92;214.494866381585;214.494860972634;214.494860972634;0.000003;0.000000;72.807018;3.741935;56.500000;0.002152;72.32%;0.000253;8.51%;0.000571;19.17%;0.000425;14.28%;0.000010;0.000410;0.000005;0.000003662707;true;false;6;30;1.000000;0.000000;8.000;25177.682268038112
nonconvex_bnb_cgal;468;0;40;40;1;42;1;40;1;41;0;1;20.000;220;220;76703.198084628370;76703.065355605839;76703.065355605839;0.000173;0.000000;0.000000;1.024390;40.000000;0.000527;53.85%;0.000111;11.35%;0.000341;34.80%;0.000231;23.63%;0.000012;0.000214;0.000005;0.000005508952;true;false;1;40;1.000000;0.000000;20.500;3221528.744935446884
nonconvex_bnb_cgal;469;0;45;45;1;47;1;45;1;46;0;1;22.500;249;249;112139.939773519480;112139.623556457169;112139.623556457169;0.000282;0.000000;0.000000;1.021739;45.000000;0.000562;51.98%;0.000117;10.81%;0.000402;37.21%;0.000288;26.66%;0.000013;0.000270;0.000006;0.000006135745;true;false;1;45;1.000000;0.000000;23.000;5270562.307153487578
nonconvex_bnb_cgal;470;0;40;50;576;78;1;75;2;64;12;1;23.234;170;179;3046.346860612819;3046.345034301784;3046.345034301784;0.000060;0.000000;15.789474;1.218750;37.500000;0.000832;31.47%;0.000152;5.75%;0.001659;62.77%;0.001269;48.02%;0.000019;0.001229;0.000022;0.000016275038;true;false;3;63;1.000000;0.000000;23.603;237714.751274795970
nonconvex_bnb_cgal;471;0;15;52;69984000;131;1;124;6;42;83;1;9.690;69;103;177.109299279070;177.109161771835;177.109161771835;0.000078;0.000000;66.400000;3.119048;20.666667;0.001704;75.10%;0.000131;5.76%;0.000434;19.14%;0.000331;14.59%;0.000005;0.000315;0.000012;0.000002527626;true;false;5;41;1.000000;0.000000;9.927;23457.303550209894
nonconvex_bnb_cgal;472;0;15;31;3456;79;1;70;8;37;34;1;9.595;61;74;494.878730835821;494.866853138732;494.866853138732;0.002400;0.000000;47.887324;2.135135;8.750000;0.000430;62.17%;0.000046;6.63%;0.000216;31.20%;0.000163;23.49%;0.000004;0.000145;0.000013;0.000002058544;true;false;6;36;1.000000;0.000000;9.861;39474.284393839713
nonconvex_bnb_cgal;473;0;10;35;186624;55;1;53;1;17;37;1;3.824;47;61;77.603259897757;77.597901289563;77.597901289563;0.006906;0.000000;68.518519;3.235294;53.000000;0.000632;72.09%;0.000088;10.06%;0.000157;17.86%;0.000120;13.66%;0.000003;0.000116;0.000001;0.000002178055;true;false;6;16;0.995577;0.343192;4.062;4328.933649055456
nonconvex_bnb_cgal;474;0;20;20;1;22;1;20;1;21;0;1;10.000;103;103;15.867139880142;15.867049556189;15.867049556189;0.000569;0.000000;0.000000;1.047619;20.000000;0.000259;67.00%;0.000045;11.56%;0.000083;21.44%;0.000060;15.53%;0.000005;0.000053;0.000002;0.000002731136;true;false;1;20;1.000000;0.000000;10.500;349.075090236161
nonconvex_bnb_cgal;475;0;20;31;648;144;1;135;8;102;34;1;13.618;83;94;895.139167087630;895.076818755186;895.076818755186;0.006966;0.000000;25.000000;1.411765;16.875000;0.000298;36.63%;0.000046;5.70%;0.000470;57.67%;0.000341;41.86%;0.000005;0.000319;0.000018;0.000002368688;true;false;3;101;1.000000;0.000000;13.752;129340.438398607017
nonconvex_bnb_cgal;476;0;10;10;1;12;1;10;1;11;0;1;5.000;49;49;4336.433664611673;4336.146682172206;4336.146682172206;0.006618;0.000000;0.000000;1.090909;10.000000;0.000145;68.96%;0.000023;10.83%;0.000043;20.21%;0.000032;15.12%;0.000005;0.000025;0.000002;0.000002652750;true;false;1;10;1.000000;0.000000;5.500;52033.760186066473
nonconvex_bnb_cgal;477;0;59;256;7799804672134348544070918119417184256;258637;1;252492;6144;61537;190956;1;50.549;246;381;1525.081383375385;1525.080222007256;1525.080222007256;0.000076;0.000000;75.628235;4.202951;41.095703;0.004725;0.14%;0.000613;0.02%;3.415771;99.84%;2.549820;74.53%;0.000017;2.491177;0.058626;0.000009858680;true;false;6;61536;0.999990;0.015332;50.550;394905076.911088168621
nonconvex_bnb_cgal;478;0;5;5;1;7;1;5;1;6;0;1;2.500;20;20;356.925141989584;356.754699190177;356.754699190177;0.047776;0.000000;0.000000;1.166667;5.000000;0.000063;75.76%;0.000007;8.99%;0.000013;15.25%;0.000008;9.55%;0.000002;0.000005;0.000001;0.000001125143;true;false;1;5;1.000000;0.000000;3.000;2497.282894331238
nonconvex_bnb_cgal;479;0;60;64;9;66;1;64;1;61;4;1;30.000;240;243;4292.416231823974;4292.386381103702;4292.386381103702;0.000695;0.000000;6.153846;1.081967;64.000000;0.000417;38.19%;0.000093;8.53%;0.000582;53.28%;0.000443;40.55%;0.000015;0.000422;0.000006;0.000006709030;true;false;3;60;1.000000;0.000000;30.500;283432.140444959863
nonconvex_bnb_cgal;480;0;10;21;576;79;1;72;6;44;29;0;6.432;41;53;460.345633930925;460.345633930925;460.345633930925;0.000000;0.000000;39.726027;1.795455;12.000000;0.000230;52.60%;0.000036;8.32%;0.000171;39.08%;0.000114;26.08%;0.000003;0.000104;0.000007;0.000001440430;true;false;4;43;1.000000;0.000000;6.581;36826.117809861935
nonconvex_bnb_cgal;481;0;58;239;28303931194241133567249550598471680;1000000;1;993087;6912;289325;703746;2;51.881;255;369;1392.481461031398;1392.478666129468;1392.476567782346;0.000351;0.000151;70.865628;3.456321;143.675781;0.008076;0.08%;0.001351;0.01%;9.767758;99.90%;7.524678;76.96%;0.000016;7.471815;0.052846;0.000007524678;false;false;7;289341;0.999974;0.036603;51.880;1394626368.655105829239
nonconvex_bnb_cgal;482;0;15;15;1;17;1;15;1;16;0;1;7.500;78;78;11747.676565003581;11747.542289775512;11747.542289775512;0.001143;0.000000;0.000000;1.062500;15.000000;0.000214;64.09%;0.000036;10.82%;0.000084;25.10%;0.000066;19.76%;0.000006;0.000056;0.000003;0.000003872471;true;false;1;15;1.000000;0.000000;8.000;199708.218926183647
nonconvex_bnb_cgal;483;0;50;50;1;52;1;50;1;51;0;1;25.000;280;280;342587.215430094046;342570.025916195067;342570.025916195067;0.005018;0.000000;0.000000;1.019608;50.000000;0.000645;49.30%;0.000138;10.58%;0.000525;40.11%;0.000394;30.17%;0.000015;0.000373;0.000007;0.000007586462;true;false;1;50;1.000000;0.000000;25.500;17813641.347642138600
nonconvex_bnb_cgal;484;0;60;142;14790740711602913280;5009;1;4816;192;2311;2506;1;46.272;264;329;4500.789734174099;4500.776649449745;4500.776649449745;0.000291;0.000000;52.024081;2.167460;25.083333;0.004919;5.80%;0.000553;0.65%;0.079403;93.55%;0.058020;68.36%;0.000027;0.055892;0.002101;0.000011583146;true;false;8;2310;0.999999;0.002607;46.292;22562140.925894819200
nonconvex_bnb_cgal;485;0;50;173;254793619289722060800000;1797;1;1748;48;527;1222;1;40.197;213;326;4814.744586314914;4814.740277835356;4814.740277835356;0.000089;0.000000;69.868496;3.409867;36.416667;0.009501;30.73%;0.000550;1.78%;0.020862;67.49%;0.014248;46.09%;0.000012;0.013832;0.000405;0.000007928981;true;false;8;526;1.000000;0.000011;40.274;8665106.453286379576
nonconvex_bnb_cgal;486;0;50;50;1;52;1;50;1;51;0;1;25.000;273;273;130702.697116099414;130701.514953206541;130701.514953206541;0.000904;0.000000;0.000000;1.019608;50.000000;0.000667;40.33%;0.000126;7.63%;0.000861;52.04%;0.000709;42.83%;0.000018;0.000670;0.000021;0.000013625077;true;false;1;50;1.000000;0.000000;25.500;6796478.777566738427
nonconvex_bnb_cgal;487;0;5;16;100;19;1;16;2;7;10;1;2.857;21;29;303.387334540627;303.367312383258;303.367312383258;0.006600;0.000000;58.823529;2.714286;8.000000;0.000534;90.93%;0.000023;3.97%;0.000030;5.10%;0.000021;3.63%;0.000002;0.000018;0.000002;0.000001122842;true;false;5;6;1.000000;0.000000;3.333;6037.818410694716
nonconvex_bnb_cgal;488;0;58;232;11179244137976837499049412460019712;29063;1;28294;768;7892;20403;1;46.375;256;380;1426.565316498784;1426.563468300725;1426.563468300725;0.000130;0.000000;72.108146;3.682590;36.841146;0.005397;1.33%;0.001706;0.42%;0.397632;98.24%;0.297336;73.46%;0.000015;0.290051;0.007270;0.000010230755;true;false;6;7891;1.000000;0.000531;46.381;41508450.568946979940
nonconvex_bnb_cgal;489;0;4;4;1;6;1;4;1;5;0;1;2.000;17;17;150.216966714354;150.166488340709;150.166488340709;0.033615;0.000000;0.000000;1.200000;4.000000;0.000055;75.19%;0.000008;11.49%;0.000010;13.32%;0.000006;8.86%;0.000002;0.000004;0.000001;0.000001076333;true;false;1;4;1.000000;0.000000;2.500;900.998930044256
nonconvex_bnb_cgal;490;0;10;10;1;12;1;10;1;11;0;1;5.000;51;51;54982.448012668297;54971.659565031463;54971.659565031463;0.019625;0.000000;0.000000;1.090909;10.000000;0.000114;65.29%;0.000022;12.63%;0.000038;22.09%;0.000030;17.25%;0.000004;0.000023;0.000002;0.000002499917;true;false;1;10;1.000000;0.000000;5.500;659659.914780377410
nonconvex_bnb_cgal;491;0;60;238;74878124852489742451791161276235776;5564;1;5371;192;1562;3810;1;49.165;277;398;1594.874988095186;1594.874172831405;1594.874172831405;0.000051;0.000000;70.923306;3.562100;27.973958;0.005613;4.96%;0.000646;0.57%;0.106997;94.47%;0.078076;68.94%;0.000018;0.075424;0.002634;0.000014032360;true;false;6;1561;0.999999;0.000886;49.197;8885111.450166737661
nonconvex_bnb_cgal;492;0;20;34;6912;212;1;195;16;123;73;1;15.610;84;99;941.056502315983;941.055307865610;941.055307865610;0.000127;0.000000;37.244898;1.723577;12.187500;0.000310;28.80%;0.000060;5.53%;0.000706;65.67%;0.000532;49.50%;0.000006;0.000489;0.000037;0.000002510854;true;false;3;122;1.000000;0.000000;15.738;200365.556049944775
nonconvex_bnb_cgal;493;0;20;37;2880;39;1;37;1;21;17;1;10.000;83;92;700.643809786244;700.618424849583;700.618424849583;0.003623;0.000000;44.736842;1.857143;37.000000;0.000509;69.66%;0.000068;9.35%;0.000153;20.98%;0.000113;15.49%;0.000006;0.000105;0.000002;0.000002899487;true;false;6;20;0.999998;0.001053;10.500;27418.880694929223
nonconvex_bnb_cgal;494;0;60;201;7429781938488295533446168576;73411;1;71874;1536;21445;50430;1;50.354;263;376;5897.478144094695;5897.478120571234;5897.478120571234;0.000000;0.000000;70.163478;3.423222;46.792969;0.004322;0.49%;0.000499;0.06%;0.884722;99.46%;0.628915;70.70%;0.000011;0.613044;0.015860;0.000008567043;true;false;9;21444;0.999995;0.029250;50.357;433575459.871983408928
nonconvex_bnb_cgal;495;0;4;11;32;19;1;16;2;8;9;1;2.375;19;28;126.216280403581;126.172457502021;126.172457502021;0.034733;0.000000;52.941176;2.375000;8.000000;0.000254;80.27%;0.000027;8.41%;0.000036;11.32%;0.000025;8.04%;0.000003;0.000021;0.000002;0.000001341947;true;false;4;7;1.000000;0.000000;2.714;2511.127434520648
nonconvex_bnb_cgal;496;0;40;110;154279448064000;5510;1;5253;256;2171;3083;1;33.947;176;234;3283.508122767715;3283.507847599491;3283.507847599491;0.000008;0.000000;58.679102;2.538001;20.519531;0.002585;5.28%;0.000475;0.97%;0.045884;93.75%;0.032427;66.25%;0.000008;0.030877;0.001542;0.000005885147;true;false;7;2170;1.000000;0.000000;33.962;18133001.207515008748
nonconvex_bnb_cgal;497;0;10;33;92160;47;1;44;2;15;30;1;5.933;47;71;71.062025976537;71.060898663622;71.060898663622;0.001586;0.000000;66.666667;3.133333;22.000000;0.000644;75.26%;0.000082;9.54%;0.000130;15.20%;0.000096;11.28%;0.000004;0.000090;0.000003;0.000002052362;true;false;5;14;0.999179;0.058330;6.357;3400.811836793275
nonconvex_bnb_cgal;498;0;60;269;187677639946519525734643633705975808;7049;1;6952;96;1727;5226;1;42.611;301;464;11113.217623317812;11113.217623317812;11113.216459943937;0.000010;0.000010;75.161801;4.081644;72.416667;0.048315;29.90%;0.001230;0.76%;0.112019;69.33%;0.080167;49.62%;0.000012;0.079123;0.001033;0.000011372872;true;false;9;1726;0.999999;0.014867;42.636;78399300.202882483602
nonconvex_bnb_cgal;499;0;14;14;1;16;1;14;1;15;0;1;7.000;71;71;82.990741413677;82.987911423015;82.987911423015;0.003410;0.000000;0.000000;1.066667;14.000000;0.000181;66.33%;0.000032;11.80%;0.000060;21.87%;0.000044;15.95%;0.000005;0.000036;0.000002;0.000002726625;true;false;1;14;1.000000;0.000000;7.500;1327.806582768233
nonconvex_bnb_cgal;500;0;5;6;2;8;1;6;1;6;1;1;2.500;21;22;116.581082895165;116.575150612651;116.575150612651;0.005089;0.000000;14.285714;1.333333;6.000000;0.000032;60.96%;0.000009;16.57%;0.000012;22.47%;0.000008;15.86%;0.000002;0.000006;0.000001;0.000001036500;true;false;2;5;1.000000;0.000000;3.000;940.240438254859
nonconvex_bnb_cgal;501;0;10;10;1;12;1;10;1;11;0;1;5.000;40;40;297.428040301624;297.397805294978;297.397805294978;0.010167;0.000000;0.000000;1.090909;10.000000;0.000079;64.05%;0.000015;12.20%;0.000029;23.75%;0.000022;17.77%;0.000003;0.000017;0.000002;0.000001816167;true;false;1;10;1.000000;0.000000;5.500;3568.773663539739
nonconvex_bnb_cgal;502;0;10;29;23328;117;1;110;6;48;63;1;6.375;47;64;305.167780537420;305.167415314139;305.167415314139;0.000120;0.000000;56.756757;2.437500;18.333333;0.000457;59.65%;0.000074;9.62%;0.000236;30.73%;0.000166;21.71%;0.000003;0.000156;0.000007;0.000001423043;true;false;4;47;1.000000;0.000000;6.511;36076.269151187007
nonconvex_bnb_cgal;503;0;20;31;288;58;1;55;2;39;17;1;10.692;80;89;4218.472217249937;4218.389870212768;4218.389870212768;0.001952;0.000000;30.357143;1.487179;27.500000;0.000242;47.51%;0.000044;8.66%;0.000223;43.83%;0.000162;31.90%;0.000006;0.000151;0.000005;0.000002798897;true;false;4;38;1.000000;0.000000;10.974;244993.153844065033
nonconvex_bnb_cgal;504;0;15;58;348364800;72;1;69;2;20;50;1;8.700;67;95;166.015198748049;166.014604777019;166.014604777019;0.000358;0.000000;71.428571;3.600000;34.500000;0.000925;68.53%;0.000139;10.26%;0.000286;21.21%;0.000223;16.54%;0.000006;0.000212;0.000005;0.000003101750;true;false;7;19;0.999788;0.035179;9.158;12081.976016653070
nonconvex_bnb_cgal;505;0;59;194;51420649189967659008000000;3530;1;3497;32;986;2512;1;42.555;275;363;7759.938565748637;7759.878932062108;7759.878932062108;0.000768;0.000000;71.812464;3.580122;109.281250;0.006477;13.82%;0.000461;0.98%;0.039917;85.19%;0.028109;59.99%;0.000015;0.027856;0.000238;0.000007962919;true;false;11;985;1.000000;0.003554;42.598;27426883.256427783519
nonconvex_bnb_cgal;506;0;59;147;1203673560514560;1974;1;1953;20;908;1046;1;36.220;431;506;21359.304777218491;21359.291675097604;21359.291675097604;0.000061;0.000000;53.531218;2.174009;97.650000;0.009632;18.15%;0.001024;1.93%;0.042401;79.92%;0.033587;63.31%;0.000033;0.033371;0.000184;0.000017014816;true;false;12;907;1.000000;0.000000;36.260;42223562.107356503606
nonconvex_bnb_cgal;507;0;50;197;4039207489470726144000;4593;1;4448;144;1144;3305;1;44.737;209;299;5472.764644441171;5472.764644441171;5472.701380298626;0.001156;0.001156;74.286356;4.014860;30.888889;0.015241;18.53%;0.001027;1.25%;0.065996;80.22%;0.053981;65.62%;0.000019;0.053022;0.000939;0.000011752790;true;false;13;1143;0.999999;0.003210;44.776;25204183.651729959995
nonconvex_bnb_cgal;508;0;15;26;648;28;1;26;1;16;11;1;7.500;64;77;667.567039551195;667.523573179703;667.523573179703;0.006512;0.000000;40.740741;1.750000;26.000000;0.000738;80.27%;0.000051;5.57%;0.000130;14.16%;0.000104;11.30%;0.000006;0.000096;0.000002;0.000003712893;true;false;3;15;1.000000;0.000000;8.000;18779.479895352160
nonconvex_bnb_cgal;509;0;15;60;622080000;257;1;254;2;69;186;1;8.652;71;91;229.328193533686;229.328077387736;229.328077387736;0.000051;0.000000;72.941176;3.724638;127.000000;0.001567;32.73%;0.000257;5.37%;0.002965;61.91%;0.002285;47.72%;0.000009;0.002265;0.000012;0.000008892720;true;false;6;68;0.999693;0.070305;8.779;59613.907589448747
nonconvex_bnb_cgal;510;0;60;60;1;62;1;60;1;61;0;1;30.000;330;330;46.983202169231;46.983036495748;46.983036495748;0.000353;0.000000;0.000000;1.016393;60.000000;0.000757;49.22%;0.000158;10.28%;0.000623;40.50%;0.000489;31.78%;0.000017;0.000464;0.000008;0.000007887210;true;false;1;60;1.000000;0.000000;30.500;2912.948262736406
nonconvex_bnb_cgal;511;0;60;124;1448500838400;10352;1;9967;384;5266;4702;1;50.606;243;284;18054.789260264664;18054.756286574247;18054.756286574247;0.000183;0.000000;47.170947;1.965818;25.955729;0.001820;0.99%;0.000209;0.11%;0.181882;98.90%;0.118397;64.38%;0.000011;0.112538;0.005848;0.000011437146;true;false;11;5265;1.000000;0.001043;50.615;187146720.552998185158
nonconvex_bnb_cgal;512;0;15;15;1;17;1;15;1;16;0;1;7.500;60;60;313.322682696765;313.292545796908;313.292545796908;0.009619;0.000000;0.000000;1.062500;15.000000;0.000079;51.09%;0.000024;15.60%;0.000051;33.31%;0.000038;24.41%;0.000005;0.000031;0.000002;0.000002220647;true;false;1;15;1.000000;0.000000;8.000;5325.973278547429
nonconvex_bnb_cgal;513;0;30;36;64;43;1;40;2;35;6;1;16.543;120;126;2309.757715325251;2309.740482821810;2309.740482821810;0.000746;0.000000;14.634146;1.228571;20.000000;0.000347;48.48%;0.000054;7.59%;0.000315;43.94%;0.000255;35.64%;0.000009;0.000239;0.000007;0.000005934116;true;false;2;34;1.000000;0.000000;17.029;99429.792800779178
nonconvex_bnb_cgal;514;0;5;20;500;22;1;20;1;6;15;1;2.500;23;33;22.192390045856;22.188043589558;22.188043589558;0.019589;0.000000;71.428571;3.666667;20.000000;0.000345;81.29%;0.000040;9.38%;0.000040;9.33%;0.000029;6.74%;0.000003;0.000025;0.000001;0.000001302955;true;false;5;5;0.998791;0.026836;3.000;535.887146724897
nonconvex_bnb_cgal;515;0;45;45;1;47;1;45;1;46;0;1;22.500;249;249;485908.202762832341;485905.398983931751;485905.398983931751;0.000577;0.000000;0.000000;1.021739;45.000000;0.000578;52.12%;0.000116;10.45%;0.000415;37.42%;0.000302;27.23%;0.000014;0.000282;0.000006;0.000006420234;true;false;1;45;1.000000;0.000000;23.000;22837553.752244800329
nonconvex_bnb_cgal;516;0;15;22;96;63;1;58;4;45;14;1;9.511;60;69;454.968814950406;454.953945925436;454.953945925436;0.003268;0.000000;23.728814;1.400000;14.500000;0.000174;42.01%;0.000035;8.40%;0.000205;49.60%;0.000154;37.20%;0.000005;0.000141;0.000008;0.000002441111;true;false;3;44;1.000000;0.000000;9.727;28755.525168526841
nonconvex_bnb_cgal;517;0;5;5;1;7;1;5;1;6;0;1;2.500;20;20;130.682975657012;130.644871255759;130.644871255759;0.029166;0.000000;0.000000;1.166667;5.000000;0.000019;51.68%;0.000007;18.50%;0.000011;29.83%;0.000007;20.58%;0.000002;0.000005;0.000001;0.000001059714;true;false;1;5;1.000000;0.000000;3.000;914.514098790314
nonconvex_bnb_cgal;518;0;10;34;165888;36;1;34;1;11;24;1;5.000;46;64;104.670838891800;104.661061064888;104.661061064888;0.009342;0.000000;68.571429;3.272727;34.000000;0.000688;78.61%;0.000080;9.13%;0.000107;12.26%;0.000075;8.63%;0.000004;0.000070;0.000002;0.000002096083;true;false;4;10;0.999950;0.005242;5.500;3840.205603922512
nonconvex_bnb_cgal;519;0;5;6;2;8;1;6;1;6;1;1;2.500;20;21;163.697579472163;163.683038511761;163.683038511761;0.008884;0.000000;14.285714;1.333333;6.000000;0.000050;69.82%;0.000008;11.51%;0.000013;18.67%;0.000009;13.10%;0.000002;0.000007;0.000001;0.000001161625;true;false;2;5;1.000000;0.000000;3.000;1318.801014157614
nonconvex_bnb_cgal;520;0;20;57;13122000;75;1;72;2;29;44;1;11.793;90;114;1019.664933305474;1019.644788356108;1019.644788356108;0.001976;0.000000;60.273973;2.586207;36.000000;0.001205;53.56%;0.000125;5.54%;0.000920;40.90%;0.000293;13.02%;0.000005;0.000282;0.000006;0.000003907760;true;false;9;28;0.999946;0.055184;12.214;77154.095640348824
nonconvex_bnb_cgal;521;0;40;40;1;42;1;40;1;41;0;1;20.000;215;215;33.867696376318;33.867659656099;33.867659656099;0.000108;0.000000;0.000000;1.024390;40.000000;0.000510;54.45%;0.000121;12.88%;0.000306;32.66%;0.000237;25.35%;0.000012;0.000220;0.000005;0.000005650714;true;false;1;40;1.000000;0.000000;20.500;1422.441705556156
nonconvex_bnb_cgal;522;0;5;5;1;7;1;5;1;6;0;1;2.500;20;20;146.724669883201;146.722025113095;146.722025113095;0.001803;0.000000;0.000000;1.166667;5.000000;0.000023;54.93%;0.000007;17.11%;0.000012;27.96%;0.000009;21.02%;0.000002;0.000006;0.000001;0.000001279714;true;false;1;5;1.000000;0.000000;3.000;1027.054175791666
nonconvex_bnb_cgal;523;0;15;18;6;24;1;21;2;20;2;1;8.700;60;62;1201.921495083518;1201.848197254083;1201.848197254083;0.006099;0.000000;9.090909;1.200000;10.500000;0.000109;54.91%;0.000025;12.52%;0.000065;32.57%;0.000050;25.11%;0.000004;0.000042;0.000004;0.000002076292;true;false;3;19;1.000000;0.000000;9.158;28901.888473429066
nonconvex_bnb_cgal;524;0;20;38;23328;81;1;76;4;45;32;1;12.867;82;96;1461.427339526295;1461.427339526295;1461.318451829815;0.007451;0.007451;41.558442;1.800000;19.000000;0.000385;47.85%;0.000066;8.19%;0.000354;43.97%;0.000289;35.92%;0.000008;0.000267;0.000014;0.000003572494;true;false;4;44;0.999963;0.054444;13.159;118780.347108445465
nonconvex_bnb_cgal;525;0;39;172;4334215495680000000000000;114086;1;112037;2048;28516;83522;1;29.118;161;242;740.792799801984;740.790856427841;740.790856427841;0.000262;0.000000;74.547921;4.000771;54.705566;0.002788;0.25%;0.000401;0.04%;1.090281;99.71%;0.823875;75.35%;0.000012;0.810670;0.013193;0.000007221527;true;false;7;28515;0.999920;0.059202;29.119;84691080.374107092619
nonconvex_bnb_cgal;526;0;19;81;279936000000;859;1;840;18;216;625;1;13.088;77;122;248.388512431719;248.388394814672;248.388394814672;0.000047;0.000000;74.316290;3.976852;46.666667;0.001798;30.44%;0.000188;3.18%;0.003922;66.39%;0.002833;47.95%;0.000005;0.002768;0.000060;0.000003297788;true;false;8;215;0.999776;0.055719;13.149;215089.478972312208
nonconvex_bnb_cgal;527;0;22;22;1;24;1;22;1;23;0;1;11.000;117;117;312.352759540009;312.352123645262;312.352123645262;0.000204;0.000000;0.000000;1.043478;22.000000;0.000296;60.66%;0.000055;11.28%;0.000137;28.06%;0.000107;21.99%;0.000010;0.000093;0.000004;0.000004463417;true;false;1;22;1.000000;0.000000;11.500;7496.450967486279
nonconvex_bnb_cgal;528;0;50;126;40814668800000;278;1;273;4;102;172;1;33.500;240;296;9136.377938990208;9136.356164777673;9136.356164777673;0.000238;0.000000;62.773723;2.725490;68.250000;0.007876;59.50%;0.000282;2.13%;0.005079;38.37%;0.003776;28.53%;0.000014;0.003720;0.000042;0.000013582741;true;false;15;101;1.000000;0.000000;33.832;2557114.995036770124
nonconvex_bnb_cgal;529;0;5;17;44;19;1;17;1;6;12;1;2.500;19;30;327.256747414527;327.242522565933;327.242522565933;0.004347;0.000000;66.666667;3.166667;17.000000;0.000399;90.37%;0.000017;3.77%;0.000026;5.86%;0.000017;3.94%;0.000002;0.000015;0.000001;0.000000914632;true;false;11;5;1.000000;0.000000;3.000;6405.253156054987
nonconvex_bnb_cgal;530;0;15;33;6400;63;1;60;2;28;33;1;8.357;63;80;565.291504768693;565.222378679377;565.222378679377;0.012230;0.000000;54.098361;2.250000;30.000000;0.000488;66.91%;0.000062;8.56%;0.000179;24.53%;0.000131;17.99%;0.000004;0.000123;0.000003;0.000002080730;true;false;5;27;0.999162;0.473761;8.667;36148.531551108848
nonconvex_bnb_cgal;531;0;20;83;1161216000000;470;1;453;16;124;330;1;14.597;85;122;310.207841709796;310.207143036385;310.207143036385;0.000225;0.000000;72.687225;3.790323;28.312500;0.001396;40.28%;0.000196;5.67%;0.001872;54.04%;0.001396;40.29%;0.000007;0.001343;0.000047;0.000002969783;true;false;7;123;1.000000;0.000000;14.715;147124.833823626250
nonconvex_bnb_cgal;532;0;37;160;47617113600000002097152;39537;1;39344;192;9484;29861;1;28.280;167;247;657.802382033667;657.801261742446;657.801261742446;0.000170;0.000000;75.895285;4.168811;204.916667;0.002647;0.65%;0.000384;0.09%;0.405048;99.26%;0.309488;75.84%;0.000013;0.308102;0.001372;0.000007827795;true;false;8;9483;0.999730;0.177567;28.283;26102746.254767604172
nonconvex_bnb_cgal;533;0;20;51;3732480;112;1;107;4;49;59;1;13.327;87;107;1330.758978439480;1330.750978076354;1330.750978076354;0.000601;0.000000;54.629630;2.285714;26.750000;0.000779;58.62%;0.000097;7.30%;0.000453;34.08%;0.000347;26.13%;0.000007;0.000328;0.000012;0.000003099259;true;false;6;48;0.999984;0.021209;13.604;149545.796503606980
nonconvex_bnb_cgal;534;0;52;52;1;54;1;52;1;53;0;1;26.000;296;296;61206.026598039476;61205.577918692667;61205.577918692667;0.000733;0.000000;0.000000;1.018868;52.000000;0.000690;49.43%;0.000143;10.24%;0.000563;40.34%;0.000430;30.77%;0.000017;0.000405;0.000008;0.000007958426;true;false;1;52;1.000000;0.000000;26.500;3305101.207609402016
nonconvex_bnb_cgal;535;0;40;100;211344603217920;2817;1;2528;288;1432;1097;2;33.924;167;226;2535.563622464794;2535.528206613060;2535.527977549408;0.001406;0.000009;43.376829;1.967179;8.777778;0.001885;5.79%;0.000220;0.68%;0.030451;93.53%;0.023743;72.93%;0.000010;0.020897;0.002835;0.000008428296;true;false;8;1431;1.000000;0.000008;33.948;7152961.023525594734
nonconvex_bnb_cgal;536;0;10;15;32;24;1;21;2;16;6;1;5.938;41;44;308.429181587768;308.405867641753;308.405867641753;0.007560;0.000000;27.272727;1.500000;10.500000;0.000299;61.60%;0.000042;8.73%;0.000144;29.67%;0.000109;22.52%;0.000007;0.000094;0.000008;0.000004546875;true;false;2;15;0.999935;0.019953;6.333;7449.558925036415
nonconvex_bnb_cgal;537;0;40;118;185752092672000000;1166;1;1133;32;407;727;1;28.826;167;242;2375.062533421648;2375.032116046382;2375.032116046382;0.001281;0.000000;64.109347;2.864865;35.406250;0.004267;29.39%;0.000475;3.27%;0.009774;67.33%;0.007514;51.77%;0.000021;0.007318;0.000175;0.000006444682;true;false;5;406;0.999998;0.004167;28.897;2774710.265782284085
nonconvex_bnb_cgal;538;0;15;35;21504;63;1;60;2;29;32;1;8.172;168;208;1009.104883019732;1008.987592765341;1008.987592765341;0.011625;0.000000;52.459016;2.172414;30.000000;0.004235;86.75%;0.000332;6.80%;0.000315;6.45%;0.000246;5.03%;0.000007;0.000231;0.000007;0.000003898127;true;false;7;28;0.999998;0.002111;8.464;64285.010173798350
nonconvex_bnb_cgal;539;0;50;66;13824;270;1;257;12;205;53;1;35.341;200;218;5076.801665643156;5076.750994096581;5076.750994096581;0.000998;0.000000;20.542636;1.317073;21.416667;0.000413;14.66%;0.000099;3.50%;0.002307;81.84%;0.001589;56.38%;0.000012;0.001509;0.000068;0.000005886156;true;false;4;204;1.000000;0.000211;35.515;1371511.095854412066
nonconvex_bnb_cgal;540;0;48;192;14995962351820797737189769216;35447;1;33718;1728;10500;23219;1;42.326;209;313;1139.247554428384;1139.247047879784;1139.247047879784;0.000044;0.000000;68.860286;3.375905;19.512731;0.003525;0.94%;0.000495;0.13%;0.372028;98.93%;0.280206;74.51%;0.000014;0.266257;0.013935;0.000007904930;true;false;7;10499;0.999999;0.001682;42.330;40467825.460735194385
nonconvex_bnb_cgal;541;0;30;30;1;32;1;30;1;31;0;1;15.000;163;163;165429.040316568367;165428.405268949689;165428.405268949689;0.000384;0.000000;0.000000;1.032258;30.000000;0.000389;58.11%;0.000077;11.44%;0.000204;30.45%;0.000148;22.17%;0.000009;0.000135;0.000004;0.000004639344;true;false;1;30;1.000000;0.000000;15.500;5293708.968606385402
nonconvex_bnb_cgal;542;0;30;116;169075682574336000;5016;1;4999;16;1203;3797;1;14.604;135;198;522.651330675393;522.650426137757;522.650426137757;0.000173;0.000000;75.940000;4.169576;312.437500;0.001956;5.10%;0.000287;0.75%;0.036086;94.15%;0.026132;68.18%;0.000008;0.026071;0.000053;0.000005209664;true;false;6;1202;0.999508;0.257284;14.616;2629969.929969105404
nonconvex_bnb_cgal;543;0;50;70;62208;236;1;231;4;170;62;1;28.841;210;225;5416.655699124648;5416.553453169180;5416.553453169180;0.001888;0.000000;26.724138;1.388235;57.750000;0.001410;38.56%;0.000265;7.24%;0.001982;54.20%;0.001463;40.02%;0.000021;0.001423;0.000020;0.000006199669;true;false;4;169;0.999992;0.044447;29.012;1279366.929677840322
nonconvex_bnb_cgal;544;0;5;20;720;110;1;85;24;53;33;1;3.981;20;29;34.458410269587;34.457460709756;34.457460709756;0.002756;0.000000;38.372093;2.075472;3.541667;0.000308;61.09%;0.000041;8.18%;0.000155;30.73%;0.000109;21.68%;0.000002;0.000086;0.000022;0.000000994718;true;false;6;52;1.000000;0.000000;4.058;3942.241706395374
nonconvex_bnb_cgal;545;0;30;52;497664;294;1;277;16;180;98;1;22.211;123;144;1413.355268957613;1413.355268957613;1413.350547808743;0.000334;0.000334;35.251799;1.633333;17.312500;0.000450;23.47%;0.000086;4.50%;0.001380;72.02%;0.001067;55.65%;0.000008;0.001004;0.000054;0.000003628092;true;false;4;179;0.999999;0.000897;22.335;416579.059597906307
nonconvex_bnb_cgal;546;0;50;98;464380231680;449;1;440;8;240;201;1;31.538;214;258;2878.206753848710;2878.187370067089;2878.187370067089;0.000673;0.000000;45.578231;1.870833;55.000000;0.001145;23.23%;0.000179;3.62%;0.003604;73.15%;0.002719;55.17%;0.000012;0.002660;0.000046;0.000006055214;true;false;5;239;1.000000;0.000000;31.669;1294183.358199049486
nonconvex_bnb_cgal;547;0;5;18;432;20;1;18;1;6;13;0;2.500;26;36;23.679424095606;23.679424095606;23.679424095606;0.000000;0.000000;68.421053;3.333333;18.000000;0.000345;82.46%;0.000040;9.45%;0.000034;8.09%;0.000025;6.02%;0.000002;0.000023;0.000001;0.000001260450;true;false;6;5;1.000000;0.000000;3.000;517.333894495458
nonconvex_bnb_cgal;548;0;40;67;5598720;251;1;242;8;153;90;1;25.072;167;194;3784.814311746365;3784.801452675111;3784.801452675111;0.000340;0.000000;37.037037;1.640523;30.250000;0.000673;27.88%;0.000106;4.39%;0.001636;67.73%;0.001254;51.94%;0.000011;0.001208;0.000036;0.000004997837;true;false;5;152;0.999952;0.181296;25.237;951151.028880374855
nonconvex_bnb_cgal;549;0;15;34;12960;219;1;210;8;94;117;1;9.394;62;75;1217.590526528209;1217.577583608453;1217.577583608453;0.001063;0.000000;55.450237;2.329787;26.250000;0.000379;31.07%;0.000065;5.33%;0.000776;63.60%;0.000650;53.26%;0.000006;0.000624;0.000020;0.000002968808;true;false;6;93;0.999594;0.494038;9.495;269287.152210490953
nonconvex_bnb_cgal;550;0;15;64;1944000000;246;1;221;24;79;143;1;11.000;64;98;157.748014745548;157.747883876933;157.747883876933;0.000083;0.000000;64.414414;3.113924;9.208333;0.001155;52.49%;0.000148;6.73%;0.000898;40.78%;0.000682;30.96%;0.000006;0.000611;0.000064;0.000002770496;true;false;6;78;1.000000;0.000000;11.141;39101.265349634843
nonconvex_bnb_cgal;551;0;5;17;252;21;1;17;3;8;10;1;3.125;25;32;83.810736959166;83.809188619282;83.809188619282;0.001847;0.000000;55.555556;2.625000;5.666667;0.000499;85.98%;0.000037;6.33%;0.000045;7.69%;0.000034;5.81%;0.000003;0.000027;0.000004;0.000001605190;true;false;7;7;1.000000;0.000000;3.571;1897.387220192944
nonconvex_bnb_cgal;552;0;4;5;2;2;1;1;0;1;1;0;0.000;15;18;112.210397992237;112.210397992237;112.210397992237;0.000000;0.000000;50.000000;2.000000;0.000000;0.000036;74.74%;0.000008;16.58%;0.000004;8.68%;0.000003;6.10%;0.000002;0.000001;0.000000;0.000001479500;true;false;1;0;0.000000;0.000000;0.000;245.917977825440
nonconvex_bnb_cgal;553;0;30;59;17915904;1096;1;1047;48;556;492;1;24.007;133;167;1255.076011769083;1255.064714206076;1255.064714206076;0.000900;0.000000;46.946565;1.971223;21.812500;0.000741;11.84%;0.000112;1.80%;0.005406;86.36%;0.003799;60.69%;0.000008;0.003635;0.000156;0.000003466600;true;false;4;555;0.999999;0.000813;24.050;1379555.601952869212
nonconvex_bnb_cgal;554;0;50;167;8985374982298769817600000;507702;1;495413;12288;150092;345322;1;42.706;228;304;3507.783651966959;3507.766304397165;3507.766304397165;0.000495;0.000000;69.703723;3.382605;40.316813;0.002830;0.07%;0.000428;0.01%;4.160689;99.92%;3.127791;75.12%;0.000013;3.052574;0.075204;0.000006160683;true;false;6;150091;1.000000;0.000006;42.706;1783796712.779175043106
nonconvex_bnb_cgal;555;0;30;122;859963392000000000;2343;1;2310;32;599;1712;1;19.356;136;189;402.457549532880;402.455007837538;402.455007837538;0.000632;0.000000;74.080485;3.911519;72.187500;0.001961;13.87%;0.000296;2.09%;0.011876;84.03%;0.008639;61.13%;0.000008;0.008525;0.000106;0.000003687003;true;false;6;598;0.999973;0.010760;19.388;947669.482542458922
nonconvex_bnb_cgal;556;0;40;54;5184;531;1;506;24;456;51;1;24.954;163;173;2737.735137810690;2737.710067004927;2737.710067004927;0.000916;0.000000;10.059172;1.164474;21.083333;0.000324;8.78%;0.000084;2.27%;0.003282;88.95%;0.002533;68.64%;0.000010;0.002409;0.000114;0.000004769313;true;false;3;455;1.000000;0.000030;25.009;1454143.526967750397
nonconvex_bnb_cgal;557;0;50;201;318060088262309047173120000000;1000000;1;999839;160;219906;779925;2;38.611;226;311;1052.613995513384;1052.609453499059;1052.609423099870;0.000434;0.000003;78.005683;4.547398;6248.993750;0.003465;0.04%;0.000498;0.01%;7.779852;99.95%;6.067965;77.96%;0.000013;6.066976;0.000976;0.000006067965;false;false;7;219914;0.999879;0.127625;38.610;1055558704.195793509483
