case_index,case_number,input_sha256,polygons,source_type,source_name,archive_entry,interior_overlap_pairs,boundary_contact_pairs,interior_disjoint,strictly_disjoint,overlap_area_sum,max_pair_overlap_fraction,ours_seconds,fekete_seconds,fekete_status,fekete_completed,speedup_fekete_over_ours
0,1,f9430e990632300e825bb1fb2035fee89d314c6b6e63b4b57a7610972b3c5df2,48,tessellation,att48,att48.json,0,119,1,0,0,0,40.42125025,23.38676083399332,optimal,True,0.578575889893295
1,2,7bde7d40c694b79c261251241468cda7e4ba9c054dfc9dbbc9c61b6c1ad47fe3,5,OSM,bangalore,bangalore_n005_seed1851.json,0,0,1,1,0,0,0.000106584,0.002610041992738843,optimal,True,24.48812197645841
2,3,4981087b61e68b737682d4a44b8e0aaaf70781c2276522b90eb779b52b93f46f,5,OSM,bangalore,bangalore_n005_seed424.json,0,0,1,1,0,0,0.000100708,0.0033234579605050385,optimal,True,33.00093299941453
3,4,50926aad20d48b88d0f7d9991e51bc10c71b0bc21e66b1d6da13d77515177e0a,10,OSM,bangalore,bangalore_n010_seed4175.json,0,0,1,1,0,0,0.000563667,0.006271707999985665,optimal,True,11.12661908535654
4,5,d61d023525ddc6ae318a9ddde152bb4585ace04a90f486c4ed9d2bdeaa54bd8a,10,OSM,bangalore,bangalore_n010_seed4674.json,0,0,1,1,0,0,0.00041825,0.009794291981961578,optimal,True,23.417314959860317
5,6,917cc8384abb843fc056578616cc2e928574e8129362e2ef673abfa106e89dbc,15,OSM,bangalore,bangalore_n015_seed2483.json,0,0,1,1,0,0,0.002142792,0.023662458988837898,optimal,True,11.042816563081203
6,7,3714ccc4db6f3b8093b609c2b02a8f73b7938e8a30854d2ea37e569ed0aaf2ea,15,OSM,bangalore,bangalore_n015_seed3970.json,0,0,1,1,0,0,0.004492208,0.023617708997335285,optimal,True,5.257483401778209
7,8,eae7004d8773004955699de21986307eec79eb77b10c06a515c58ac7a16ec66a,20,OSM,bangalore,bangalore_n020_seed10037.json,0,0,1,1,0,0,0.02777575,0.0819168749731034,optimal,True,2.9492227922955605
8,9,8a48a9aba5e8d288ec92a97af6aac3761a1d6528d536871ed1b12f52ab502775,20,OSM,bangalore,bangalore_n020_seed1924.json,0,0,1,1,0,0,0.024148458,0.12344600004144013,optimal,True,5.1119620160194135
9,10,f651389532838467c494fd3d9246b7b13e8d1bc29bd24883d48ef8ec9319cc6e,30,OSM,bangalore,bangalore_n030_seed1038.json,0,0,1,1,0,0,0.037255625,0.33632637502159923,optimal,True,9.027532755700628
10,11,b309b9b708dab380bc7fbb7446a33272444f169d10fcc6a4bb7b724a83144ae5,30,OSM,bangalore,bangalore_n030_seed6668.json,0,0,1,1,0,0,0.090639709,0.4726244999910705,optimal,True,5.214320579858332
11,12,8a75c2bff859741de7a994f17e2e68f2a84c113a2edc7622d39c407f981494e7,40,OSM,bangalore,bangalore_n040_seed520.json,0,0,1,1,0,0,0.119991917,0.4177332909894176,optimal,True,3.481345255859339
12,13,89432e46610702286e9bfffaa0a32fb00ae1823fac2a3ddc13646e0a7314067d,40,OSM,bangalore,bangalore_n040_seed6747.json,0,0,1,1,0,0,0.607296917,5.042250625032466,optimal,True,8.302776588988456
13,14,7cf0473cd6645d0eac8242f95e4c1be1c152cf98a39f5da4e4e4d535eded4530,50,OSM,bangalore,bangalore_n050_seed1049.json,0,0,1,1,0,0,4.8294295,35.260060250002425,optimal,True,7.301081887623047
14,15,782fc8463bd91d3266f1cadf48cbd64ede51e3c0e59df3c40c203c3e6d9817a9,50,OSM,bangalore,bangalore_n050_seed351.json,0,0,1,1,0,0,0.935893125,9.024754208003287,optimal,True,9.642932474798645
15,16,7b3fb7dd4b8747a7c72b4b4bcd02abc6a086b4b6d9c1a8002ddabc2efc74d981,60,OSM,bangalore,bangalore_n060_seed4112.json,0,1,1,0,0,0,42.597810125,293.81845937500475,optimal,True,6.897501503312425
16,17,4e4697bc42b92002bbee72e4f28ae26b02483929afa2aad48b8441b5298fdfe8,60,OSM,bangalore,bangalore_n060_seed4413.json,0,0,1,1,0,0,8.434296625,55.78205341700232,optimal,True,6.613717289911216
17,18,71ad8f7d7ca3cd1e974c06c5cb3b3203973d4324a8faef34ec9193d96021e70d,5,OSM,bangkok,bangkok_n005_seed1935.json,0,0,1,1,0,0,0.000121541,0.002951083006337285,optimal,True,24.28055558484203
18,19,6930d8626dfe635ddb98ac42eb871db4c2ba1cccd5984d6b229136ac0fc9d237,5,OSM,bangkok,bangkok_n005_seed2521.json,0,0,1,1,0,0,0.000236875,0.004522250033915043,optimal,True,19.091293019166407
19,20,86b7c2cd4ccf600f22f004cf8102121bbf9348ac723e24d8d2c0a99cd720405f,10,OSM,bangkok,bangkok_n010_seed1279.json,0,0,1,1,0,0,0.000522292,0.004061333020217717,optimal,True,7.775981673503933
20,21,36ff18df8555f1f9d069269bdbd17cf61d1cb26cfeabf54ce727af368db404db,10,OSM,bangkok,bangkok_n010_seed30.json,0,0,1,1,0,0,0.001740167,0.01008637499762699,optimal,True,5.796210937011787
21,22,37666eac043461633d8e0577cc2adfb2fd159c1327c228fbcad227c1083841c4,16,OSM,bangkok,bangkok_n015_seed2069.json,0,2,1,0,0,0,0.00591675,0.02236958296271041,optimal,True,3.780721335650553
22,23,b97b92ae033c807ab2a33ad90e65cefc3c9825a54d6f2f844b8eecd9f14243f1,15,OSM,bangkok,bangkok_n015_seed787.json,0,0,1,1,0,0,0.002628583,0.026969875034410506,optimal,True,10.26023337836793
23,24,839ef1664ec0971da2fe5a3a38382cbc075119547a5d525ec19b5befc7a6c0f1,20,OSM,bangkok,bangkok_n020_seed1489.json,1,0,0,0,30.7728,0.197236,0.008556375,0.06146062503103167,optimal,True,7.183021435015608
24,25,5f6e52619a40a9ff8094a1e60fd9286b36f6930f1a8d9aa6dde3875d565f4c15,20,OSM,bangkok,bangkok_n020_seed1820.json,0,0,1,1,0,0,0.027895209,0.06372491701040417,optimal,True,2.284439489605694
25,26,5bb2f5fbd1a5d320629ec3a42a42060784c1f62bb84583e713cddbaac6b2eb34,30,OSM,bangkok,bangkok_n030_seed1013.json,0,0,1,1,0,0,0.912629125,8.046782124962192,optimal,True,8.817143683598955
26,27,ab20865e75deac5ceff9713b61a2a6ef68480b0de7aa9c200ceddb2196c3107d,30,OSM,bangkok,bangkok_n030_seed1401.json,0,0,1,1,0,0,0.0180765,0.304090499994345,optimal,True,16.8224213755066
27,28,269c2b45e2bce6a4f49e743af8fff3ac72347b63ef8f50356027e91b75889c21,40,OSM,bangkok,bangkok_n040_seed1413.json,0,0,1,1,0,0,4.37523175,31.767924874991877,optimal,True,7.2608553535459865
28,29,7111aff4c67774c31582997e8e91028123b5a004c88250b080e8a44ca0093d78,40,OSM,bangkok,bangkok_n040_seed3177.json,0,1,1,0,0,0,0.230267792,1.1690489589818753,optimal,True,5.076910447735893
29,30,75294ede59f1b4575461dba993a50860301cd37b64e386c042c34c1fed3d5559,50,OSM,bangkok,bangkok_n050_seed532.json,2,1,0,0,150.674,0.565766,2.533597833,25.11722691700561,optimal,True,9.913659772618542
30,31,d8252bad050ddc0f9e4b5d41811492fb3663d1a3235bff5e5de72a4a8d85e029,50,OSM,bangkok,bangkok_n050_seed573.json,0,2,1,0,0,0,13.602360958,76.18852408300154,optimal,True,5.601125004567133
31,32,bc94a424a4c44aa3a7ff216b47b1076496121988fad0f040aeecdb41037543d9,60,OSM,bangkok,bangkok_n060_seed1718.json,0,4,1,0,0,0,4.302282459,25.610334915996646,optimal,True,5.952732104425654
32,33,74b175e45ac93377a2f22aa4f4c2d7260493bbd5d88d17795c79d88b4cc0d851,60,OSM,bangkok,bangkok_n060_seed415.json,0,0,1,1,0,0,4.082799458,24.78354020799452,optimal,True,6.070232070652567
33,34,1808eee0a5919292d419e25609e9b9503c27f1716aeb4c332d3a8c4417fc7974,5,OSM,barcelona,barcelona_n005_seed1905.json,0,0,1,1,0,0,0.000187709,0.004290333017706871,optimal,True,22.85629893988499
34,35,05a05c55e8aa1a05209795b90fb6cbc35b950befad5149cecf462e3eedddf20d,5,OSM,barcelona,barcelona_n005_seed2013.json,0,4,1,0,0,0,1.2542e-05,0.0035006669932045043,optimal,True,279.11553127128883
35,36,b9e280a149604de004a2d71b64ab75a3a0ebdedb672bfb51b73b963349852299,10,OSM,barcelona,barcelona_n010_seed164.json,0,8,1,0,0,0,0.018766083,0.03600433300016448,optimal,True,1.9185854075229487
36,37,3e44f5a9558e6e8d13f0a28b388ac29f84d9e363cec65b607818558f1aaf6930,10,OSM,barcelona,barcelona_n010_seed797.json,0,8,1,0,0,0,0.000506292,0.005605040991213173,optimal,True,11.070767444899728
37,38,ffd1139eda3540c9c24f3aa1cacd4dc485f6d9fefa89bbed799ec2ab8cfd71f3,15,OSM,barcelona,barcelona_n015_seed1190.json,0,17,1,0,0,0,0.059145417,0.04017254197970033,optimal,True,0.6792164806226716
38,39,7098e0ee285ffc700e2539c594302cde6777444b3fbd6d6e5ce16b00b54b2f61,15,OSM,barcelona,barcelona_n015_seed636.json,0,18,1,0,0,0,0.020741667,0.019228916964493692,optimal,True,0.9270670946792123
39,40,caa1b1b8edf6c0adc4e914018379fdf751dbdcf8184ee26eba707e24cd7a2092,20,OSM,barcelona,barcelona_n020_seed1438.json,0,34,1,0,0,0,0.000868791,0.010733750008512288,optimal,True,12.354812617202857
40,41,5e2a0ee1877af92da8eb3883078881579c5168d9d1d82592af0450994148b5f8,20,OSM,barcelona,barcelona_n020_seed1895.json,0,12,1,0,0,0,0.092717417,0.2378867089864798,optimal,True,2.56571760391556
41,42,d89b9a9ec309b69d9e6365adcdae22461353f3ae3fd604cd6949de61dd614b58,30,OSM,barcelona,barcelona_n030_seed1663.json,0,4,1,0,0,0,1.840424,7.806829790992197,optimal,True,4.241864804519065
42,43,758448849786512ae26adeeed05667ca45346b37115d02a736e9d312d321e5e3,30,OSM,barcelona,barcelona_n030_seed987.json,0,29,1,0,0,0,0.132894291,0.1533944170223549,optimal,True,1.1542588915452727
43,44,18237012a571266a2eb0d4d2c19f456b06a872292b94c32593f11232844e7457,40,OSM,barcelona,barcelona_n040_seed257.json,0,45,1,0,0,0,0.036975875,0.12165420898236334,optimal,True,3.290096826170127
44,45,c8c02ddee51891aa836a5f0a9dd22b85819254cc2ef3328553f76b6d20fb7e53,40,OSM,barcelona,barcelona_n040_seed736.json,0,5,1,0,0,0,0.360717625,1.772459375031758,optimal,True,4.913703274221098
45,46,ced5473aeb410d4a9b30c95a5431fcefa3985a913d4bba304e7d4982952f4e3b,50,OSM,barcelona,barcelona_n050_seed182.json,0,42,1,0,0,0,2.969016958,5.14189070899738,optimal,True,1.7318495588725364
46,47,d3b20c144c26a16d0793242f6cea62beccf30995000eadfefb0911b75c9b31d5,50,OSM,barcelona,barcelona_n050_seed1832.json,0,44,1,0,0,0,2.280657541,8.870036708001862,optimal,True,3.8892453376023375
47,48,ebed9093f90209df0c0d78fde53eca2b658f282472bebf09019855a2f7f2223f,60,OSM,barcelona,barcelona_n060_seed1636.json,0,14,1,0,0,0,5.532349917,15.343213500003912,optimal,True,2.773362807883273
48,49,878cae3c58f83039fdd12bbf1a12c5936df5652051ba453b98f6df7c4da86130,60,OSM,barcelona,barcelona_n060_seed616.json,1,63,0,0,651.319,0.999974,2.473421125,5.24480504199164,optimal,True,2.1204658555633706
49,50,80f42c4634453d30ff28a202aa1c1bd89a1672972f2be026fcddc4ab26afd17c,52,tessellation,berlin52,berlin52.json,0,139,1,0,0,0,19.846400375,12.13549679199059,optimal,True,0.6114709248371993
50,51,0f41a66c0f9c5c2cedee205e6628fe965b9de3455451563f5d3425111673870a,5,OSM,berlin,berlin_n005_seed1362.json,0,0,1,1,0,0,9.5875e-05,0.004596457991283387,optimal,True,47.942195476228285
51,52,bf083c10f8010dc9de639ad5e4f28efaf663cf32c0a0002a69229378bc2dd93b,5,OSM,berlin,berlin_n005_seed3094.json,0,4,1,0,0,0,2.2625e-05,0.003099458001088351,optimal,True,136.9926188326343
52,53,8909424463f6c4c7b0e43f8224c808f4511dfcfab2fc8e2d87642d3949877c4e,10,OSM,berlin,berlin_n010_seed1797.json,0,1,1,0,0,0,0.000109291,0.002261292014736682,optimal,True,20.690560199254122
53,54,ed46275753b7dbe1888cc4ba1cf3bd998345d36d437a92940a49370b2a7f63d4,10,OSM,berlin,berlin_n010_seed3033.json,0,9,1,0,0,0,0.012667583,0.015884790976997465,optimal,True,1.2539717305974996
54,55,8e8dabe0e3b8ec491e120552213400bf8ec0253974c4dcf9bc2ad3cd58704aaf,15,OSM,berlin,berlin_n015_seed2373.json,0,16,1,0,0,0,0.014712584,0.0286750000086613,optimal,True,1.9490118125178622
55,56,09cbbf213757dc397e8a6a34558fe141b1d640e6aad60f090f5846a115f4be32,15,OSM,berlin,berlin_n015_seed5930.json,0,13,1,0,0,0,0.002905083,0.02290891599841416,optimal,True,7.885804294890768
56,57,d3bed28246155965dc6898b3fbe894cb953498f8aeaed61d08647c6c4faa881f,20,OSM,berlin,berlin_n020_seed6326.json,0,1,1,0,0,0,0.047997333,0.345292582991533,optimal,True,7.193995195348312
57,58,0a99096afa84d874d8bd08550026f128bfdc58cfd684c21bcb103ccaf2258ae5,20,OSM,berlin,berlin_n020_seed6491.json,0,1,1,0,0,0,0.025013125,0.17851237498689443,optimal,True,7.136748206667277
58,59,4822b4d7bda471ae41236af37d0385c3532340d7e2d98a802a3bb7760d6b7c8e,30,OSM,berlin,berlin_n030_seed7070.json,0,2,1,0,0,0,1.078936791,5.706165042007342,optimal,True,5.288692618145544
59,60,0e17f722e9f13c85ae18bdbdb9179b47e085d52fddd37d227f9a86b5380a9e88,30,OSM,berlin,berlin_n030_seed799.json,0,0,1,1,0,0,0.267498959,2.196639999980107,optimal,True,8.211770274515748
60,61,8402aefe0df13bb7fa40b5a6ae54288fc2f587c2b4726cfeef0b51e9e8605462,40,OSM,berlin,berlin_n040_seed2504.json,0,30,1,0,0,0,2.180163292,3.538483541982714,optimal,True,1.6230360152228056
61,62,e9cec8d085ceb2e167476579a5ac6f7750f7e1844440e54d6a87d93c61c64cc2,40,OSM,berlin,berlin_n040_seed7807.json,0,31,1,0,0,0,0.241692584,0.6586483329883777,optimal,True,2.725149121614661
62,63,2dc3a1281cce1748ea6e14cec8fc47d5af8c2a00a281827d1d8367adc37e9be6,50,OSM,berlin,berlin_n050_seed2601.json,0,32,1,0,0,0,17.695500333,135.22244820799096,optimal,True,7.641628982697778
63,64,6d825400ea20834886bd0b9e694daf0ed0d70a242ef15999f1908dc2400c68ae,50,OSM,berlin,berlin_n050_seed7483.json,0,1,1,0,0,0,54.572437167,2193.3649181659857,optimal,True,40.19180802671418
64,65,9b7dfd3ee986f89be891b041c1a77a35b680b9d4ae1f7d6abef41d1a15f3cf90,60,OSM,berlin,berlin_n060_seed2575.json,0,15,1,0,0,0,1128.389667167,21720.58896708401,process_timeout,False,
65,66,6e00d79bdc460994cda28856fd98456e01a4287ec2c26de4a354edaab8970891,60,OSM,berlin,berlin_n060_seed6969.json,0,7,1,0,0,0,1084.895117209,21720.517428624997,process_timeout,False,
66,67,b01e609357291e7927cde1fd36426ab1ee4e52e9b546eb612bd74279bfabcebc,5,OSM,buenos_aires,buenos_aires_n005_seed800.json,0,2,1,0,0,0,0.000230416,0.0037125000380910933,optimal,True,16.11216251515126
67,68,5bfb30291b7c8a23e1d3a07fc70bd5437f94f64a2223106860ac058bf74cde30,5,OSM,buenos_aires,buenos_aires_n005_seed808.json,0,3,1,0,0,0,7.4375e-05,0.002601457992568612,optimal,True,34.977586454704024
68,69,c5e96024202d34a11260864d4ffca7cbf8477dffb0604937e60d3d8331877675,10,OSM,buenos_aires,buenos_aires_n010_seed244.json,0,0,1,1,0,0,0.003022125,0.033317291003186256,optimal,True,11.024458287855815
69,70,6fd9c2bfc889c333d8bf319e469b184052f6f78b1a46129b64717d496118aba6,6,OSM,buenos_aires,buenos_aires_n010_seed60.json,0,3,1,0,0,0,0.000115875,0.0034372909576632082,optimal,True,29.66378388490363
70,71,b49dde7b84d9a701f7340481ed99babda8e6b7daef067d1bc3614d7d1782b52f,15,OSM,buenos_aires,buenos_aires_n015_seed365.json,0,4,1,0,0,0,0.010480542,0.05800579197239131,optimal,True,5.534617577258056
71,72,cc91b594be8fa1a93acd9bcd1cb8d0d690a858627914832fd7a0cbbf01f2864c,15,OSM,buenos_aires,buenos_aires_n015_seed38.json,0,15,1,0,0,0,0.002420167,0.010105749999638647,optimal,True,4.17564159813709
72,73,2e0fc7ab19f094ade6ab81879d12bfc1b70b0b425fdce8ea59bd52f1dc5de4c5,20,OSM,buenos_aires,buenos_aires_n020_seed323.json,0,5,1,0,0,0,0.037187292,0.15159208397381008,optimal,True,4.076448588238425
73,74,d47f8980eebba38280ee57051b2a8ec4c4ce151bb2ed88146eacc98c822b0faa,20,OSM,buenos_aires,buenos_aires_n020_seed489.json,0,32,1,0,0,0,0.268181917,0.14268874999834225,optimal,True,0.5320595497061132
74,75,e583aac3dcace9f799fcb24beefccfa5f477bfdbc5e8407b92daeec8f12b998c,30,OSM,buenos_aires,buenos_aires_n030_seed319.json,0,11,1,0,0,0,0.039002625,0.3034112500026822,optimal,True,7.779252037591886
75,76,7e3a3519b1756ff9c1e937791dc800dae9a7774f6086fc368fa72954799bcf2d,30,OSM,buenos_aires,buenos_aires_n030_seed97.json,0,27,1,0,0,0,0.1156435,0.38077345804776996,optimal,True,3.292649029541392
76,77,138faad11c544f6010907ae6955957f771daea922292714aae6c861143e76cfd,40,OSM,buenos_aires,buenos_aires_n040_seed569.json,0,51,1,0,0,0,0.299665917,0.9650242089992389,optimal,True,3.220333558985418
77,78,07593dd762145195dbc933ef6d3776fb59e381b5990929bd8eab11d96a2dba9e,40,OSM,buenos_aires,buenos_aires_n040_seed715.json,0,1,1,0,0,0,119.4613935,3878.736622083001,optimal,True,32.46853655765367
78,79,a2421e758ac685906dbbdf114838a070af8000ca68c5e657b2a8e8d32a7e38ee,50,OSM,buenos_aires,buenos_aires_n050_seed338.json,0,80,1,0,0,0,0.219818833,0.30841054202755913,optimal,True,1.4030214691730218
79,80,938cf740215181ba47340a06ed648cf6d1ecfb4acecab814bdaef426a4618e96,50,OSM,buenos_aires,buenos_aires_n050_seed475.json,0,63,1,0,0,0,3.45564675,3.7952687500510365,optimal,True,1.0982803002219588
80,81,de268b5820789f77c123dae7178848fca71930b7fe88f9f41808e406fafd24b1,60,OSM,buenos_aires,buenos_aires_n060_seed489.json,0,65,1,0,0,0,28.276746125,40.32617454200226,optimal,True,1.4261249990977265
81,82,1985ecbc895222a3e558c6b8db3f02ff80dee710519f678ce9e4eba84498209f,60,OSM,buenos_aires,buenos_aires_n060_seed652.json,0,94,1,0,0,0,0.320277042,1.0660352919949219,optimal,True,3.328478636301761
82,83,561eeaec59b1c234bd27158098fa1336a12c827b81332aeb0126fb509bf9f784,14,tessellation,burma14,burma14.json,0,28,1,0,0,0,0.011201709,0.010224667028523982,optimal,True,0.9127774189209862
83,84,f12ce57699fe0d02b663fa8368fe31421e1894863e400cbd97e6be84a96526e3,5,OSM,cape_town,cape_town_n005_seed1232.json,0,2,1,0,0,0,0.000198834,0.004170708998572081,optimal,True,20.975834105696617
84,85,5229b85445f93be2fbc6d7c8be6db623123081584b1c28d8c3ebc0791c23ad00,5,OSM,cape_town,cape_town_n005_seed1900.json,0,0,1,1,0,0,0.000338584,0.0038385409861803055,optimal,True,11.337041874927065
85,86,87d48870d2bdced6369b4f35aa2a0f0efcbee0b7b72a5072eda0ac895cfeceef,10,OSM,cape_town,cape_town_n010_seed818.json,0,0,1,1,0,0,0.001136208,0.014208999986294657,optimal,True,12.505632759402024
86,87,db999f3a648f994cccca4c3be1b07822a353da0b869db98d5e156e498b1750f6,10,OSM,cape_town,cape_town_n010_seed901.json,0,5,1,0,0,0,0.001449625,0.005116167012602091,optimal,True,3.5293037941551026
87,88,7749bace0d432538471e6e5d8a6c299d11fdd7e588cdbee5bb1bac4334b2b748,15,OSM,cape_town,cape_town_n015_seed317.json,0,0,1,1,0,0,0.009821125,0.03354783303802833,optimal,True,3.415884945770299
88,89,08ccec3ceb6c0f8ca064e21a6953ac92c5f75c95777feaf744fb90effac83f95,15,OSM,cape_town,cape_town_n015_seed513.json,0,10,1,0,0,0,0.004775625,0.026884916005656123,optimal,True,5.629612041493233
89,90,f80ea162ddd461f67d1028c6e714013f5da035fa887e15a48e5fbb9c1051e5e0,20,OSM,cape_town,cape_town_n020_seed1251.json,0,0,1,1,0,0,0.028726666,0.21927762497216463,optimal,True,7.633243097969135
90,91,2a84a27e091957e1ef6591c97912109addaf1b2e32f859f990a90a80f03f52ca,20,OSM,cape_town,cape_town_n020_seed1290.json,0,1,1,0,0,0,0.022031917,0.09514616703381762,optimal,True,4.318560524434511
91,92,477caa2a177f8c83450efb5388a764a03b6a773bbe97405903aa1054a97978e4,30,OSM,cape_town,cape_town_n030_seed148.json,0,5,1,0,0,0,0.123852333,0.884426916949451,optimal,True,7.140979063748851
92,93,46de1f43b9ece4f64262f19f9321c492140dd7d591a9db29c740a32d9c40a2ce,30,OSM,cape_town,cape_town_n030_seed278.json,0,5,1,0,0,0,0.38074075,1.8045546249486506,optimal,True,4.739588880225325
93,94,8dea3947e512ea7a9e3a9c90ea320630660ae03fe5d0fa29ee03432ea15aa09d,40,OSM,cape_town,cape_town_n040_seed1840.json,0,1,1,0,0,0,0.051100709,1.0757955419830978,optimal,True,21.052458234642064
94,95,21e6a1057788016a7ebfe695e3ccd10caaa520ed16768dd55ea94a9803297132,40,OSM,cape_town,cape_town_n040_seed221.json,0,0,1,1,0,0,0.324525833,0.7893914579763077,optimal,True,2.432445672133311
95,96,6a20bf5f0d2a55768d7502c6b7c20a6cd54e89aecffed25a6844c66f14d35dcb,50,OSM,cape_town,cape_town_n050_seed1914.json,0,0,1,1,0,0,124.179790625,996.9631072500051,optimal,True,8.028384507916021
96,97,09f0614d474945e4fd51edeb041f96760a98975b65471872ab1ae06a786e8c38,50,OSM,cape_town,cape_town_n050_seed458.json,0,5,1,0,0,0,145.945722666,1022.6678936669923,optimal,True,7.007179621203359
97,98,1195e5958d33448a98cde08baeca93f558f03caa507ff0d1ed85ecdda3db2375,60,OSM,cape_town,cape_town_n060_seed1832.json,0,0,1,1,0,0,310.298305459,7124.692758874997,optimal,True,22.960785262220483
98,99,5c82fa45dbfff07d927e76a0e2d325b6147718486820e0b65491dd803c4aabe9,60,OSM,cape_town,cape_town_n060_seed359.json,0,1,1,0,0,0,210.958572375,6212.290557332977,optimal,True,29.44791713080997
99,100,ad0bf3f1325ca3bbac6f925dae8851762972a56615c6b72808eb33c432d40a55,5,OSM,chicago,chicago_n005_seed14388.json,0,0,1,1,0,0,7.6583e-05,0.002479083021171391,optimal,True,32.37119231645915
100,101,26338e0d888dbd93b8d3d007ac98724e0f885b252fb6451a519fdb9e4d2f884b,5,OSM,chicago,chicago_n005_seed9203.json,0,0,1,1,0,0,1.4959e-05,0.0019367079949006438,optimal,True,129.46774482924286
101,102,94af729b48bf2a2154ba043887752879b9c44506af7ddf6adb4d6f4c13f89434,10,OSM,chicago,chicago_n010_seed11570.json,0,0,1,1,0,0,0.000133875,0.0030153749976307154,optimal,True,22.52380950611179
102,103,4768f8b4c21d8559d7d6387e04edf83295fa2938543e78fdee3bced5ce90a8af,10,OSM,chicago,chicago_n010_seed198.json,0,0,1,1,0,0,0.001157708,0.011831916985101998,optimal,True,10.220121986806689
103,104,71665eff9b3f73255b2895a6c7f78c28a9e81b85aad1381f68956e91babd4b8a,15,OSM,chicago,chicago_n015_seed12579.json,0,0,1,1,0,0,0.005566583,0.0940430830232799,optimal,True,16.89422092929898
104,105,c65c9b2ae6b5c5d1d196dff494096b52e90b3562e1213d7347b05719f4207314,15,OSM,chicago,chicago_n015_seed1963.json,0,0,1,1,0,0,0.000603875,0.009899375028908253,optimal,True,16.393086365403853
105,106,b7d4cdb01d7211441ce8f3abbef18468711ad3997769ee7f0d8450304953960a,20,OSM,chicago,chicago_n020_seed12430.json,0,0,1,1,0,0,0.003985375,0.023385124979540706,optimal,True,5.867735151532968
106,107,f2f235b55b920232ebf17b8fe29984702dd0c26ba129cf6b37430de858b7210f,20,OSM,chicago,chicago_n020_seed9764.json,0,0,1,1,0,0,0.004810416,0.056073916028253734,optimal,True,11.65677064691572
107,108,169b14e68c8244990e28605da34d31905368ab16dedec68f9728499d0f98f429,30,OSM,chicago,chicago_n030_seed14294.json,0,0,1,1,0,0,0.143398375,1.0425790410372429,optimal,True,7.270508058666933
108,109,34d43f95d9e8f24b1aafa2e9fe85e58a7cab1434255f0838df74d87520983848,30,OSM,chicago,chicago_n030_seed5820.json,0,0,1,1,0,0,0.205754333,1.8798846669960767,optimal,True,9.136549590895257
109,110,2087fb5afb646ddaab1e2a9a8e4348b1020ba89207e8399e5c53e7d2ab6a2d2e,40,OSM,chicago,chicago_n040_seed1890.json,0,4,1,0,0,0,0.700814167,3.4264777909847908,optimal,True,4.889281570394953
110,111,2852ee12605fa417bbdb62ecf35d467c90d6513c2dcb08dbf8106ba201e91464,40,OSM,chicago,chicago_n040_seed5674.json,0,0,1,1,0,0,0.707806834,7.7161902919760905,optimal,True,10.901548164447492
111,112,7604ac1b38a7629d72ea441371a014059e1a517f5c39ddbfbe63a490c2658127,50,OSM,chicago,chicago_n050_seed12321.json,0,0,1,1,0,0,24.275673542,263.934236999994,optimal,True,10.87237544792956
112,113,1edbefb438d54ea114ae6b135b5bf6fc8b0e4b7a6d9e061d448ab2b0f62c3af3,50,OSM,chicago,chicago_n050_seed8137.json,0,0,1,1,0,0,4.395618,22.346286250001867,optimal,True,5.083764387624646
113,114,f09ecd5839115d9a9b2b48e9ff3085bda8434a6eb55a030f9bce6d10b56fcca7,60,OSM,chicago,chicago_n060_seed3685.json,0,10,1,0,0,0,20.076511625,183.80539454201062,optimal,True,9.155245591227587
114,115,7889e43866531f645b03f5c5dfcf11992798797f60c8ffd8a3d95308df36f224,60,OSM,chicago,chicago_n060_seed9815.json,0,0,1,1,0,0,7.986683791,69.82842720800545,optimal,True,8.743106530233915
115,116,ba011129430bc332e29c1761716be49e411d3edfba5bc22f095b183822c4a60e,5,OSM,dubai,dubai_n005_seed2137.json,0,2,1,0,0,0,0.000341875,0.0033627080265432596,optimal,True,9.836074666305695
116,117,210ca5e0164fdd508e7d7eb6a62fc727ff180e5e8d7145790cf60262703eb2dc,5,OSM,dubai,dubai_n005_seed2691.json,0,0,1,1,0,0,0.000668958,0.0039424580172635615,optimal,True,5.8934313025086205
117,118,ce69b66dab2405ff7c8a9b847b863c25bcd0ca94760008d07ed81ab2dc691981,10,OSM,dubai,dubai_n010_seed2646.json,0,5,1,0,0,0,0.001279375,0.011982249969150871,optimal,True,9.365705886976745
118,119,cf9dab3410e6f782733fdac6fd6c3dc9e7512f0285f2375b45918ea761304738,9,OSM,dubai,dubai_n010_seed854.json,0,0,1,1,0,0,0.000757459,0.009351333021186292,optimal,True,12.345662301439804
119,120,5d1c4b48035d81e8741391e6c2160836f9add0e28b29fc70578280d91e6152f1,15,OSM,dubai,dubai_n015_seed1681.json,0,5,1,0,0,0,0.002991041,0.022294500027783215,optimal,True,7.453759419474095
120,121,463db9d93fe7c35b3edafd8d89ce2f1ea1cd3db7d6ef8f37bb3053b4e7bc0017,15,OSM,dubai,dubai_n015_seed687.json,0,14,1,0,0,0,0.005666292,0.015252874989528209,optimal,True,2.6918618012499547
121,122,586d194f048e7228912af4846322c1d664838b96899b8cbb3cd08e0f25ec24d2,20,OSM,dubai,dubai_n020_seed2567.json,0,2,1,0,0,0,0.002639167,0.03701341699343175,optimal,True,14.024658914510429
122,123,bdf0d509761f1e2d23184fc95384805a4f9beb179592786ca92de9b0bafd63f3,20,OSM,dubai,dubai_n020_seed757.json,0,6,1,0,0,0,0.054861083,0.30505262495717034,optimal,True,5.5604557598173985
123,124,9aa2b6ec730b085edc5675b73430af17bec84b6a604b57b8f7436bbedbba279a,30,OSM,dubai,dubai_n030_seed3019.json,0,24,1,0,0,0,26.175369,77.85988920800446,optimal,True,2.974547912123205
124,125,bcd4e68b5d6c7a60afcfa3355fa2b7fdd95ca155617b0b61109ddd72d6a30f05,30,OSM,dubai,dubai_n030_seed5.json,0,0,1,1,0,0,0.03600325,0.45609316701302305,optimal,True,12.66811099034179
125,126,25d64bce06a6abc9db0cdfdec2f566217233b4077332da26af0ae7b789cfd198,40,OSM,dubai,dubai_n040_seed1233.json,0,2,1,0,0,0,0.746198625,4.159895707969554,optimal,True,5.5747834002904435
126,127,8aa9ed6c07b0146c4a71515ead8de30ab7a966607864ca5bbe64909fb3a9cf50,40,OSM,dubai,dubai_n040_seed2318.json,0,2,1,0,0,0,0.174616125,1.5249584590201266,optimal,True,8.733205246767024
127,128,a598cf953a86ed11c69f7876c34260d15ce999ec3405bb49aab5f9874da6d595,50,OSM,dubai,dubai_n050_seed112.json,0,14,1,0,0,0,1.716711291,1.850971749983728,optimal,True,1.0782079431105274
128,129,f596ac5e770a378c0e7ae82d6e36f9067ea2e9b7484f2d2f7aadc80d92317704,50,OSM,dubai,dubai_n050_seed2565.json,0,8,1,0,0,0,5.377792125,32.55435987500823,optimal,True,6.053480521062021
129,130,d872a42ac28fce7d12f75a659a69b8a0128bd51727ea5984d5d745ecf83cfa80,60,OSM,dubai,dubai_n060_seed3351.json,0,0,1,1,0,0,20862.645174292,21720.639425,process_timeout,False,
130,131,b2ee165384b008ca0df3a26922894b161b271369a97b29332d5255f338d483d9,60,OSM,dubai,dubai_n060_seed404.json,0,0,1,1,0,0,530.852044333,21720.339885333,process_timeout,False,
131,132,e31e612a4dfa4ae5fe1084fa930f67b13c6e57af3161512b1bd023a9174e99cb,51,tessellation,eil51,eil51.json,0,127,1,0,0,0,3.459347666,5.820675083028618,optimal,True,1.6825932646888282
132,133,69113399e1fb938d7f6fcbfcf63dee3f5b2aa9f57c05d8ffd29a8f5f8fb70a3a,10,tessellation,euro-night-0000010,euro-night-0000010.json,0,20,1,0,0,0,0.015148083,0.008375083969440311,optimal,True,0.55288078164348
133,134,52f54c2c2bf6d3f42700627d59d365eee98bbf31210c7e9fa2ca7a706ab48bf1,15,tessellation,euro-night-0000015.instance,euro-night-0000015.instance.json,0,31,1,0,0,0,0.002269458,0.007716958993114531,optimal,True,3.4003532971813235
134,135,f580d4699498fca1c466d3e7b31c3e3cce86e892a33e7f1dc3b0ad95d87e2d4b,20,tessellation,euro-night-0000020,euro-night-0000020.json,0,43,1,0,0,0,0.111768542,0.05658124998444691,optimal,True,0.5062359137193264
135,136,4749bfa85361a1ad2e75c4237569372e4e41e73849190596abd198062508fbdf,25,tessellation,euro-night-0000025.instance,euro-night-0000025.instance.json,0,58,1,0,0,0,0.291354125,0.07960208301665261,optimal,True,0.27321419601199265
136,137,25b9869168ec131234e249dee7d517abf49d8a0a409577737a97d923514b9b65,30,tessellation,euro-night-0000030,euro-night-0000030.json,0,72,1,0,0,0,0.012716,0.05939725000644103,optimal,True,4.67106401434736
137,138,7bd7dc0859c0655dfd796c6cb3899acb395660b14f655ad885586fa27272f456,35,tessellation,euro-night-0000035.instance,euro-night-0000035.instance.json,0,86,1,0,0,0,0.073262958,0.08884387498255819,optimal,True,1.2126711425241414
138,139,52b271cf2758786cfcf8f3331d4444d81cbecf6a16ba5d47bb7c7d995bfb1920,40,tessellation,euro-night-0000040,euro-night-0000040.json,0,99,1,0,0,0,1.307994333,0.7125310419942252,optimal,True,0.5447508632242868
139,140,448cd1e64bc8ad8b282b933ee1a83a629218e5f8346facde2aa88cd648f0afc7,45,tessellation,euro-night-0000045.instance,euro-night-0000045.instance.json,0,111,1,0,0,0,4.076789292,2.299353125039488,optimal,True,0.5640107840627364
140,141,c6e3c571e2dcf07caa9e2a225a388fad838e09c21d9436da54a2a0280e9587fa,50,tessellation,euro-night-0000050,euro-night-0000050.json,0,129,1,0,0,0,118.531486125,55.29074700000638,optimal,True,0.46646463996661863
141,142,f02d5a710b8096d7987823e3b6d0ee3dc9f9073b3356cd338b679515b8c7a68c,60,tessellation,euro-night-0000060.instance,euro-night-0000060.instance.json,0,154,1,0,0,0,108.54307125,46.50769437500276,optimal,True,0.4284722538197274
142,143,26371ac533ba3b8f587051cada0c32c7bf006348e3af00c861dddf82e1b56443,4,OSM,istanbul,istanbul_n005_seed1181.json,0,2,1,0,0,0,7.0167e-05,0.00317333301063627,optimal,True,45.22543375997649
143,144,d4fac4f5249a3dd8138687e93d6085482a0d4f9719a8a0e5e1724c36b556cb96,5,OSM,istanbul,istanbul_n005_seed8129.json,0,0,1,1,0,0,0.000498333,0.0040890839882195,optimal,True,8.205525197447288
144,145,ccb6e6bc8ebcb36d0116bb873570b77ed8801c775b6e91fbaeaca186c5ff0124,10,OSM,istanbul,istanbul_n010_seed2220.json,0,0,1,1,0,0,0.001125042,0.007131333986762911,optimal,True,6.3387268979850635
145,146,65c13b8945ed6867864571ea05d80467a3aadbfa52f9e9f190f63c5511b64578,10,OSM,istanbul,istanbul_n010_seed9143.json,0,0,1,1,0,0,0.00107675,0.009248292015399784,optimal,True,8.589080116461373
146,147,35bf70c8ba593c81218569e7bdb9299cb81ee63dcbffb68df56699c464a6ca27,15,OSM,istanbul,istanbul_n015_seed11715.json,0,7,1,0,0,0,0.019250125,0.08505112497368827,optimal,True,4.418211568687906
147,148,78135ebd5c79f301cec4f66b7eb08de1d30f4bbfaa83a1665738ea084d1d9e9c,15,OSM,istanbul,istanbul_n015_seed2364.json,0,0,1,1,0,0,0.003000958,0.025826416036579758,optimal,True,8.60605714461174
148,149,20a9a776816e789e589cef8e79aedf3c29323c973ad4cae286dfe6c0fe05b874,20,OSM,istanbul,istanbul_n020_seed10187.json,0,5,1,0,0,0,0.031524708,0.14471850002883002,optimal,True,4.590637287705568
149,150,1e562314f642aaf87745be4dfada3e3b9177caa7c42864cbdc2c4567c3701229,20,OSM,istanbul,istanbul_n020_seed8807.json,0,0,1,1,0,0,0.011175709,0.04686366597888991,optimal,True,4.193350594480396
150,151,6373aec1a0ee383db90cba934c5bdf79e45e1a7517f66d922facd6c6d1cdeaa3,30,OSM,istanbul,istanbul_n030_seed3727.json,0,18,1,0,0,0,0.052010375,0.26149504201021045,optimal,True,5.0277476755399375
151,152,574913721de2b0ae5a41f2e3dd3777d11915ea405ec6337fcfb249a0b6d96342,30,OSM,istanbul,istanbul_n030_seed5826.json,0,0,1,1,0,0,0.067210666,0.36925462499493733,optimal,True,5.493988483835844
152,153,6f9305f61e0b72bcaa2836fcc9d42e6e914a7fae2bf62388f089da0940237bc5,40,OSM,istanbul,istanbul_n040_seed7718.json,0,4,1,0,0,0,2.756419209,11.210300249993452,optimal,True,4.066979439626105
153,154,34f4b66b03245e8a2912c3cf348ecf5c34ea12b42ed51a453172702298ba6747,40,OSM,istanbul,istanbul_n040_seed8872.json,0,0,1,1,0,0,0.170213792,2.3403403750271536,optimal,True,13.749416821799926
154,155,c4b45bbd21ea17155af5c1a003397d4aaea7ab8a26dbe079dd185c437b97dcea,50,OSM,istanbul,istanbul_n050_seed4477.json,0,14,1,0,0,0,1.247505667,7.024648041988257,optimal,True,5.630954814723305
155,156,4a326f56800e1744be04aa069a31c95c1527851316ab9d56c083fadf55f04fb4,50,OSM,istanbul,istanbul_n050_seed8527.json,2,13,0,0,3.93888,0.0276868,6.287387708,40.67509241600055,optimal,True,6.469315128164601
156,157,5947307de301d80834f6a75a5383f8bc75107250c6e2ae7b152b03e8a965980f,59,OSM,istanbul,istanbul_n060_seed10845.json,1,10,0,0,4.32955,0.0243929,149.602408333,1047.137203708,optimal,True,6.9994675578830075
157,158,e4e75071486fe11198f3ce87abbf92ecd793e4850286e4c7ddf50c112237d319,60,OSM,istanbul,istanbul_n060_seed7820.json,0,19,1,0,0,0,11.886018833,82.374129541,optimal,True,6.9303381307371685
158,159,8c7a9f966daad62cd9ccc0b54fa8081883a40540911814e8ae67f47e4b0d5c68,5,OSM,jakarta,jakarta_n005_seed7447.json,0,0,1,1,0,0,0.000176792,0.004070167022291571,optimal,True,23.022348422392252
159,160,2458717d15511d2765314c5bf33c71045f1ad61adc72a27271cb971a1b499c72,5,OSM,jakarta,jakarta_n005_seed8224.json,0,0,1,1,0,0,0.000590625,0.007278667006175965,optimal,True,12.323669005165655
160,161,6e43b24d25baf88431506cbcb801e79810ef8b7b1aeffffc378a0f5c16713071,10,OSM,jakarta,jakarta_n010_seed11417.json,0,0,1,1,0,0,0.004807333,0.02541541599202901,optimal,True,5.286801640749458
161,162,70a5cc352a683d40561c2f02f3e4d794d7d03d07be887524513cb412066eac83,10,OSM,jakarta,jakarta_n010_seed2205.json,0,0,1,1,0,0,0.001656208,0.012396917038131505,optimal,True,7.485120853257263
162,163,c7c7294ff439940027071ca032e01b948d0f7d49d47e4f8171fd7c4f0aa8f353,15,OSM,jakarta,jakarta_n015_seed744.json,0,0,1,1,0,0,0.008114542,0.07443899998907,optimal,True,9.173530679743847
163,164,3a54b0f12b694db8031b0146c884be0f5d55f3fc1478f925bc77f7d93be841b0,15,OSM,jakarta,jakarta_n015_seed7987.json,0,23,1,0,0,0,0.0016475,0.008241540985181928,optimal,True,5.002452798289485
164,165,9a170e8ba4586466966cb1d0325dbb94425be8c003eafc12a1b423ca2fb75ebe,20,OSM,jakarta,jakarta_n020_seed10725.json,0,1,1,0,0,0,0.034217125,0.19407929200679064,optimal,True,5.671992956941608
165,166,2fdf00fafcf2a3aecabd56bae02af1421810a2c406428aa23f849190af0eb106,20,OSM,jakarta,jakarta_n020_seed4039.json,0,1,1,0,0,0,0.02189425,0.07114499999443069,optimal,True,3.249483311574075
166,167,285515d5113a19979335c2ee09e7f1864202c14939e7d2122f79aee1e14400fd,30,OSM,jakarta,jakarta_n030_seed1597.json,0,6,1,0,0,0,0.048443,0.23353074997430667,optimal,True,4.82073261305672
167,168,7de4872cb9d40bd20813f2fedc3fccc077a63707751f1323c52fc2acad1b0cde,30,OSM,jakarta,jakarta_n030_seed181.json,0,4,1,0,0,0,0.291192458,0.4332873329985887,optimal,True,1.4879758080773806
168,169,88f51ac977383ed1d496ce6d98276bef247e13e36221445819efae1240ceeb8e,40,OSM,jakarta,jakarta_n040_seed1765.json,0,22,1,0,0,0,0.145238125,0.7862427500076592,optimal,True,5.41347356286553
169,170,fddd06117869159a3f6ef981c2cbfa5835405ced90fc674fa817f76d366a60cb,40,OSM,jakarta,jakarta_n040_seed6757.json,0,0,1,1,0,0,0.672867917,3.8632561250124127,optimal,True,5.741477676981309
170,171,ace9c894965a5fd04a2a419953e75af42c19a519d97e979fc225fb00152a6f1b,50,OSM,jakarta,jakarta_n050_seed1361.json,0,0,1,1,0,0,9.893645583,67.82751004199963,optimal,True,6.855664019190855
171,172,d47dbd202ace1935cd9c1d774c657d3ec2e7968b5c63510d3caa669dd38cb1c7,50,OSM,jakarta,jakarta_n050_seed619.json,0,7,1,0,0,0,5.587610833,40.81433391600149,optimal,True,7.304433887012167
172,173,fde134c04638c20a43234d90261dd1d396e43a0ae4fcbd5c3d291dd7d0d18b25,60,OSM,jakarta,jakarta_n060_seed16285.json,0,13,1,0,0,0,3.758937708,33.45444179199694,optimal,True,8.899972383367025
173,174,1acabfaf520761a898f8b88f0568e165ea35ec3af8300f4ed15a5bc198450bfd,60,OSM,jakarta,jakarta_n060_seed6056.json,0,0,1,1,0,0,305.354290167,13826.065570209,optimal,True,45.27876638853657
174,175,06be96e54ed55ad00db7ddc0d7c209037b830157c4fa561fbcd27381e8b6e1de,5,OSM,kuala_lumpur,kuala_lumpur_n005_seed4825.json,0,0,1,1,0,0,0.000339458,0.0037927079829387367,optimal,True,11.172834291543392
175,176,a7693acfccc19456cab8a76f4590b51505356691fbd30095f8dca4abe8c556f3,5,OSM,kuala_lumpur,kuala_lumpur_n005_seed6098.json,0,4,1,0,0,0,1.2333e-05,0.0025720829726196826,optimal,True,208.55290461523413
176,177,c1db6988cfd42fd0f3a501536ce856f9a4bb171bcc308dc3aa327f322e8d9be0,10,OSM,kuala_lumpur,kuala_lumpur_n010_seed4184.json,0,9,1,0,0,0,0.00012225,0.0040195840410888195,optimal,True,32.88003305594127
177,178,ff5d65138372b58111b6c8557e9a22f228fc090f6aecb62c27c4c27dada3d092,10,OSM,kuala_lumpur,kuala_lumpur_n010_seed5089.json,0,7,1,0,0,0,0.002205375,0.010312207974493504,optimal,True,4.6759430820125845
178,179,30b81ebfb934c2a33c84b131d210f6bcf48522a4734e25666d0603f67e3e32d6,15,OSM,kuala_lumpur,kuala_lumpur_n015_seed2287.json,0,13,1,0,0,0,0.001351375,0.010804791992995888,optimal,True,7.995406155209241
179,180,e383a756bb93242a77cfbd591d4d2b867251aea5a8cf60fb2e3e341b40909515,15,OSM,kuala_lumpur,kuala_lumpur_n015_seed4449.json,0,12,1,0,0,0,0.003418875,0.040764791949186474,optimal,True,11.923451997860838
180,181,1d1b48f1146e373823154067c66d874453c7d8d956b444843d0612c250d3eba8,20,OSM,kuala_lumpur,kuala_lumpur_n020_seed1908.json,0,17,1,0,0,0,0.002302333,0.023308624979108572,optimal,True,10.123915601743349
181,182,c867e685ea1dd7877b7332135aa3348b5e6e93ec8fe7c40fa642f10cb11dd1f3,20,OSM,kuala_lumpur,kuala_lumpur_n020_seed4112.json,0,9,1,0,0,0,0.167104708,0.4997522499761544,optimal,True,2.9906533212466666
182,183,0254414df7cbb778741aea5c48820d1efd6a080f569a1a421b1a38d53def1baf,30,OSM,kuala_lumpur,kuala_lumpur_n030_seed1166.json,0,20,1,0,0,0,0.034612958,0.14744641695870087,optimal,True,4.259861782361995
183,184,9ce1a949721baec6a3c0df40de6512ad8e55a74e67e4c2174ddcd2c6eaf1e2ec,30,OSM,kuala_lumpur,kuala_lumpur_n030_seed1200.json,0,0,1,1,0,0,0.114847,0.866243917029351,optimal,True,7.542590725307156
184,185,689b41bca2dd98b86718bb15a7c0440d56cebc44bd1c783619723137307e4723,40,OSM,kuala_lumpur,kuala_lumpur_n040_seed3462.json,0,36,1,0,0,0,10.189689708,7.560834500007331,optimal,True,0.7420083159226395
185,186,f61a66640bfe308226c3f825cdf591e384afbc5b15a7016f388f33f9050a6b32,40,OSM,kuala_lumpur,kuala_lumpur_n040_seed5282.json,0,0,1,1,0,0,0.376647334,3.6008727499865927,optimal,True,9.56032984953132
186,187,fc7f89db6746287c8d5f79bf907ca71955115ddf41a4d14510e8df45ae3efe30,50,OSM,kuala_lumpur,kuala_lumpur_n050_seed4012.json,0,41,1,0,0,0,0.277805625,0.4294122090213932,optimal,True,1.5457289931454528
187,188,836c20eabe68cd73c0ce8c89aee00781e90409a87967406d01c3903d48e7f3d6,50,OSM,kuala_lumpur,kuala_lumpur_n050_seed4812.json,0,0,1,1,0,0,3.292611,15.085433207990718,optimal,True,4.581602019792413
188,189,e0873d28041b3fdfac9d6bfa5c575fb099a2bce87f150e3e76d3c8aba179dc50,60,OSM,kuala_lumpur,kuala_lumpur_n060_seed3530.json,0,50,1,0,0,0,411.180109,1108.2524302090023,optimal,True,2.6952967956166436
189,190,8ded8058d96478aff94c94c56d61ca149303d5395c4ec88f305e9d5f36824066,60,OSM,kuala_lumpur,kuala_lumpur_n060_seed4017.json,0,27,1,0,0,0,2.569252459,10.856339834004757,optimal,True,4.225485820194658
190,191,979b12d6493ee2f176e29f3739b2077012cb40f0012c2a6160dba9ac6e675892,4,OSM,lagos,lagos_n005_seed3149.json,0,0,1,1,0,0,1.6833e-05,0.0024774160119704902,optimal,True,147.1761428129561
191,192,e35c9f5bbb7bca10393b1a2e92a450dfd1ceb0e17258f8a218b8cd225d58fc45,5,OSM,lagos,lagos_n005_seed8836.json,0,0,1,1,0,0,7.4666e-05,0.003878416959196329,optimal,True,51.94354805662991
192,193,81da3b82ebcae9406bb6d4267fac4cdf5ea354afcab476b23084d9ac37682629,10,OSM,lagos,lagos_n010_seed2350.json,0,0,1,1,0,0,0.001466417,0.006895791972056031,optimal,True,4.7024768343902394
193,194,8f6edbd10089e53f6b1fae6bb8c6af37303c529942088d06c748ce3254deded5,10,OSM,lagos,lagos_n010_seed7448.json,0,0,1,1,0,0,0.001090417,0.005474084056913853,optimal,True,5.020174902733406
194,195,8381c00f3c97baca8dff3e3c747ea6d7d287d80acfc3a142b7aad41e34653c1b,15,OSM,lagos,lagos_n015_seed3110.json,0,9,1,0,0,0,0.01896425,0.05246624996652827,optimal,True,2.76658712928422
195,196,52519180047093f4898400c5ebf956cf8fb81d9e4cfc4082c49a74b1f5edfbcf,15,OSM,lagos,lagos_n015_seed7082.json,0,0,1,1,0,0,0.004227166,0.0338127919822,optimal,True,7.9989269364392115
196,197,321e100a5dcee6259361a586e1834ba8da430fb05bbcb1ee9749b8cda8d0bd88,20,OSM,lagos,lagos_n020_seed4781.json,0,0,1,1,0,0,0.006411417,0.10484479198930785,optimal,True,16.352826838327292
197,198,dd1beb444fa39a9a7fa0208687d78eb0fb4ef327caf26d5e6985996d62a60c18,20,OSM,lagos,lagos_n020_seed7881.json,0,0,1,1,0,0,0.0154545,0.10828887496609241,optimal,True,7.006947812358369
198,199,d1c11d492703b39b9762f41e9da3687341bb7723e136b402043d855de22c4b5f,30,OSM,lagos,lagos_n030_seed1571.json,0,0,1,1,0,0,0.034006042,0.3098027499509044,optimal,True,9.110226645926756
199,200,e2c988fe0791fe6ee408efa2e6f635793f276fb11bba97b96986d8ae84320350,30,OSM,lagos,lagos_n030_seed5154.json,0,0,1,1,0,0,0.404311417,0.9295234589953907,optimal,True,2.2990284714007734
200,201,beff07b4cd4a9ae3068c400bf55ebd72e456f8710e7c0d24dd4dbea7dd287be8,40,OSM,lagos,lagos_n040_seed7990.json,0,0,1,1,0,0,0.256517667,2.6162951659644023,optimal,True,10.199278656173036
201,202,e655c9c91a7bd9003db52aaefcf6812aae217501d68b55e32d95bf0d406e2c63,40,OSM,lagos,lagos_n040_seed9912.json,0,0,1,1,0,0,1.591145125,7.769787292010733,optimal,True,4.883141813988044
202,203,44b9f0ab7cb829d1b1294dc705ec82c61cb89ad96458de0010e28b03640d337f,50,OSM,lagos,lagos_n050_seed1771.json,0,0,1,1,0,0,36.503718291,648.381688333,optimal,True,17.762072432299554
203,204,f7bbb44c60477e988b38bd4a7959a658d8ab46d042fe36a5f0565dd7b3954a7f,50,OSM,lagos,lagos_n050_seed860.json,0,0,1,1,0,0,3.154924375,16.86756170800072,optimal,True,5.346423464746511
204,205,bb0609bf0734e9998cdb59b95b4a5609e7c223cb81d280181b8e8e85b8d57ac4,60,OSM,lagos,lagos_n060_seed10111.json,0,0,1,1,0,0,18.510124542,131.20257433400548,optimal,True,7.088151894186509
205,206,b471e959cb1464e5a4d44938072196dcb1928a35b921c6c0c031ddc45f611f35,60,OSM,lagos,lagos_n060_seed7794.json,0,0,1,1,0,0,36.942404667,786.43230437499,optimal,True,21.288064798810897
206,207,4fd1666ab572780382f98f014c1f747abd1981115e741749d2256f91f18ddb18,10,tessellation,london-0000010.instance,london-0000010.instance.json,0,21,1,0,0,0,0.000343833,0.0064479580032639205,optimal,True,18.75316797184657
207,208,35ef19299e24a9939bc21bdbc5ad0888f57c60535fd94b58673f6db969c48f3b,15,tessellation,london-0000015.instance,london-0000015.instance.json,0,32,1,0,0,0,0.003753875,0.013454708037897944,optimal,True,3.584218451040044
208,209,d52cd4b80ba4ddbd7d969d4eea2bf9479610722dbac6fefc29c48744f1a2789c,20,tessellation,london-0000020.instance,london-0000020.instance.json,0,45,1,0,0,0,0.091032208,0.07813716598320752,optimal,True,0.8583463776162336
209,210,f39fd853daa7d7bf47cea9cbe7605ede77b8cb1444ef4ce6ca5f38f8639f3709,25,tessellation,london-0000025,london-0000025.json,0,61,1,0,0,0,0.133652875,0.16518008295679465,optimal,True,1.2358887375733192
210,211,23292e684b5d34faebb1eb73707eb68f1aae550386e667b40c0d2331697777c2,30,tessellation,london-0000030.instance,london-0000030.instance.json,0,71,1,0,0,0,0.152926833,0.13954150001518428,optimal,True,0.9124723063818648
211,212,5261a15a16e0ccfe947eeba3000f75a0002c8dc239fc4b2871ef10b4c0dc02a4,35,tessellation,london-0000035,london-0000035.json,0,89,1,0,0,0,0.081927833,0.1668039999785833,optimal,True,2.035986964022145
212,213,1b8adbdecdd0e2e6b873c73f81ed9296eb951feaca9ad27606cc5c1e94e866b6,40,tessellation,london-0000040.instance,london-0000040.instance.json,0,100,1,0,0,0,7.34863575,2.914688999997452,optimal,True,0.39662994590491873
213,214,802ea043817d812d96be9c46fa4101ecd58bf87bb1a0ff81e9934855caa2cd15,45,tessellation,london-0000045,london-0000045.json,0,118,1,0,0,0,31.08691725,23.32311512499291,optimal,True,0.750255000758974
214,215,225506cce489f7b62e88ea124b765183986fd9bf05d9021409023c631b46420b,50,tessellation,london-0000050.instance,london-0000050.instance.json,0,132,1,0,0,0,23.473068666,9.02123825000308,optimal,True,0.3843229182501417
215,216,6e3209647030a7adcf6b4017ae2abf2aea2137ed8fbceb6231b2877958d732c6,60,tessellation,london-0000060,london-0000060.json,0,160,1,0,0,0,1683.030874584,1203.7930717499985,optimal,True,0.7152531126605409
216,217,3730cce8ff464bf9d42ba345ef43178657ced094b28cd35c1d61b79c524feab7,4,OSM,melbourne,melbourne_n005_seed1834.json,0,0,1,1,0,0,0.000143209,0.00443970802007243,optimal,True,31.001599201673294
217,218,55689ecaf5c16eb404c1f51fce22953fc0322e3ca0d47113e6b47fff2d09578c,5,OSM,melbourne,melbourne_n005_seed4075.json,0,0,1,1,0,0,0.000263875,0.00313279201509431,optimal,True,11.872257754976069
218,219,e40f4c157f0941476df029aae94ab7227c7b48dd5830953ac98d6cec0fff8c60,10,OSM,melbourne,melbourne_n010_seed3556.json,0,0,1,1,0,0,0.000471792,0.004803791001904756,optimal,True,10.182010296708626
219,220,a50021701a769627cbba976e95c55221ee914a9f280117a190a26c76cde0668a,10,OSM,melbourne,melbourne_n010_seed541.json,0,0,1,1,0,0,0.002471791,0.016781166021246463,optimal,True,6.7890715765396275
220,221,6389dd02de5eb2c9de264d2dd3c85015d500a08389544fa41ebc31ace336773b,15,OSM,melbourne,melbourne_n015_seed1585.json,0,0,1,1,0,0,0.007918834,0.06055383401690051,optimal,True,7.646811893884947
221,222,b9728500ed90c643653544ef607f23d3e82e522bad3fbc01729e5d4a0d055369,15,OSM,melbourne,melbourne_n015_seed3517.json,0,0,1,1,0,0,0.006550084,0.047317625023424625,optimal,True,7.223972245764272
222,223,b22c699a91732aa2839d3fe255bf0105f35f64c8709b5fd04cd6a11f309b64bc,20,OSM,melbourne,melbourne_n020_seed20.json,0,0,1,1,0,0,0.007557709,0.073394917009864,optimal,True,9.711265280240877
223,224,1ef0f466d334784a24bee33cd6293191e3f634336fa832e097383170395fe55f,20,OSM,melbourne,melbourne_n020_seed3823.json,0,0,1,1,0,0,0.012217333,0.13037050003185868,optimal,True,10.670945944737586
224,225,6e533c2c386e11fc8f112cad7094d8660787a8437997c98407f40cdf14693bb3,30,OSM,melbourne,melbourne_n030_seed3072.json,0,10,1,0,0,0,0.255693792,0.7476428330410272,optimal,True,2.923977258865273
225,226,71b2edd43d942c3ca97f0c0388dbefe9d78939611a0cc195f67aff229fe5be16,30,OSM,melbourne,melbourne_n030_seed5255.json,0,8,1,0,0,0,0.009912416,0.15301283297594637,optimal,True,15.436482183147515
226,227,a1121360883e3ba033f06ce0bdb8869ac2ac5a7a9b40a263c0981a28d5b8dc89,40,OSM,melbourne,melbourne_n040_seed2302.json,0,8,1,0,0,0,0.783779542,2.9442515409900807,optimal,True,3.7564791924488388
227,228,d6f353794d8c12817074d285389b6df7fe84f2856e815f0528c3f46a9eca89a6,40,OSM,melbourne,melbourne_n040_seed3309.json,0,6,1,0,0,0,1.032496875,6.003789374954067,optimal,True,5.814825710687082
228,229,d199263f52abaaa09e185fb59609f1edc3dc0719369117cd222e19609001354e,50,OSM,melbourne,melbourne_n050_seed1900.json,0,9,1,0,0,0,15.594187,70.10217512500822,optimal,True,4.495404289111591
229,230,dfe52d131f0ba3936410461475978ab1e778d20544685060579641f2d3ed486b,50,OSM,melbourne,melbourne_n050_seed6550.json,0,7,1,0,0,0,7.514330375,49.36260841599142,optimal,True,6.569129377145787
230,231,43eabfb0f624fa09161be04d8af45f6bcf2e23bccbad7f08418c17921b1f62c1,60,OSM,melbourne,melbourne_n060_seed1685.json,0,7,1,0,0,0,575.652252709,21720.33619679202,process_timeout,False,
231,232,3a4c102c5566ce41d6ddfd72ba07fc5499c726df79789a0819d43b66ef74e882,60,OSM,melbourne,melbourne_n060_seed2639.json,0,41,1,0,0,0,32.188461791,67.39983716700226,optimal,True,2.0939129556618785
232,233,36d17f81c5a0ceb4ffbfd1afa83f4e92dadd68149895c6da3ee7cea06d449ae1,5,OSM,mumbai,mumbai_n005_seed2101.json,0,1,1,0,0,0,0.000183208,0.005584832979366183,optimal,True,30.483565015535255
233,234,079d06216c284c0569aa9dcdc42c17af2488351555c1c3c447f717d552517205,4,OSM,mumbai,mumbai_n005_seed660.json,0,0,1,1,0,0,8.2542e-05,0.0037850000080652535,optimal,True,45.855443387187776
234,235,6c0a626e12fa556051c306ec3457b8d6d9242b77f19471bc5b029f6f0a94d213,10,OSM,mumbai,mumbai_n010_seed121.json,0,0,1,1,0,0,0.010536792,0.02361095795640722,optimal,True,2.2408108612571285
235,236,cd47e1cb6937fddb14d90df9baa195c5bd791b7974d775e578a43434f0a15cc1,10,OSM,mumbai,mumbai_n010_seed2062.json,0,0,1,1,0,0,0.003444417,0.01689650001935661,optimal,True,4.905474575046114
236,237,39256d8b99e45226fbca0a6aa47d22745c0ad2e51016094edb92b7e19e9b5bb6,15,OSM,mumbai,mumbai_n015_seed1126.json,0,0,1,1,0,0,0.005538333,0.050333374994806945,optimal,True,9.088181406716956
237,238,74af5f2b07024da0f93b51ee71a0e9f232e77bf6e68f75aca05a4e8c3d620d62,15,OSM,mumbai,mumbai_n015_seed179.json,0,0,1,1,0,0,0.00695975,0.07365108304657042,optimal,True,10.582432277965506
238,239,12770df713d76b475256e101d09ef616629e73f6b6f7eb547f01476260b215d3,20,OSM,mumbai,mumbai_n020_seed2001.json,0,15,1,0,0,0,0.001491042,0.007532833027653396,optimal,True,5.052059584943547
239,240,9749ce4d542dc0d42b52b66a8f4352e5500452e4149147ed96e7b4558018f1b5,20,OSM,mumbai,mumbai_n020_seed438.json,0,0,1,1,0,0,0.003658,0.05388820799998939,optimal,True,14.731604155273208
240,241,9e009a280258badf427288e2531519453436a82bed8edaa22a870d98caf08183,30,OSM,mumbai,mumbai_n030_seed1680.json,0,0,1,1,0,0,0.162371,1.3635950000025332,optimal,True,8.398020582508781
241,242,c86f1a6a9c54b8d8884dca03cb1c474354ec5fbb2b631c79e3baa7301f9b4c2f,30,OSM,mumbai,mumbai_n030_seed181.json,0,0,1,1,0,0,0.235719584,1.1747182079707272,optimal,True,4.983540985592131
242,243,264979398561e70ca035c48d29cca928ab207e57565abed25ca3ac8905ec1463,40,OSM,mumbai,mumbai_n040_seed255.json,0,0,1,1,0,0,2.99489425,15.766961792003713,optimal,True,5.264613864747883
243,244,95bbb0ec53811da735c6500d41f2c16167c0b3a09582b047d745ab12388fe8b7,40,OSM,mumbai,mumbai_n040_seed891.json,0,0,1,1,0,0,1.176744584,7.072121750039514,optimal,True,6.009903802573621
244,245,06baf1fd29333fab86175838bb1b5bbbb0b8fa24534c0f02dfa8ea0818c45cbd,50,OSM,mumbai,mumbai_n050_seed1085.json,0,0,1,1,0,0,46.011656458,479.4211140829866,optimal,True,10.419557803153817
245,246,27aeecd60c9498b4d5ff26da74b3d856e20f9f523a2ab43c99021be3022a2c49,50,OSM,mumbai,mumbai_n050_seed339.json,0,0,1,1,0,0,10.525639625,78.88203199999407,optimal,True,7.494274439401973
246,247,95ce26289c45bbe3928a1466f46997a5b7b40019abf67c319a778a4af56a5ba6,60,OSM,mumbai,mumbai_n060_seed132.json,0,0,1,1,0,0,98.045817375,1810.898791167012,optimal,True,18.469923956478333
247,248,ecdf49617c35c550eb502ebda69fb3c10f83cf533443fdbf94ed031ae3c5f36f,60,OSM,mumbai,mumbai_n060_seed926.json,0,0,1,1,0,0,236.558574625,8159.885690666997,optimal,True,34.49414464727098
248,249,ba1c04022b29287d1a3af42c6e9eaca90604166fb8d82ebab9eaf2b26bb99f19,5,OSM,osaka,osaka_n005_seed1680.json,0,0,1,1,0,0,0.000130167,0.0037596249603666365,optimal,True,28.88308834317943
249,250,3d18f04f7709c0996cd193cc98821fb69c0ef8a947ebb0b8cf53484cbc49d462,5,OSM,osaka,osaka_n005_seed2146.json,0,0,1,1,0,0,0.000127875,0.005315417016390711,optimal,True,41.567288495724036
250,251,cc5dc833919bf514acedf682b20a28c2cb6b86c8fc7083ccee78d3bb6dd3bf6e,10,OSM,osaka,osaka_n010_seed5583.json,0,0,1,1,0,0,0.006121625,0.02930195804219693,optimal,True,4.786630680937974
251,252,d0002be2e4935edf3030ee5852a3216bf7545a92cd3b8d3a88e165c84a38983a,10,OSM,osaka,osaka_n010_seed5983.json,0,2,1,0,0,0,0.002308542,0.012812333996407688,optimal,True,5.549967900262455
252,253,aa136318999f2bb7ad5d56e37f262c704703769be059187c0edc85fc5ce6c51d,15,OSM,osaka,osaka_n015_seed2030.json,0,0,1,1,0,0,0.003181834,0.03095262503484264,optimal,True,9.727919506436425
253,254,fed2edca5049fdb43f2026efe5293a7314bc55b3c13443576a366f2a07ea6dbb,15,OSM,osaka,osaka_n015_seed2681.json,0,0,1,1,0,0,0.002366334,0.06101241701981053,optimal,True,25.783518733961703
254,255,72f6456b051d0bee967f0532132af254e2f38f6452c876dcd425bd865d857237,20,OSM,osaka,osaka_n020_seed2341.json,0,0,1,1,0,0,0.013754458,0.09574541600886732,optimal,True,6.961046084757925
255,256,f0c2c50e5a94bc0fad7e4f5939f6227c0aecbc94306d693645561bd219c1532e,20,OSM,osaka,osaka_n020_seed3482.json,0,0,1,1,0,0,0.021971417,0.1458619170007296,optimal,True,6.638712332514994
256,257,3d32b12a31149f8501fa3b5090c7133ec401867854cca420145b30fac1b698aa,30,OSM,osaka,osaka_n030_seed1413.json,0,0,1,1,0,0,0.112181958,0.9477077920455486,optimal,True,8.447951960738184
257,258,4d59a6435f9a48448258cfe5e8351eb42699ce102a4cb80931b6cc7b445a9003,30,OSM,osaka,osaka_n030_seed3263.json,0,0,1,1,0,0,0.159313417,1.7348582089762203,optimal,True,10.889592613384346
258,259,3974272ecb7e325337bf7b366928b6e38f2177af43fed7e6ddaa86d7f7c0660c,40,OSM,osaka,osaka_n040_seed2534.json,0,1,1,0,0,0,1.486423042,7.593369750014972,optimal,True,5.1084849571478665
259,260,b02074485de2541ac1bc503afb6761792c1d4c794763062175f2aa5aaea1e394,40,OSM,osaka,osaka_n040_seed3686.json,0,1,1,0,0,0,0.535202583,2.3603529169922695,optimal,True,4.410204643934368
260,261,99efc8fb8ca1d3d388a61bafbf8a762499d1cd7c4a52c3e636f104c5f71e8af3,50,OSM,osaka,osaka_n050_seed4756.json,0,0,1,1,0,0,22.23432825,236.57341675000498,optimal,True,10.640007383627836
261,262,f5956eab31ad2699410ad0401730c46da537bb117f4bfa5181c7fff1ad756ae8,50,OSM,osaka,osaka_n050_seed6208.json,0,16,1,0,0,0,150.480339542,406.6812780420005,optimal,True,2.702554229208748
262,263,6998e7279a811f177a33cb06863e24e8458f771371b3637e64d939fc3be81aa0,60,OSM,osaka,osaka_n060_seed481.json,0,1,1,0,0,0,34.267396042,859.8405921670201,optimal,True,25.092090193055586
263,264,a2bc40a7473680b89338b603a71648463ec8254db6364f8244c50fc96864817c,60,OSM,osaka,osaka_n060_seed57.json,0,0,1,1,0,0,4.017995875,25.22354908300622,optimal,True,6.277644345019696
264,265,85f302583f477c2bd7339a5ca48b62d3ae21858ad4366c37dff7cd43f56010bd,5,random,random_mixed_square_n005_seed5000,random_mixed_square_n005_seed5000.json,0,0,1,1,0,0,0.000186333,0.004436083021573722,optimal,True,23.807285996434995
265,266,a7a81e531c56c5fbe4dd593be24cde0b63cc9ab28ba4cb10aed5cd23def92f48,5,random,random_mixed_square_n005_seed5001,random_mixed_square_n005_seed5001.json,0,0,1,1,0,0,0.002215,0.011307250009849668,optimal,True,5.1048532775845
266,267,bcd60d255d5982724a916f4db48143c57a5c3af1817b2244def71de8f99e60e6,5,random,random_mixed_square_n005_seed5002,random_mixed_square_n005_seed5002.json,0,0,1,1,0,0,0.000151292,0.005537667020689696,optimal,True,36.602510514037064
267,268,388823837b7351a203b4575d03dfb7b02f62983bd2c9d51ef958ab72fe7c29a5,5,random,random_mixed_square_n005_seed5003,random_mixed_square_n005_seed5003.json,0,0,1,1,0,0,0.000497875,0.007034083013422787,optimal,True,14.128210923269467
268,269,06a7ba81df83dd0f8051867466006e42e4710ddce7bf9d2ff957f1def78fff57,5,random,random_mixed_square_n005_seed5004,random_mixed_square_n005_seed5004.json,0,0,1,1,0,0,0.002365958,0.012331790989264846,optimal,True,5.212176627507692
269,270,694ce1b7990ba94ace39b597356b3c5542068a41d8f1c31f5801adc69ee43b6b,5,random,random_mixed_square_n005_seed5005,random_mixed_square_n005_seed5005.json,0,0,1,1,0,0,0.00034825,0.009685500001069158,optimal,True,27.81191672955968
270,271,2ca91534049d3974b4b823fdc93e2ce6ddf99ed27e924c716b9a547f67d8dec7,5,random,random_mixed_square_n005_seed5006,random_mixed_square_n005_seed5006.json,0,0,1,1,0,0,0.000722042,0.008258999965619296,optimal,True,11.438392732859441
271,272,48b599425fcbe4254a6365ed66e81c9a858879276c17fe364e794875188610d5,5,random,random_mixed_square_n005_seed5007,random_mixed_square_n005_seed5007.json,0,0,1,1,0,0,0.000232959,0.006711958034429699,optimal,True,28.8117567229843
272,273,b84e89b69583696e44832e331d324fc608114382dcc2b96ae79dc3f106d062c2,5,random,random_mixed_square_n005_seed5008,random_mixed_square_n005_seed5008.json,0,0,1,1,0,0,0.00014925,0.004222457995638251,optimal,True,28.29117585017254
273,274,ac73c81f45ed7ae88091211a38914b0fb99a23ea05066e3fc33affd6dd27d876,5,random,random_mixed_square_n005_seed5009,random_mixed_square_n005_seed5009.json,0,0,1,1,0,0,0.001384334,0.015674708993174136,optimal,True,11.322924231561267
274,275,9a57a150913a3e444586430efee136ea9df9a67fd1312d404f94540d95bfa95e,5,random,random_mixed_square_n005_seed5010,random_mixed_square_n005_seed5010.json,0,0,1,1,0,0,0.0004235,0.0076803750125691295,optimal,True,18.135478187884605
275,276,aa1dc4d434ec07996ea8505721ed92bbbda895d2f69752c93167d419f32dec34,5,random,random_mixed_square_n005_seed5011,random_mixed_square_n005_seed5011.json,0,0,1,1,0,0,0.000434583,0.010453166963998228,optimal,True,24.05332689957552
276,277,69441af02157d974ee7a67012535820004d513a4839b22c498b922414c1cf371,5,random,random_mixed_square_n005_seed5012,random_mixed_square_n005_seed5012.json,0,0,1,1,0,0,0.000238958,0.006351457966957241,optimal,True,26.57980886581425
277,278,b53f26c92d8ccb2c44c6e83936831bd4d83ee14e03ed7feec5c419133f8c9f90,5,random,random_mixed_square_n005_seed5013,random_mixed_square_n005_seed5013.json,0,0,1,1,0,0,0.000992666,0.008777874987572432,optimal,True,8.842727551434654
278,279,edb5108c5ad7273d275ee0dcc4175b38c9eb542a6ec0ee57a280146394d4af47,5,random,random_mixed_square_n005_seed5014,random_mixed_square_n005_seed5014.json,0,0,1,1,0,0,0.000210459,0.006745416030753404,optimal,True,32.05097444515751
279,280,a76eba4604b40bec0b843d083a80c1c615a0df0aaf1a9da929c718df0a712a7f,5,random,random_mixed_square_n005_seed5015,random_mixed_square_n005_seed5015.json,0,0,1,1,0,0,0.0007805,0.007026125036645681,optimal,True,9.002082045670313
280,281,d81958a004a142f9e861754376d55b260794f5926d3cab01e181f2530f081a8a,5,random,random_mixed_square_n005_seed5016,random_mixed_square_n005_seed5016.json,1,0,0,0,0.187037,0.663026,9.3541e-05,0.0031756670214235783,optimal,True,33.949466238586055
281,282,3321e45e4f8c2356ed1abfe307679d9432688baf1de00963cb5588f5b0943bae,5,random,random_mixed_square_n005_seed5017,random_mixed_square_n005_seed5017.json,1,0,0,0,0.134659,0.0355096,0.002475458,0.005305583996232599,optimal,True,2.1432736876297636
282,283,212361bf77f50dcfbbce8e626c313f8c54db26f4b74f15e8fd67bf0173e033be,5,random,random_mixed_square_n005_seed5018,random_mixed_square_n005_seed5018.json,0,0,1,1,0,0,0.000467917,0.006369750015437603,optimal,True,13.612991225874682
283,284,d3bb0aba913adf83995461258ba792fd6a509d17bdf4d64542557e12c76c89f7,5,random,random_mixed_square_n005_seed5019,random_mixed_square_n005_seed5019.json,0,0,1,1,0,0,0.000902584,0.011247666028793901,optimal,True,12.461627980103682
284,285,06d594f92b706abee8205f6498d3d4893266a5e826b6f63f3ddb6f23c95f29d7,10,random,random_mixed_square_n010_seed10000,random_mixed_square_n010_seed10000.json,1,0,0,0,0.0165615,0.00844149,0.003672917,0.035973125020973384,optimal,True,9.7941568026104
285,286,63c1e76254b51d28fa81444c48e83205cc1da305c4944799e01ff18b772f0c85,10,random,random_mixed_square_n010_seed10001,random_mixed_square_n010_seed10001.json,1,0,0,0,0.745859,0.0901492,0.009477167,0.040468833001796156,optimal,True,4.270140327990016
286,287,af23a48c3c850a27cf060e9d2878b3b662e280ae8dacbd5789bc534215aabd51,10,random,random_mixed_square_n010_seed10002,random_mixed_square_n010_seed10002.json,0,0,1,1,0,0,0.003037833,0.02118920802604407,optimal,True,6.975106276758488
287,288,df89630fc442a0916b93eea934edfd33cfe5d5fcf71fe2ff00b181d8a4c048a6,9,random,random_mixed_square_n010_seed10003,random_mixed_square_n010_seed10003.json,0,0,1,1,0,0,0.007018958,0.011204875016119331,optimal,True,1.5963729966925764
288,289,35b4ab4e2fbcfba3f1f36efebf1e72aada79bf0e3d0c096d954172f76ab3748a,10,random,random_mixed_square_n010_seed10004,random_mixed_square_n010_seed10004.json,1,0,0,0,0.314487,0.247072,0.012294875,0.027108209033031017,optimal,True,2.204838116128144
289,290,ecc0adff335fb6a794bcbedc798ed9e3a924a7b2a56dd9d673cfecaa2495b965,10,random,random_mixed_square_n010_seed10005,random_mixed_square_n010_seed10005.json,6,0,0,0,16.864,0.422715,0.012135708,0.022158125007990748,optimal,True,1.8258617468375762
290,291,ad98bc6658fd07bef789d152e15c1d8984220bf21305f3ee96e6f8b79a9f6560,10,random,random_mixed_square_n010_seed10006,random_mixed_square_n010_seed10006.json,2,0,0,0,0.917814,0.114441,0.006657041,0.025200625008437783,optimal,True,3.785559531395072
291,292,7cc32caaa6a4b43fdaa5bb8cc55117c916ebfc339e82c83d913b0f147868ad9b,10,random,random_mixed_square_n010_seed10007,random_mixed_square_n010_seed10007.json,0,0,1,1,0,0,0.009505708,0.03117224999004975,optimal,True,3.2793191196331457
292,293,5c81540f20b836521e7d259233432d23308cc58ac4847bce51dc55e696f39f0c,10,random,random_mixed_square_n010_seed10008,random_mixed_square_n010_seed10008.json,2,0,0,0,1.40632,0.983422,0.002212834,0.009146374999545515,optimal,True,4.133330832563814
293,294,669ddeeffc0cca1b8148c9a74201b020dc5d087bb69a393d2a57585f0a925f1a,10,random,random_mixed_square_n010_seed10009,random_mixed_square_n010_seed10009.json,2,0,0,0,2.06806,0.303365,0.001044167,0.012489415996242315,optimal,True,11.961128819664207
294,295,45c973176d6911b1e7d4d96f266e080d74ec65733665f1b48c2d1a3bc8b48427,10,random,random_mixed_square_n010_seed10010,random_mixed_square_n010_seed10010.json,2,0,0,0,6.80966,0.794272,0.000687084,0.011242374952416867,optimal,True,16.362446152751144
295,296,428c8099494fdcacfa9e5015ca2351985f4f569fb6d12fa751154b809af592d5,10,random,random_mixed_square_n010_seed10011,random_mixed_square_n010_seed10011.json,1,0,0,0,1.73122,0.496906,0.0069925,0.03353633300866932,optimal,True,4.796043333381383
296,297,8ec51845236ebc4b96c5836c6305216035504227ab12fc6e5d1f81bf5c2dedcd,10,random,random_mixed_square_n010_seed10012,random_mixed_square_n010_seed10012.json,2,0,0,0,0.26196,0.0444303,0.013735,0.03683679201640189,optimal,True,2.68196519959242
297,298,47027173d963d0d2bc5abaf391ebde409d32acf66285586e82c6ed9370f9ca5e,10,random,random_mixed_square_n010_seed10013,random_mixed_square_n010_seed10013.json,1,0,0,0,11.4772,0.478737,0.00208875,0.017515167011879385,optimal,True,8.385477923102039
298,299,272efa1f025f9898c9b1f750a0b5613202495e06c5fbf08c4a81a037f096f361,10,random,random_mixed_square_n010_seed10014,random_mixed_square_n010_seed10014.json,1,0,0,0,2.23794,0.570161,0.027445833,0.033395708014722914,optimal,True,1.2167860969904944
299,300,1ae5242235b5bfc327e9b0f8f41d4811938433e810796baa50194901a2c38cfa,10,random,random_mixed_square_n010_seed10015,random_mixed_square_n010_seed10015.json,3,0,0,0,1.42962,0.115027,0.006772917,0.032619208039250225,optimal,True,4.816123989006543
300,301,85656b9e2527f1a3289f5d3acabd215fdb399bd817516b483e345eacb13aea6c,10,random,random_mixed_square_n010_seed10016,random_mixed_square_n010_seed10016.json,2,0,0,0,5.08377,0.220705,0.001931875,0.014266333018895239,optimal,True,7.3847081301301785
301,302,38e8866bfd719fc23dda1789e4237ce56d2b589ebd0a3a8791f375260f7e5d9d,10,random,random_mixed_square_n010_seed10017,random_mixed_square_n010_seed10017.json,1,0,0,0,0.428963,0.277492,0.000898125,0.012142415973357856,optimal,True,13.519739427538322
302,303,ccbc97e906b7a6e9cd6e5ddd346cc6fadf835f3f7c2da0ca67d532b4c72bedc6,10,random,random_mixed_square_n010_seed10018,random_mixed_square_n010_seed10018.json,2,0,0,0,3.13546,0.458018,0.002419,0.014070457953494042,optimal,True,5.81664239499547
303,304,08de88c95f41b5528141682ddcf9e1c225aa09e16dfa3cf1fb32a7b103588b39,10,random,random_mixed_square_n010_seed10019,random_mixed_square_n010_seed10019.json,1,0,0,0,4.52022,0.466547,0.002085709,0.024432750011328608,optimal,True,11.714361884293835
304,305,b541dbdca2ad2c392c734600f37a7d36d6b6ad94113823ada7d6f4db3ffacafa,15,random,random_mixed_square_n015_seed15000,random_mixed_square_n015_seed15000.json,7,0,0,0,15.5717,0.540458,0.042696916,0.06751658295979723,optimal,True,1.581298821671271
305,306,933610a87cc0909f93f3d25e78b05c52700e689a3fa471e2d7b01f87daae3698,15,random,random_mixed_square_n015_seed15001,random_mixed_square_n015_seed15001.json,4,0,0,0,7.46764,0.688391,0.005929,0.03183662501396611,optimal,True,5.369644967779745
306,307,9006a5620e78aaf9cb50afba909cfe4c58bb83cfeacb2f94cce2109f621d8119,15,random,random_mixed_square_n015_seed15002,random_mixed_square_n015_seed15002.json,2,0,0,0,0.859323,0.232152,0.013389458,0.06307358300546184,optimal,True,4.710689783370009
307,308,926cc3350d9e6cfa2863be8a0584b575cd0cba1f874132a6d3a74a71247f96b5,15,random,random_mixed_square_n015_seed15003,random_mixed_square_n015_seed15003.json,3,0,0,0,4.05881,0.681374,0.006578708,0.03427108295727521,optimal,True,5.2093941481025166
308,309,ab98c862d59b063b32dcc5ce1551fd3352bd4d4b6badde9ab3a464330d0a8033,14,random,random_mixed_square_n015_seed15004,random_mixed_square_n015_seed15004.json,3,0,0,0,5.86052,0.274021,0.013583625,0.1069446670007892,optimal,True,7.87305796507112
309,310,9b5edda68677abcc63efaadb6bc9d1f847496c9735e35664e85de9e03a83382d,15,random,random_mixed_square_n015_seed15005,random_mixed_square_n015_seed15005.json,2,0,0,0,0.891881,0.121642,0.037153625,0.10269041697029024,optimal,True,2.763940718309189
310,311,c37211ed3e9cd6571295d22d7657978409c62c511234bb5475937552b7848ccf,15,random,random_mixed_square_n015_seed15006,random_mixed_square_n015_seed15006.json,3,0,0,0,0.414935,0.341114,0.050305625,0.1208404169883579,optimal,True,2.4021253485739993
311,312,a724f78d70f7390188456652c31abc90a3b24e3579f62d4aee4661469835e751,15,random,random_mixed_square_n015_seed15007,random_mixed_square_n015_seed15007.json,4,0,0,0,8.70761,0.293214,0.003502209,0.07569545798469335,optimal,True,21.61363242019347
312,313,f1b281aaacdcf5ff3e68606272f45323e316f7afbe4a58b36eccbf9ec2963955,15,random,random_mixed_square_n015_seed15008,random_mixed_square_n015_seed15008.json,7,0,0,0,30.3579,0.695861,0.128196542,0.07767462497577071,optimal,True,0.6059026535658872
313,314,69f37d1a96e0cad668c5553a6396dcc0f244ca3d7f40ab3c43dd76320056dd9f,15,random,random_mixed_square_n015_seed15009,random_mixed_square_n015_seed15009.json,3,0,0,0,1.49748,0.395223,0.002274916,0.02728008304256946,optimal,True,11.991688063457929
314,315,7cc210ca7418a37cd6f44acdad886d331e985df9f2e381b4b7bc5fee80f8635f,15,random,random_mixed_square_n015_seed15010,random_mixed_square_n015_seed15010.json,5,0,0,0,9.64455,0.702005,0.004886625,0.04960966599173844,optimal,True,10.152132809810132
315,316,5cd041eae27102755bbe4af11382fc1c5f5b2551e5581f826bcfb1d7721baa92,15,random,random_mixed_square_n015_seed15011,random_mixed_square_n015_seed15011.json,3,0,0,0,2.77039,0.765182,0.004732084,0.05366533302003518,optimal,True,11.340739729057045
316,317,6982c85421d691ba6f7b13d23d06de1c729c3acdcac1681584fa0efa10afa57a,15,random,random_mixed_square_n015_seed15012,random_mixed_square_n015_seed15012.json,5,0,0,0,3.31813,0.454607,0.045098417,0.1458409170154482,optimal,True,3.233836722372056
317,318,91a820b34f08164407542a054f203e975c218970da5db43766ab6c1be444fbfb,15,random,random_mixed_square_n015_seed15013,random_mixed_square_n015_seed15013.json,4,0,0,0,8.40509,0.650537,0.142217542,0.06778733304236084,optimal,True,0.4766453708105913
318,319,ef1139c5324fd78323335ff1c1f1b2aa592ac468064dbb407c3d86682cfbb978,15,random,random_mixed_square_n015_seed15014,random_mixed_square_n015_seed15014.json,2,0,0,0,2.28144,0.313614,0.029193292,0.08043570898007601,optimal,True,2.7552805274607612
319,320,141f106d9fff530b9d41b7990c447f128a90d8451a992656e905b2fa05c47ca0,15,random,random_mixed_square_n015_seed15015,random_mixed_square_n015_seed15015.json,2,0,0,0,25.1184,0.701335,0.022075042,0.07133591698948294,optimal,True,3.23151897013301
320,321,3f041c8f2c82314c3116187e7536fc16d4dbe0bc4a28291f9fee328fe7003358,15,random,random_mixed_square_n015_seed15016,random_mixed_square_n015_seed15016.json,8,0,0,0,7.49062,0.385046,0.0222105,0.06655604200204834,optimal,True,2.9966025979626005
321,322,f7f1d3167362a33ced91a572a3cb2ac3d8aefa391e38644b7462e4f49a6554e1,15,random,random_mixed_square_n015_seed15017,random_mixed_square_n015_seed15017.json,2,0,0,0,5.1076,0.840886,0.028287209,0.08282716595567763,optimal,True,2.928078410127971
322,323,5b73c3c34843d1d7e65801391bf0d05ef2fb0d8f2baa6dbde583efdd538ab78e,15,random,random_mixed_square_n015_seed15018,random_mixed_square_n015_seed15018.json,1,0,0,0,0.0145463,0.00148115,0.0241235,0.1255801249644719,optimal,True,5.205717452462201
323,324,bc51f2f3f039cba55a9c17339640c72fe04a33fea6725cb95a42f5cdb0307872,15,random,random_mixed_square_n015_seed15019,random_mixed_square_n015_seed15019.json,7,0,0,0,2.85166,0.50993,0.001519625,0.02258720900863409,optimal,True,14.86367295130976
324,325,b56a65341a55ed2b4c47d4531aa8d021eb7fb7900f4de1510012d79e32dd60b4,20,random,random_mixed_square_n020_seed20000,random_mixed_square_n020_seed20000.json,8,0,0,0,17.9642,0.852151,0.353337292,0.29338691697921604,optimal,True,0.830331028232412
325,326,8c7acb8eabed8e779878d9fc60c36eda1f5a6f1998f0a65844acee8dea2cca11,20,random,random_mixed_square_n020_seed20001,random_mixed_square_n020_seed20001.json,6,0,0,0,10.9673,0.981278,0.011220459,0.14508304098853841,optimal,True,12.930223352586415
326,327,c54104ce8b960056425ffb667aa78f51b91919c4c18008128b4c881f115a9275,20,random,random_mixed_square_n020_seed20002,random_mixed_square_n020_seed20002.json,6,0,0,0,18.4661,0.870274,0.02342775,0.10371500003384426,optimal,True,4.427014973006125
327,328,88a4f8ee7d6f2b66be9e91ed26a03e4c78e359ca073f75ece7a4dc31bc80eec2,20,random,random_mixed_square_n020_seed20003,random_mixed_square_n020_seed20003.json,11,0,0,0,21.004,0.997341,0.080018875,0.19544358301209286,optimal,True,2.4424685177352576
328,329,6491c57efc54f2f3f02b04d57fe8d8efae1e1cdd6cfb044eaf3021d27cc268f9,20,random,random_mixed_square_n020_seed20004,random_mixed_square_n020_seed20004.json,5,0,0,0,6.59894,0.375452,0.016136791,0.1619152909843251,optimal,True,10.033921303456498
329,330,ee61f54edd17bfc44cbfb76944ede0e4df0bc4ff2ccdb964f470f420edeac9af,20,random,random_mixed_square_n020_seed20005,random_mixed_square_n020_seed20005.json,8,0,0,0,16.0775,0.94621,0.125067125,0.12278470804449171,optimal,True,0.9817504643565742
330,331,84eca59aab824a02376521d86820c52b470a0d9b5febe735c4c62a5c600b27d4,20,random,random_mixed_square_n020_seed20006,random_mixed_square_n020_seed20006.json,9,0,0,0,45.4691,0.597003,0.052283792,0.15607745799934492,optimal,True,2.9851977453996623
331,332,0c4d140f29696632dac9ba91541e5110ba2744115c9c6b65996f5884ba495a15,19,random,random_mixed_square_n020_seed20007,random_mixed_square_n020_seed20007.json,3,0,0,0,9.25815,0.966965,0.019227542,0.2255095000145957,optimal,True,11.72846222437562
332,333,2672a4e544ff241cba4cd951cc25b39b0b76bb400bf4f6f6d63e028ef633963c,19,random,random_mixed_square_n020_seed20008,random_mixed_square_n020_seed20008.json,7,0,0,0,20.7176,0.807004,0.014747,0.05650733399670571,optimal,True,3.8317850408019063
333,334,611e70e50e841b72f94c8dacde7561b4080a8493f2262e2bc3529014ea6c1c78,19,random,random_mixed_square_n020_seed20009,random_mixed_square_n020_seed20009.json,2,0,0,0,3.84763,0.131333,0.013430458,0.11568833299679682,optimal,True,8.613878469133132
334,335,b257fc1c6477d70902c7b4834904f4664215462599fb8d18f3f931b46de37430,19,random,random_mixed_square_n020_seed20010,random_mixed_square_n020_seed20010.json,5,0,0,0,13.9536,0.678457,0.057183,0.3303522080532275,optimal,True,5.777105224511263
335,336,1f856fa67646beb3c4da47f9760914a9b20638165b0efbe1fc40c6f070a40e4c,20,random,random_mixed_square_n020_seed20011,random_mixed_square_n020_seed20011.json,6,0,0,0,5.47896,0.685212,0.014538375,0.12998000002698973,optimal,True,8.940476499401738
336,337,d5a01943fd1e69ab4b70c9997544cd281c40b97989584573a3c4cd3f0f64767c,20,random,random_mixed_square_n020_seed20012,random_mixed_square_n020_seed20012.json,4,0,0,0,12.7465,0.524354,0.056560667,0.4179737080121413,optimal,True,7.389829897376233
337,338,aea43f14f5efb3b3328351f223db5692bae2b2ef3c3c0613f6f6209d3ce77513,19,random,random_mixed_square_n020_seed20013,random_mixed_square_n020_seed20013.json,5,0,0,0,8.40654,0.355143,0.006634916,0.07618883298709989,optimal,True,11.483013950304704
338,339,596d7416b5b5da1b93710e7c01835db464ff222afacc729f26392d0cc272613d,20,random,random_mixed_square_n020_seed20014,random_mixed_square_n020_seed20014.json,7,0,0,0,14.7815,0.533132,0.089615708,0.31940912501886487,optimal,True,3.564209134171711
339,340,771216985e6fe27f36221f7f1896eb5844975f4c31e4208a094004c8d41ef08a,20,random,random_mixed_square_n020_seed20015,random_mixed_square_n020_seed20015.json,10,0,0,0,31.3349,0.585361,0.069239583,0.48000383301405236,optimal,True,6.93250612173751
340,341,c3384e7dfbf3f66455a2b13afd35e5378550dd8157aca134fd72b1035817f479,19,random,random_mixed_square_n020_seed20016,random_mixed_square_n020_seed20016.json,5,0,0,0,12.3098,0.34592,0.005105542,0.09880675002932549,optimal,True,19.352842465956694
341,342,86b4b3620caf2b5f754f26db6e412c2ab7bd387a2cb24acdd129b04dae1dcc43,20,random,random_mixed_square_n020_seed20017,random_mixed_square_n020_seed20017.json,4,0,0,0,12.1846,0.563161,0.084137042,0.33255729195661843,optimal,True,3.9525669556652403
342,343,7e7c60d029765975905e3c6b312419cea617d425c857b1b637619b8b780c1b44,20,random,random_mixed_square_n020_seed20018,random_mixed_square_n020_seed20018.json,10,0,0,0,20.2583,0.912785,0.05563875,0.22862154198810458,optimal,True,4.109034476657088
343,344,206187eb3389b067ef5a9a51d73771f94b4f5db8837f0f991bbceb5fd0b0e7d2,20,random,random_mixed_square_n020_seed20019,random_mixed_square_n020_seed20019.json,9,0,0,0,29.4595,0.875085,0.227095542,0.21828141598962247,optimal,True,0.961187586807065
344,345,c855c536ae3faf06e3827105eb194704c484e5c7efe7cf9e9ddd980797e42f32,30,random,random_mixed_square_n030_seed30000,random_mixed_square_n030_seed30000.json,22,0,0,0,91.4185,0.861532,0.198341833,0.6704382910393178,optimal,True,3.3802162705601186
345,346,01c72f3270ec44b298e5c3ea1e4e5bd7703fe6b5d52d6fd61f302ea0fe3dc36b,30,random,random_mixed_square_n030_seed30001,random_mixed_square_n030_seed30001.json,17,0,0,0,29.2181,0.998246,0.277186875,0.45110091695096344,optimal,True,1.627425241368169
346,347,6d5f38fddad2772f148c5bfc0ac7ac207edbffaac28a3adb5395c19767fbad39,29,random,random_mixed_square_n030_seed30002,random_mixed_square_n030_seed30002.json,10,0,0,0,5.99492,0.608096,1.395008375,0.9205650420044549,optimal,True,0.6598992941561765
347,348,c222a517fb7af507d6a1fa17f0578d6a46f96344f79e4deb0b779bd8dacc95b2,30,random,random_mixed_square_n030_seed30003,random_mixed_square_n030_seed30003.json,17,0,0,0,36.7209,0.778347,0.050435958,0.2106851659482345,optimal,True,4.177280938100441
348,349,eede803354f00f9a17782426b9230a4592f6d4f12e7fceb3f84b6c709678da95,30,random,random_mixed_square_n030_seed30004,random_mixed_square_n030_seed30004.json,11,0,0,0,15.3633,0.696333,4.813551083,4.61365279101301,optimal,True,0.9584717626259395
349,350,988e752271b9ff1ec38f807e344893d9175136f56856884351baf7464ab20550,30,random,random_mixed_square_n030_seed30005,random_mixed_square_n030_seed30005.json,11,0,0,0,28.9534,0.998293,0.257442208,1.017286750022322,optimal,True,3.9515150135067283
350,351,a08f7b54c7e34c1dddebe7c6d3195213d4993e4830f8a565d2a5e2ebb64211e5,30,random,random_mixed_square_n030_seed30006,random_mixed_square_n030_seed30006.json,20,0,0,0,112.265,0.960959,0.048224583,0.4734471670235507,optimal,True,9.817548179183856
351,352,8e134594be8a275210fada7eff0d586780c09434c64882eda944515e8c76a8ce,29,random,random_mixed_square_n030_seed30007,random_mixed_square_n030_seed30007.json,12,0,0,0,37.1057,0.778534,0.593650792,1.793322540994268,optimal,True,3.0208374437648655
352,353,688da7f669c264dad798f1da730cc82543ace1233f231ad07a2caf5d5dd390a7,30,random,random_mixed_square_n030_seed30008,random_mixed_square_n030_seed30008.json,24,0,0,0,44.0472,0.481008,0.1407815,0.9603102499968372,optimal,True,6.821281560409835
353,354,84154236da8f8dc4e0598cdc9d1ae540c9fbc1adcfc103248c751a97ebf3a80a,28,random,random_mixed_square_n030_seed30009,random_mixed_square_n030_seed30009.json,17,0,0,0,42.4251,0.741795,0.321360542,0.6966243330389261,optimal,True,2.1677344975318285
354,355,1ba1ebf826a45eadf8344db20685b04fa8c03a5f08aa79687781a85ca2eae5f8,30,random,random_mixed_square_n030_seed30010,random_mixed_square_n030_seed30010.json,9,0,0,0,26.368,0.641037,0.142980333,0.6961355830426328,optimal,True,4.868750606718987
355,356,78cbe74c3e178625b33a39d99994ecf98b76d2386065d5a477c86a2225686eef,30,random,random_mixed_square_n030_seed30011,random_mixed_square_n030_seed30011.json,14,0,0,0,22.572,0.505595,0.512884917,1.0224348329938948,optimal,True,1.9934975646669186
356,357,cef4c2889857ffa3d8a1ef0aaa8ed5838db08515fd811ac9964944197aae13e5,30,random,random_mixed_square_n030_seed30012,random_mixed_square_n030_seed30012.json,21,0,0,0,54.1594,0.94882,0.106415958,0.763825458008796,optimal,True,7.1777341703656505
357,358,bb9d4edce772b3155754c8f0d873934370bc5e8f265b5e8f2491321917571b9e,30,random,random_mixed_square_n030_seed30013,random_mixed_square_n030_seed30013.json,17,0,0,0,39.4986,0.727054,2.120650917,1.5644690000335686,optimal,True,0.7377305654090209
358,359,7a5cadebb9e091707001cc5ee71cf4b1bc559589c33cb11982b52309bd5d9c16,30,random,random_mixed_square_n030_seed30014,random_mixed_square_n030_seed30014.json,17,0,0,0,33.9845,0.90171,0.381719333,1.5473771669785492,optimal,True,4.0537039473935925
359,360,7da7d010464a80fc54eec4d94bfec77bd94049ef09315e9ac1732c8ed5873512,30,random,random_mixed_square_n030_seed30015,random_mixed_square_n030_seed30015.json,12,0,0,0,30.1015,0.996351,0.069678167,0.3296688749687746,optimal,True,4.731308086344674
360,361,827b533da10997bdd8870ae60bcf911e4f78b713f9b71be32594e3c7bd9c269d,30,random,random_mixed_square_n030_seed30016,random_mixed_square_n030_seed30016.json,5,0,0,0,22.7733,0.799824,0.267740542,1.3421198750147596,optimal,True,5.012762971902699
361,362,95ad3744b974a541b42b99bc69f43286ea5a1dfd1930c857716cb465b6815c5c,30,random,random_mixed_square_n030_seed30017,random_mixed_square_n030_seed30017.json,22,0,0,0,55.0943,0.999665,0.169931458,0.32205250003607944,optimal,True,1.8951905893497332
362,363,c55f6dd93c90cfe82c2451bc91c547e572378fac786c6b808d354c8326b1b0db,29,random,random_mixed_square_n030_seed30018,random_mixed_square_n030_seed30018.json,16,0,0,0,28.5102,0.952119,0.101860833,0.5328014999977313,optimal,True,5.230680766156029
363,364,70343af7ee163e0c4f04e3bc0fcb80414f53598b29df51d64973d8972a6d6177,30,random,random_mixed_square_n030_seed30019,random_mixed_square_n030_seed30019.json,26,0,0,0,114.648,0.994364,0.2487555,0.5374844999751076,optimal,True,2.160693934305403
364,365,cf5a700e8a303660720184e329cadd85f82271247219e54be5434e1f7fd64dfd,40,random,random_mixed_square_n040_seed40000,random_mixed_square_n040_seed40000.json,24,0,0,0,40.4473,0.999618,1.796239792,2.6832796669914387,optimal,True,1.4938315468469696
365,366,046a98b8a39455ec8b8dcb64bb25f29b8ccb72252fba8a191f502c36de363e96,40,random,random_mixed_square_n040_seed40001,random_mixed_square_n040_seed40001.json,27,0,0,0,59.6871,0.851933,2.694175584,6.94040112500079,optimal,True,2.5760760234848856
366,367,ce7e7add996ba97f41a800b8d067c35efcc5bac560990dfc5c6d1d50846f9ac8,39,random,random_mixed_square_n040_seed40002,random_mixed_square_n040_seed40002.json,35,0,0,0,79.1694,0.890432,9.45725025,5.45208250003634,optimal,True,0.576497645289268
367,368,120888da6034bb00946c791cec94e16490ef487fb0b64561f3ee6f18dba66ab5,40,random,random_mixed_square_n040_seed40003,random_mixed_square_n040_seed40003.json,30,0,0,0,61.4708,0.999229,0.74807875,1.0853488330030814,optimal,True,1.4508483672381836
368,369,2ece233fb12b75baa56f913430be2b6cabdef592066734fd3179cf3358040a29,38,random,random_mixed_square_n040_seed40004,random_mixed_square_n040_seed40004.json,25,0,0,0,65.3908,0.881241,4.295750542,15.437247208988992,optimal,True,3.593608860211369
369,370,9c5bf2508223808db522ac4259374cdf7a604085e2cc3cb222755ee7ad23e3d4,38,random,random_mixed_square_n040_seed40005,random_mixed_square_n040_seed40005.json,34,0,0,0,122.535,0.993831,0.54082975,1.664008624968119,optimal,True,3.0767697689857463
370,371,05a65b3a69bd8ccfbd6810d78b8eafe78fb0993c5a5ba0355414c94191894e13,39,random,random_mixed_square_n040_seed40006,random_mixed_square_n040_seed40006.json,37,0,0,0,76.3347,0.969412,0.186786209,0.35603966703638434,optimal,True,1.9061346602756113
371,372,3c870cb5b9dc0d3e86264539909660c456cca75a206a3ce8d86d3dd69c1ebe7c,39,random,random_mixed_square_n040_seed40007,random_mixed_square_n040_seed40007.json,27,0,0,0,40.3873,0.820297,2.988479625,6.106950624962337,optimal,True,2.043497494135446
372,373,ead19344b7c9686404a0dfc72bdb3d6333f5ca4b9d6a8df6923934af4474ffe0,39,random,random_mixed_square_n040_seed40008,random_mixed_square_n040_seed40008.json,27,0,0,0,39.221,0.96915,2.32292075,6.468033667013515,optimal,True,2.7844400920752523
373,374,5876e5d4bd96860aca548f87fb5bd2926655c93a1fa333540b060377b808b999,38,random,random_mixed_square_n040_seed40009,random_mixed_square_n040_seed40009.json,24,0,0,0,62.9805,0.899898,0.401369291,1.4674809159478173,optimal,True,3.656186332271786
374,375,0ea2979ae356995f97367b47f2c1be3c628946580827731c4a903bfda8fb9f2c,39,random,random_mixed_square_n040_seed40010,random_mixed_square_n040_seed40010.json,18,0,0,0,20.9026,0.806601,0.250735042,1.285442291002255,optimal,True,5.126695817022077
375,376,2c27b5eb8780a10cac3bed20fc87f81d104efb756020f9ecbec7d0ae503cb687,37,random,random_mixed_square_n040_seed40011,random_mixed_square_n040_seed40011.json,16,0,0,0,40.2773,0.717822,0.872872833,1.359792083967477,optimal,True,1.5578352682761032
376,377,0c31d6dbe807b01fd11c6387ae396c83344d22414a348af53132530ed83e61cf,39,random,random_mixed_square_n040_seed40012,random_mixed_square_n040_seed40012.json,27,0,0,0,48.0885,0.969311,0.245608917,0.9905101670301519,optimal,True,4.032875431107218
377,378,feb2b930316b9d51d6b5d943c67def23f98c813ffaa77a1eb26e60236e1ee3b4,40,random,random_mixed_square_n040_seed40013,random_mixed_square_n040_seed40013.json,40,0,0,0,72.7526,0.873838,3.451766833,2.8053838330088183,optimal,True,0.8127385100837192
378,379,c4aa9dd94b306456a95b444e545a8d2444cfbb7bec4c4253469c0d52a64721f1,39,random,random_mixed_square_n040_seed40014,random_mixed_square_n040_seed40014.json,28,0,0,0,57.8584,0.999454,0.518441083,0.974598542030435,optimal,True,1.8798636411891667
379,380,e2fa9671e69a2580a81fcc6d0037cef55003ebafbd20cbdb41e2bdf52b33e3e9,40,random,random_mixed_square_n040_seed40015,random_mixed_square_n040_seed40015.json,32,0,0,0,49.5741,0.895025,0.385524959,1.1934999999939464,optimal,True,3.0957788131012975
380,381,4e8b7ee2996a3407e8ce6328b9bb431bae54ab4521f18b80e4396d4bdac9f8f3,40,random,random_mixed_square_n040_seed40016,random_mixed_square_n040_seed40016.json,25,0,0,0,42.6104,0.994592,0.699131,1.1602844170411117,optimal,True,1.6596094537949424
381,382,a1a662a11bc294c6553a4b098ef06927e2056e97dc5146ef8d568c204f9539b3,40,random,random_mixed_square_n040_seed40017,random_mixed_square_n040_seed40017.json,26,0,0,0,44.3307,0.825656,0.994323333,3.0062132500461303,optimal,True,3.0233759485216973
382,383,3e8f4d87fc6199afe6516e0c36d8ef06ecd3deeb2d677d2ad7b3dd9a2785e4b7,39,random,random_mixed_square_n040_seed40018,random_mixed_square_n040_seed40018.json,27,0,0,0,30.9056,0.99136,0.216763791,0.7843861659639515,optimal,True,3.6186217372621585
383,384,32c1e9ec725c70a1c8e5319b72c97258cdb14036770d7c80f11b21ec7a828881,39,random,random_mixed_square_n040_seed40019,random_mixed_square_n040_seed40019.json,30,0,0,0,85.8695,0.861802,1.280463333,3.537610625033267,optimal,True,2.762758240601074
384,385,64bcbf64ecad9cead98d26a157fce6028640d09b9085dec68fce3b5622c9dc2b,48,random,random_mixed_square_n050_seed50000,random_mixed_square_n050_seed50000.json,41,0,0,0,90.1956,0.881694,5.064944167,18.403136458000517,optimal,True,3.6334332326709173
385,386,05d2fc2f72684d914fad4c362f54d972919a1a1fdb8dc04061c791b6d9c1d445,50,random,random_mixed_square_n050_seed50001,random_mixed_square_n050_seed50001.json,45,0,0,0,66.7633,0.818809,2.891459291,4.639058374974411,optimal,True,1.6044003764514392
386,387,8d4050549f4b40004de60ce63794d5d2a3c82d680b32f2d2f06091a6ca6b4296,48,random,random_mixed_square_n050_seed50002,random_mixed_square_n050_seed50002.json,34,0,0,0,40.4243,0.978762,7.063617375,14.51264375000028,optimal,True,2.0545625533688083
387,388,08942de8cc0436951befdad0b93d471b63b3de141077709c43429214603b1c19,47,random,random_mixed_square_n050_seed50003,random_mixed_square_n050_seed50003.json,33,0,0,0,86.2561,0.999823,1.057950625,2.2483050000155345,optimal,True,2.12515116196045
388,389,1c363fd32d1c85cd77eab9cd804bbca988c96f71409d9a2364d39b824962fdcf,50,random,random_mixed_square_n050_seed50004,random_mixed_square_n050_seed50004.json,37,0,0,0,68.8452,0.996206,20.0040255,34.187498707993655,optimal,True,1.7090309501951821
389,390,733d5053ae909de66d314515c3b64371d9b848220d92863909df7b410f4966bf,49,random,random_mixed_square_n050_seed50005,random_mixed_square_n050_seed50005.json,43,0,0,0,106.58,0.951409,2.07065,10.034736750007141,optimal,True,4.84617716659365
390,391,ac03aba07381ce72e62615cf8dc663b772b0d61fa70a8a04423c429bb4df0ec3,50,random,random_mixed_square_n050_seed50006,random_mixed_square_n050_seed50006.json,49,0,0,0,101.734,0.999269,20.310756791,18.647820333004347,optimal,True,0.9181253325463222
391,392,b46a8fc40e38ea1316e18128e1ed60a5c018da9a3958ff0eacdb993394439e61,48,random,random_mixed_square_n050_seed50007,random_mixed_square_n050_seed50007.json,35,0,0,0,61.68,0.763948,6.481417334,26.515662916994188,optimal,True,4.091028481980202
392,393,832f38f09cb3bee076eb5dac00f70905f0f4093b003bd094ea9762f7dbcc1748,46,random,random_mixed_square_n050_seed50008,random_mixed_square_n050_seed50008.json,29,0,0,0,36.9908,0.581754,1.62326675,3.115633249981329,optimal,True,1.919359988111214
393,394,476553bc35c04b31f57134eab1c9c2dee201270b007c4db0a5c5972c7b5daa38,49,random,random_mixed_square_n050_seed50009,random_mixed_square_n050_seed50009.json,35,0,0,0,80.9797,0.819585,5.434746334,8.397735958991689,optimal,True,1.5451937299180096
394,395,7ac778454355f031c5316c7b35e5872413315e2eb43fef6598e7b6a8168d73b3,49,random,random_mixed_square_n050_seed50010,random_mixed_square_n050_seed50010.json,36,0,0,0,64.3704,0.99994,32.234222333,72.21989937499166,optimal,True,2.2404728312944613
395,396,edf37608e38e1cd63fa1e95b8917f39c6dce42861b195d7644be5e2ec839295a,49,random,random_mixed_square_n050_seed50011,random_mixed_square_n050_seed50011.json,42,0,0,0,79.3261,0.969436,1.611177208,4.516274209017865,optimal,True,2.803089682868618
396,397,7b2070c467696e881fc22a61447518f78b01f14188d9d5ef29942f92fc664d30,49,random,random_mixed_square_n050_seed50012,random_mixed_square_n050_seed50012.json,33,0,0,0,39.7277,0.984096,8.081313959,19.93541729199933,optimal,True,2.4668534588731887
397,398,9ab5745f0605476734f8f34d770788c15f24fbeabd23f3090ebb6faed1ba24a0,48,random,random_mixed_square_n050_seed50013,random_mixed_square_n050_seed50013.json,37,0,0,0,53.2635,0.83332,5.28256825,9.047123041993473,optimal,True,1.7126372275442865
398,399,2283f4fca73bf184ad5215722aa01d19a2d9e1914f3869b46769325b4cdcaca0,49,random,random_mixed_square_n050_seed50014,random_mixed_square_n050_seed50014.json,33,0,0,0,58.4083,0.908304,6.412302916,13.259991708007874,optimal,True,2.067898519722376
399,400,6807ddd9aca1525a530c46db894e5a09464dbc4380ac077ef20b9769bf3194ae,50,random,random_mixed_square_n050_seed50015,random_mixed_square_n050_seed50015.json,57,0,0,0,169.316,0.979762,1.719569458,3.50334254198242,optimal,True,2.0373370355490574
400,401,e734d206c5fd79f6045b521c3fed46c0ee3a351a751a311e28033bac439836a6,50,random,random_mixed_square_n050_seed50016,random_mixed_square_n050_seed50016.json,42,0,0,0,82.7451,0.719521,1.999122542,3.5191187080345117,optimal,True,1.7603316625672423
401,402,a979a1953be49f740052cd1734e349a747a7a1485b74ded1e2456530e1bf4187,48,random,random_mixed_square_n050_seed50017,random_mixed_square_n050_seed50017.json,53,0,0,0,119.658,0.99832,1.471824291,7.682069292000961,optimal,True,5.219420102641152
402,403,cd8a46aec7d0f69892a549cfba2e93ebfeb17591c4a3e200aa0c4c01f2bcc875,50,random,random_mixed_square_n050_seed50018,random_mixed_square_n050_seed50018.json,60,0,0,0,147.244,0.978534,8.803028666,8.932712125009857,optimal,True,1.014731686551327
403,404,b6a53742ed52cb65fe5c4cdf262fc8dc09ff1c02e8eec28a8b5082a416f82dc8,49,random,random_mixed_square_n050_seed50019,random_mixed_square_n050_seed50019.json,43,0,0,0,187.703,0.943463,28.669201208,18.10219849999703,optimal,True,0.6314162145175395
404,405,c5d4fbe1ef398525060caa95fa17dfc61a102a535af3b1b02f02b25a94ac7496,60,random,random_mixed_square_n060_seed60000,random_mixed_square_n060_seed60000.json,67,0,0,0,170.26,0.972771,55.713111542,78.31687116599642,optimal,True,1.4057170565129233
405,406,e71e3ba9e444d474a25257e2f3ea49a3df31853196511de6c6634e7ddd50e264,59,random,random_mixed_square_n060_seed60001,random_mixed_square_n060_seed60001.json,54,0,0,0,131.352,0.983098,5.196603125,24.4846322920057,optimal,True,4.711661002975997
406,407,e0584c6ab5b7aef604ef3502383b9c5c77069f2fffb7765198b17d8a5f7ac002,60,random,random_mixed_square_n060_seed60002,random_mixed_square_n060_seed60002.json,61,0,0,0,83.992,0.980725,12.845603833,18.26123354199808,optimal,True,1.4215940160855247
407,408,238c7500e54f8b001d72f4a623a67bea72e9f7e71d1efdd64635ae8265b666c1,58,random,random_mixed_square_n060_seed60003,random_mixed_square_n060_seed60003.json,57,0,0,0,152.695,0.898846,4.739312083,9.426164542004699,optimal,True,1.988930962326057
408,409,ae118552236f191a0d8034db6461bdf3d63da589712ebd436fbface4b548059b,56,random,random_mixed_square_n060_seed60004,random_mixed_square_n060_seed60004.json,60,0,0,0,136.561,0.981392,12.040786459,15.627971583002363,optimal,True,1.2979195035321873
409,410,542d098b7a956a426dbe4610ce363bd17392d376fa79bcf65c488d9551e6357a,58,random,random_mixed_square_n060_seed60005,random_mixed_square_n060_seed60005.json,59,0,0,0,95.6421,0.998327,4.827708459,27.571507582993945,optimal,True,5.711096230675255
410,411,950d38691a3790bcba5659d7bba6cdc0d2cb818b355feeb32de863ffe4d9ec52,59,random,random_mixed_square_n060_seed60006,random_mixed_square_n060_seed60006.json,56,0,0,0,83.0631,0.999403,30.540535084,133.92985633399803,optimal,True,4.385314663467146
411,412,6fbcdcf1dbc4da20832d64ae79c43e50d4235409c53ea7fcdf8044551e1e0b51,57,random,random_mixed_square_n060_seed60007,random_mixed_square_n060_seed60007.json,51,0,0,0,77.647,0.868268,102.371300167,260.2518738749932,optimal,True,2.542234722529068
412,413,c067baf70df797762f203563d04b1451aff43f12f2bde266bc06ebabae05714f,59,random,random_mixed_square_n060_seed60008,random_mixed_square_n060_seed60008.json,51,0,0,0,86.5768,0.993137,9.599363166,22.157800208005938,optimal,True,2.3082573109106534
413,414,da7a1d32635f1453241c29f474d9e837e721e8f8862d0eb2d4be5f30228f2a64,58,random,random_mixed_square_n060_seed60009,random_mixed_square_n060_seed60009.json,57,0,0,0,139.404,0.95903,3.374065708,13.8700782500091,optimal,True,4.110790793766338
414,415,b78d8413def8d184c0f3dbc4ed3164cdf45bc6e17a57c2e949f0a693cf653d15,59,random,random_mixed_square_n060_seed60010,random_mixed_square_n060_seed60010.json,51,0,0,0,87.8831,0.995114,14.806410125,74.27003612500266,optimal,True,5.016073139808605
415,416,535e2da41b9d0c4836a5db9fe014f84444013c035950d08cb0ffc0363d3e6bfb,60,random,random_mixed_square_n060_seed60011,random_mixed_square_n060_seed60011.json,65,0,0,0,151.257,0.925222,23.580285208,26.272690041994792,optimal,True,1.1141803337086589
416,417,39561ff6a287e4ebea4249a7e1ebe202b875d7ecd5820f378db92530997b44ea,59,random,random_mixed_square_n060_seed60012,random_mixed_square_n060_seed60012.json,60,0,0,0,115.326,0.864621,80.703595625,92.38516704100766,optimal,True,1.1447466042317078
417,418,bf49b4dd28d9c43353d467d948e5240a456081927e09b7d59be359147da1cdc6,59,random,random_mixed_square_n060_seed60013,random_mixed_square_n060_seed60013.json,39,0,0,0,92.3878,0.940568,541.855539666,10547.224059374974,optimal,True,19.465011035738947
418,419,9978b95600497da564880af9b89f532170c197868c99a841e9bdaf83fcc4fed6,59,random,random_mixed_square_n060_seed60014,random_mixed_square_n060_seed60014.json,56,0,0,0,134.334,0.994465,57.1115235,160.54330295800173,optimal,True,2.811049208974468
419,420,0458c4ab89ab13fd9af210b6609d351212e3ddea63f138fccccffaa22d5b49d0,60,random,random_mixed_square_n060_seed60015,random_mixed_square_n060_seed60015.json,55,0,0,0,96.4297,0.913577,1220.57565,19480.93404791699,optimal,True,15.96044788204401
420,421,3c9c7f41e0415527331652b975b100bdf388b8fb3f77f4aa918f3c6d18ce7a8f,58,random,random_mixed_square_n060_seed60016,random_mixed_square_n060_seed60016.json,46,0,0,0,112.094,0.935137,10.821189583,54.48038770898711,optimal,True,5.034602461320459
421,422,2f36843a191d19db02ede52755e7d8ff8b472f7c669f52fca6b428e0b7ee90e6,58,random,random_mixed_square_n060_seed60017,random_mixed_square_n060_seed60017.json,64,0,0,0,140.367,0.99119,233.199382125,1396.6150155840005,optimal,True,5.98893102913705
422,423,164fa4fa5474dfb9e0c0b7b6488edb6d32751629e43a8181eab3cc692fc927f0,59,random,random_mixed_square_n060_seed60018,random_mixed_square_n060_seed60018.json,61,0,0,0,136.347,0.999435,43.647537334,97.30209770800138,optimal,True,2.229268903842743
423,424,9d5784d39e1a2a8f4066646977bb135b34d8cfaa0587ebb2d59f44aca2d3481e,56,random,random_mixed_square_n060_seed60019,random_mixed_square_n060_seed60019.json,51,0,0,0,69.1119,0.96054,10.561024625,34.38479058300436,optimal,True,3.2558195633413134
424,425,f562694da5faf78d73ea3fa9c0a3d416033d2bd2bfc17270c9d19d3cea5cd10a,4,OSM,sao_paulo,sao_paulo_n005_seed11561.json,0,1,1,0,0,0,9.1916e-05,0.0028772500227205455,optimal,True,31.30303780321756
425,426,e55147c21799816be5b85d9db1d0e9fdb56c1b6343fb4fc869e8575c57b28c88,4,OSM,sao_paulo,sao_paulo_n005_seed4382.json,0,2,1,0,0,0,1.4542e-05,0.003196333011146635,optimal,True,219.800097039378
426,427,b40441d5ae1b2061b07b147877c6a7ba3e50ee7d4036a559c5dcd15dc87e5999,10,OSM,sao_paulo,sao_paulo_n010_seed2332.json,0,5,1,0,0,0,0.00308775,0.007542333041783422,optimal,True,2.442663117734085
427,428,32bf8878d4e5add408e321370390dd7cb56e029c7a328a5149485a820d336805,10,OSM,sao_paulo,sao_paulo_n010_seed8225.json,0,6,1,0,0,0,0.000976917,0.005520790989976376,optimal,True,5.651238528939896
428,429,5889c889e6b91713dc49f8715c3422d20564ca3057a18b4895773a98d4d05982,15,OSM,sao_paulo,sao_paulo_n015_seed12725.json,0,11,1,0,0,0,0.001781,0.007392583996988833,optimal,True,4.150805163946566
429,430,64516733cf4ccdd2daa35d9cc12b57e59c9559804b0a34f88111c972e06cf010,15,OSM,sao_paulo,sao_paulo_n015_seed9803.json,0,7,1,0,0,0,0.000540667,0.006381207960657775,optimal,True,11.802473538532546
430,431,09f6be67351c15f51f0eeaa7f22818a3f4a68c1565b8f73037a8847b4ef999c6,20,OSM,sao_paulo,sao_paulo_n020_seed15626.json,0,9,1,0,0,0,0.007720708,0.024967707984615117,optimal,True,3.23386248833852
431,432,9d46b0bfe90480fc263d9434bc7a906ac1753485ac1a9136e74eed0aec4514f5,20,OSM,sao_paulo,sao_paulo_n020_seed5524.json,0,23,1,0,0,0,0.010263917,0.04226570896571502,optimal,True,4.117892707600327
432,433,4a6de24384956e0ffa44033a2b054345b606ee49f57f908d0bec32a67f302b88,30,OSM,sao_paulo,sao_paulo_n030_seed10925.json,0,6,1,0,0,0,0.028765,0.28937337500974536,optimal,True,10.059912220050247
433,434,26b34a44fb9edf324e78ae69c64c2234413885c6445d927bc2681edf0bb00582,30,OSM,sao_paulo,sao_paulo_n030_seed16689.json,3,15,0,0,0.0127042,5.25538e-05,0.581398541,0.6427024999866262,optimal,True,1.1054422305243217
434,435,aed17e81039c83e983dbe7008f982404a8ac9fa010edca0a4f838e9f05343dc4,40,OSM,sao_paulo,sao_paulo_n040_seed17761.json,0,25,1,0,0,0,0.258681875,1.0350095410249196,optimal,True,4.001090300682719
435,436,7a08e77d5225c343f784df15e10176cd4f0fd50d7c62e006f64b7782de988bca,39,OSM,sao_paulo,sao_paulo_n040_seed7537.json,0,22,1,0,0,0,0.512463875,2.493124542001169,optimal,True,4.86497617417651
436,437,eba0c362daa68b239f290139c20d06ae9425d88ed4aa791d30960d51467968b2,50,OSM,sao_paulo,sao_paulo_n050_seed19118.json,2,52,0,0,0.00130687,8.37289e-06,0.24029,0.7900106250308454,optimal,True,3.287738253905054
437,438,e94c93486a5e638a20edd7c9944feda9815d51e98cee9ca31d5d8ee751c00318,50,OSM,sao_paulo,sao_paulo_n050_seed368.json,0,22,1,0,0,0,0.475500375,2.0857401249813847,optimal,True,4.386411104263345
438,439,38f5a21b60a8c2a2d761b68888944d188230b9736791f18281ead431c3d8af62,59,OSM,sao_paulo,sao_paulo_n060_seed16909.json,0,45,1,0,0,0,16.194173292,46.08794141700491,optimal,True,2.8459582706684126
439,440,119082d5423031bd7db64d07e7af893778ae5adfecb2c32b2873f258d1b256d5,59,OSM,sao_paulo,sao_paulo_n060_seed9394.json,0,41,1,0,0,0,11.586135875,19.348472625002614,optimal,True,1.6699676953341973
440,441,5b7f5072353e280bd42493945625a11d10538c2dff18716c122ad9ff7d57308c,10,tessellation,sbgdb-20200507-fpg-poly_0000000010,sbgdb-20200507-fpg-poly_0000000010.json,0,18,1,0,0,0,0.000134041,0.002934165997430682,optimal,True,21.890063468869094
441,442,2fa9dba4366d436c3347fd36dcfeb4210b00acd7f33b137d9fb4fa4aad3b5f0b,20,tessellation,sbgdb-20200507-fpg-poly_0000000020,sbgdb-20200507-fpg-poly_0000000020.json,0,42,1,0,0,0,0.027792708,0.018233166018035263,optimal,True,0.6560413622895352
442,443,5cb87a0934fab2c2ddb8d56f4b16b5a07103f905544c1140f96f72a54c224877,30,tessellation,sbgdb-20200507-fpg-poly_0000000030,sbgdb-20200507-fpg-poly_0000000030.json,0,68,1,0,0,0,0.045417584,0.09819391602650285,optimal,True,2.1620242068909445
443,444,eb490ce73e595b4a223f8cd6b3a2611488a9c3ec666d6de27d3a800d38fa688a,40,tessellation,sbgdb-20200507-fpg-poly_0000000040,sbgdb-20200507-fpg-poly_0000000040.json,0,98,1,0,0,0,0.406636208,0.43559549999190494,optimal,True,1.0712167077652488
444,445,3dc2adbd24af0a38cfb312b43b525331d6edc04db59307accf65fbea6f565785,50,tessellation,sbgdb-20200507-fpg-poly_0000000050,sbgdb-20200507-fpg-poly_0000000050.json,0,126,1,0,0,0,0.756567666,0.6936774589703418,optimal,True,0.9168743129584681
445,446,dd8616539d591d172ca245acb5c8044d3ce4dec20de4962f8b8660cf3de5efb1,60,tessellation,sbgdb-20200507-fpg-poly_0000000060,sbgdb-20200507-fpg-poly_0000000060.json,0,157,1,0,0,0,32.59165825,6.277832332998514,optimal,True,0.1926208321418722
446,447,a010e4218609344b0927b3456ced72f5e1644ab4d8bc431a589918f0b93485b9,10,tessellation,sbgdb-20200507-pntset-0000010,sbgdb-20200507-pntset-0000010.json,0,18,1,0,0,0,0.000785375,0.006419749988708645,optimal,True,8.17412062862791
447,448,40fadce6956ee1be9455a8f660ca23274f2eb8812a37d2135708407b9a274a5e,20,tessellation,sbgdb-20200507-pntset-0000020,sbgdb-20200507-pntset-0000020.json,0,42,1,0,0,0,0.0782225,0.12239274999592453,optimal,True,1.56467448618907
448,449,bcf726f87f7d3ba13c298f3b31018c7ec253bd317044f4d0c0760e8aedd013ac,30,tessellation,sbgdb-20200507-pntset-0000030,sbgdb-20200507-pntset-0000030.json,0,71,1,0,0,0,0.323110167,0.24206987500656396,optimal,True,0.7491868091125834
449,450,023101415ea6e65eac6dbd2965b427d7d11ea95c56a53754d05ae8975b0d3aec,40,tessellation,sbgdb-20200507-pntset-0000040,sbgdb-20200507-pntset-0000040.json,0,94,1,0,0,0,0.0961615,0.1473270410206169,optimal,True,1.5320792731042765
450,451,4e265ef27769f483e164d8fded42a936bc8d1bfc03a109d7d42d4377dce45ba7,50,tessellation,sbgdb-20200507-pntset-0000050,sbgdb-20200507-pntset-0000050.json,0,121,1,0,0,0,15.432617875,6.825011916982476,optimal,True,0.44224589582034707
451,452,6486602b41a3e2a2b6c3e931bba03547f2b36146bd4a42dc710eceb214a6fde8,60,tessellation,sbgdb-20200507-pntset-0000060,sbgdb-20200507-pntset-0000060.json,0,149,1,0,0,0,246.630187084,18.830961999992724,optimal,True,0.07635302970264167
452,453,5f0889c3efc21c049aeda7ea9e3750f414f4491497629995fe01cd979f44d758,10,tessellation,stars-0000010,stars-0000010.json,0,19,1,0,0,0,0.00127525,0.006547375000081956,optimal,True,5.1341893746966925
453,454,8a4c0312681cc7fc22440006ed60c6540e929e13b12df882ec5b0bd7a2bc14a2,15,tessellation,stars-0000015,stars-0000015.json,0,33,1,0,0,0,0.003991875,0.00971066701458767,optimal,True,2.43260798862381
454,455,4c68fac8af0936ea78eb2b48343a337162e1f4e221944d69cdf9401e4e075fa9,20,tessellation,stars-0000020.instance,stars-0000020.instance.json,0,43,1,0,0,0,0.013931833,0.04454583302140236,optimal,True,3.1974136512691733
455,456,c52db05f784542d5b2ed4b4f7d8ff221f1efe5ad62dcb651bcabc77dc16b2611,25,tessellation,stars-0000025,stars-0000025.json,0,58,1,0,0,0,0.030999541,0.03447445796336979,optimal,True,1.1120957553329511
456,457,909a2ac79ecbf326219347c457a701860d9a31cb7e5bdb2121c50b7a50fb8986,30,tessellation,stars-0000030.instance,stars-0000030.instance.json,0,72,1,0,0,0,0.055202542,0.09781195904361084,optimal,True,1.7718741836854333
457,458,145fa835807c12c91b859a4d1b1f9573d9a4c4c3c31da79575617df845f61117,35,tessellation,stars-0000035,stars-0000035.json,0,84,1,0,0,0,1.67369475,1.5675752499955706,optimal,True,0.9365956665608055
458,459,c8b84679c139648d367c7b760f9cac706df2d5532a970c42933489ff0a6358fe,40,tessellation,stars-0000040.instance,stars-0000040.instance.json,0,99,1,0,0,0,4.916303916,3.5874280409771018,optimal,True,0.7297002183493779
459,460,5c4be31fe48191769af54ff198dc6f6a1ac102947b7767ca9c083ed250b606f3,45,tessellation,stars-0000045,stars-0000045.json,0,113,1,0,0,0,3.614717,3.5993462090264075,optimal,True,0.9957477193999993
460,461,cafc473f04216475c90e67dc5270432322c3cf1ccc121bf2522c8a4eee925edb,50,tessellation,stars-0000050.instance,stars-0000050.instance.json,0,128,1,0,0,0,1.955027584,1.9387487500207499,optimal,True,0.9916733481857358
461,462,7078a4eff91aa1f7099927b531cff4903bc0ea24175e1605eb86f8ab0f63fb9c,60,tessellation,stars-0000060.instance,stars-0000060.instance.json,0,156,1,0,0,0,140.82830375,87.89593491599953,optimal,True,0.6241354370924852
462,463,946e7316a0e1b78983a8878055c46738384e2531511407afc29f7791472a6862,4,OSM,tokyo,tokyo_n005_seed4671.json,0,0,1,1,0,0,2.35e-05,0.0031175410258583724,optimal,True,132.66132024929246
463,464,fbbdef87986e83c6427c809ca1b62c6340d6d562aa8c3d607cee62b999d10343,5,OSM,tokyo,tokyo_n005_seed9995.json,0,0,1,1,0,0,0.000273333,0.005350624967832118,optimal,True,19.57548107192369
464,465,8ff4b149e0a3feba7adb947dedf98d452c5c176521b438d9fd06164a72e9b838,10,OSM,tokyo,tokyo_n010_seed3547.json,0,0,1,1,0,0,0.000191625,0.0038863749941810966,optimal,True,20.281148045302526
465,466,94920ba521a6b16f20a2a7c016a276ff4220ce893d7f98cf785a463248a3dd28,10,OSM,tokyo,tokyo_n010_seed5766.json,0,0,1,1,0,0,0.001443042,0.011593834031373262,optimal,True,8.03430117167294
466,467,5e8173ed24a8a0753f81d7808dfb0f1824648d8be5a2392219135e03668abff4,15,OSM,tokyo,tokyo_n015_seed3519.json,0,0,1,1,0,0,0.001728208,0.019871750031597912,optimal,True,11.498471267114788
467,468,1da29962d3710ea65768f091a2aed3a2bfc9bdadd63832a89084a6933ee7c151,15,OSM,tokyo,tokyo_n015_seed4550.json,0,0,1,1,0,0,0.0024895,0.026048833038657904,optimal,True,10.463479830752322
468,469,e4589388deee0df2e12d93470579f1cff6d6a21794f0ed834b1fb001bac4fc2d,20,OSM,tokyo,tokyo_n020_seed8652.json,0,0,1,1,0,0,0.044297666,0.15485125000122935,optimal,True,3.4956977191807206
469,470,1617490a7c02fe5645bee129c4d3177dc46deb579011a6e61e87494acbbe83a8,20,OSM,tokyo,tokyo_n020_seed8951.json,0,0,1,1,0,0,0.012654375,0.06929058401146904,optimal,True,5.4756227795895915
470,471,bdaa23f548cff556a0c7ff5e5ae349c2aec1b193f0259ac17c7be7a4b3766821,30,OSM,tokyo,tokyo_n030_seed2701.json,0,0,1,1,0,0,0.110137125,1.6279402080108412,optimal,True,14.781030538166318
471,472,621f4fe9c2c3f7edd6b627e2a12833b31dd7653cf5381c59f131c3bb0de4103b,30,OSM,tokyo,tokyo_n030_seed9390.json,1,2,0,0,0.00463716,4.04391e-05,0.033595334,0.16567704098997638,optimal,True,4.93154915471227
472,473,7242647df7d8b6efdfd36c8df486b977c9bacf2fd8ad5816fec6195e55233e09,40,OSM,tokyo,tokyo_n040_seed1357.json,0,0,1,1,0,0,0.21997075,1.0354130839696154,optimal,True,4.707048932504051
473,474,632b3f971423fa8cb64328df131e45a977248e89335e70fb5a2f183aa0a771d5,40,OSM,tokyo,tokyo_n040_seed761.json,1,0,0,0,59.3597,0.346137,0.060259459,0.934629124996718,optimal,True,15.510081579005181
474,475,51a00c26fead59f09a1a78838cc8f582141a0df58ab8bb518676d377022175cf,50,OSM,tokyo,tokyo_n050_seed5209.json,0,0,1,1,0,0,6.43395775,62.090421208005864,optimal,True,9.65042414336741
475,476,f1ae142f6c5e8d0c58139c4db6a80bfabb38c4e1c920a29df856dd602c8e034e,50,OSM,tokyo,tokyo_n050_seed8005.json,0,1,1,0,0,0,10.694849166,53.73291945800884,optimal,True,5.024186748592134
476,477,33f9c47dbafbeb985d40d26ad106b7ee027a5ba14f40e67d4957162613ae579f,60,OSM,tokyo,tokyo_n060_seed53.json,0,0,1,1,0,0,231.437439916,7912.129551874998,optimal,True,34.18690404952067
477,478,3e73e4536ed889da4de5b5ba3fa3ba5da0b2750bbd1454aa08cfa963527786ef,60,OSM,tokyo,tokyo_n060_seed654.json,0,0,1,1,0,0,13.275608459,133.9437311669899,optimal,True,10.089460801789823
478,479,d383cb980cfe2dd7020e6fab1238bf5834809ca0125f4d2ce7b14dc48a1612e7,5,OSM,toronto,toronto_n005_seed1266.json,0,0,1,1,0,0,1.75e-05,0.002887916984036565,optimal,True,165.0238276592323
479,480,d3746aa9ab2b9c6943ecfb806d5b0518bd5efb17d9edc335fe4b02745b8ffe0f,5,OSM,toronto,toronto_n005_seed1874.json,0,0,1,1,0,0,1.925e-05,0.00251933402614668,optimal,True,130.8744948647626
480,481,29a8d33e04312319398c4280067b36d338773cf963ea9fb384b643b69c39601e,10,OSM,toronto,toronto_n010_seed2583.json,0,0,1,1,0,0,0.000354042,0.006396584038157016,optimal,True,18.06730285716671
481,482,74a9ca7498b3617728826cf1288d6a519b67902d80334ddb87e81a2fbca2df03,10,OSM,toronto,toronto_n010_seed9330.json,0,0,1,1,0,0,0.000612458,0.004211208026390523,optimal,True,6.8759131669282185
482,483,a742b0f5b866a083623135aad9d5dd053c7bb4f07e42a61569e707c4cf157c14,15,OSM,toronto,toronto_n015_seed654.json,0,0,1,1,0,0,0.003681375,0.03550766600528732,optimal,True,9.645218432049797
483,484,3a1021bb25e01a52e461edb3f951860532962e31e46f94386c3289e8243a146f,15,OSM,toronto,toronto_n015_seed6553.json,0,0,1,1,0,0,0.009467834,0.04893962503410876,optimal,True,5.169041307030601
484,485,554fae4f6c1f1a5ac393c791d86e8e6881edf37570df18c29513f6e2f27651c7,20,OSM,toronto,toronto_n020_seed10167.json,0,0,1,1,0,0,0.003696167,0.025856874999590218,optimal,True,6.99559164929242
485,486,37d159d29ca81cd40c0fd4e9a1ba41a93f0a8e2227802789a696994286825a01,20,OSM,toronto,toronto_n020_seed10728.json,0,0,1,1,0,0,0.000790709,0.004819458001293242,optimal,True,6.095109580507168
486,487,eceff25a38e4b697336773c009ed22a39aa98e28f8add3972dff80fe0baee072,30,OSM,toronto,toronto_n030_seed3323.json,0,0,1,1,0,0,0.048534,0.30413908301852643,optimal,True,6.266515906756633
487,488,3124b2249ef6cb801a7e0f79c679254e97e95d883fd53f5e8df0cf0cf13955b9,30,OSM,toronto,toronto_n030_seed9591.json,0,0,1,1,0,0,1.456420916,5.435202791006304,optimal,True,3.7318900952987306
488,489,b38e062ee414958d201dec64eb79ebf5eeae000e792eac1b35913e8ad1905701,40,OSM,toronto,toronto_n040_seed2090.json,0,0,1,1,0,0,8.123315208,52.58721562499704,optimal,True,6.473615054751061
489,490,e805c4582237004d269fe7da85b9ee71372fe4b5cc7d6220ef36d5e5e410972c,40,OSM,toronto,toronto_n040_seed644.json,0,0,1,1,0,0,0.157850584,1.4416044999961741,optimal,True,9.132715657207669
490,491,65cd8dac0cbc6736c45a8f41a5853cda49774aed8e282814ef293f8834225d9c,50,OSM,toronto,toronto_n050_seed3796.json,0,0,1,1,0,0,0.424869208,6.34434524999233,optimal,True,14.932466581556387
491,492,c6a519d0ccf096c223a6d98095b1d30b3b55505b97372bbcb8183a3146f372b7,50,OSM,toronto,toronto_n050_seed4504.json,0,0,1,1,0,0,30.2881915,372.8508397499827,optimal,True,12.310105730478583
492,493,53b7b58b8b35ed757397ee2b4d5ef5595c66ff6bd8ed33633f2e46249adc2468,60,OSM,toronto,toronto_n060_seed592.json,0,1,1,0,0,0,3008.311252291,21720.446097959008,process_timeout,False,
493,494,65b2bdd89b997e4d5d14c85b1abcbe6e5f33adda374849af2d6c60d985dd4b7a,60,OSM,toronto,toronto_n060_seed6179.json,0,6,1,0,0,0,86.439564375,1649.9284172500193,optimal,True,19.08765308085253
494,495,223768aff140ce509a5356dd76ca38ba0853c98cb13f608b6e621675f62c4766,16,tessellation,ulysses16,ulysses16.json,0,34,1,0,0,0,0.01523175,0.024432332953438163,optimal,True,1.604039782259961
495,496,bed0d854b9cae449754979dbeacc6e15a6f4fc1fce4e59e48d3fbb0263f5298c,22,tessellation,ulysses22,ulysses22.json,0,50,1,0,0,0,0.012416166,0.02202849998138845,optimal,True,1.7741789197557805
496,497,8ff672834a1e750c0423f2952cc9581b4b9f05ff474b97a796e593bd4cd8647f,10,tessellation,uniform-0000010-1,uniform-0000010-1.json,0,18,1,0,0,0,0.001606916,0.0062557500205002725,optimal,True,3.8930162002869304
497,498,5394591af84c8caf8fae5029a09978e4061088a2a8f7092857b6580f9e808e73,10,tessellation,uniform-0000010-2,uniform-0000010-2.json,0,17,1,0,0,0,0.000241833,0.0038796670269221067,optimal,True,16.042752754678258
498,499,2bd942e38091bd1fc3ea72551a83c21bb6b9b7ad48adc539705effd9a748c2ae,15,tessellation,uniform-0000015-1,uniform-0000015-1.json,0,30,1,0,0,0,0.00602625,0.008547833014745265,optimal,True,1.4184331905820808
499,500,47131f123ef95de56f84184eae45f5590270230905431e27dd183be4c7d817f5,15,tessellation,uniform-0000015-2,uniform-0000015-2.json,0,32,1,0,0,0,0.022883209,0.024397875007707626,optimal,True,1.0661911538590425
500,501,f731ec03983ac914894ca6bcb33a0c128ae173b8785ec4afe46ad5a930d6823b,20,tessellation,uniform-0000020-1,uniform-0000020-1.json,0,41,1,0,0,0,0.00655975,0.015058042015880346,optimal,True,2.2955207158627
501,502,7bdb2a9d079499a0750df02a282c6bed4d1388ebfacaa3a5751ebd6fbdfcfde9,20,tessellation,uniform-0000020-2,uniform-0000020-2.json,0,44,1,0,0,0,0.012290709,0.013207583979237825,optimal,True,1.0745990307994293
502,503,970ca6f46d61227551cfe27ca8a86c730fbfa9339ced60dc16ddc7c8282b5d51,25,tessellation,uniform-0000025-1,uniform-0000025-1.json,0,56,1,0,0,0,0.312306625,0.24027508299332112,optimal,True,0.7693563432838516
503,504,5eec663601981c3d2eff607bab84aa4674a2a2c13eb51d93a1839b5d530f6314,25,tessellation,uniform-0000025-2,uniform-0000025-2.json,0,58,1,0,0,0,0.077534209,0.08497695898404345,optimal,True,1.095993111686268
504,505,37354600ea882ee71aeea517c66db202b313c9f4700d6856213c5bdf717128be,30,tessellation,uniform-0000030-1,uniform-0000030-1.json,0,69,1,0,0,0,0.680738208,0.24433700001100078,optimal,True,0.3589294638372947
505,506,843ae92f14e3847541ec5b97be2f97df076e438676afb3b93ec2f89511cde870,30,tessellation,uniform-0000030-2,uniform-0000030-2.json,0,70,1,0,0,0,0.200574042,0.40986262500518933,optimal,True,2.0434480001414603
506,507,dd4b97a04bc0113a543ada0faf46c774e3bf026cfbf7205bca069aa5948597e9,35,tessellation,uniform-0000035-1,uniform-0000035-1.json,0,86,1,0,0,0,1.02949475,0.6067656659870408,optimal,True,0.5893819914934397
507,508,101b471da3760993bdf88d3996173678b9ac5351d85c8881233da256405d9968,35,tessellation,uniform-0000035-2,uniform-0000035-2.json,0,85,1,0,0,0,0.662661334,0.24388320901198313,optimal,True,0.36803597327738924
508,509,5a6cae59434f83476a06ec0970fd0b4b75b74324923ea7e810443b7bb34193af,40,tessellation,uniform-0000040-1,uniform-0000040-1.json,0,94,1,0,0,0,5.247657333,2.5048390409792773,optimal,True,0.4773251914197114
509,510,529a3fc5ee785dcad28c41fb4f446cad57487d810ae9c05f914066b8bb1e5c5e,40,tessellation,uniform-0000040-2,uniform-0000040-2.json,0,99,1,0,0,0,0.871770458,0.2809190839761868,optimal,True,0.32223973799326294
510,511,bb2de9ac4c906f920f8628d801742855872cb69c5e700e29ea58b26a3a55abc3,45,tessellation,uniform-0000045-1,uniform-0000045-1.json,0,113,1,0,0,0,0.507222,0.7816058329772204,optimal,True,1.5409541245790217
511,512,dee5af8072717b46e7530d3133eaaf9e638634b27c8bfc3d023671ef306b3075,45,tessellation,uniform-0000045-2,uniform-0000045-2.json,0,111,1,0,0,0,5.897979166,3.6532019579899497,optimal,True,0.6193989254912112
512,513,1baa16217f497d689e424b364dc78a31c79cac1af5ae4f52ee16f4548a52e1a7,50,tessellation,uniform-0000050-1,uniform-0000050-1.json,0,125,1,0,0,0,5.828113875,4.223640707961749,optimal,True,0.72470112948192
513,514,8a3860f5560ff51661b0558fe444e5f2d81740bfe03b25343b8b33909ffaa3e2,50,tessellation,uniform-0000050-2,uniform-0000050-2.json,0,122,1,0,0,0,8.292866875,4.985458790964913,optimal,True,0.6011743424935798
514,515,3d05932a3595bcf848c086bbc13ba43d0b234eac20840e1ffd25d1e6582519d8,60,tessellation,uniform-0000060-1,uniform-0000060-1.json,0,152,1,0,0,0,45.359935084,26.552777707998757,optimal,True,0.5853795350197675
515,516,9ac68864d7fd7fc5246e97d69d630f828ac211111429093b645fdf52984246c4,60,tessellation,uniform-0000060-2,uniform-0000060-2.json,0,153,1,0,0,0,72.128639125,126.03273649999755,optimal,True,1.7473327935881466
516,517,b6a459a837fc06c9a86da19c1e3910722ed7bece7787ee35ea8336922fcce471,10,tessellation,us-night-0000010,us-night-0000010.json,0,19,1,0,0,0,0.000482709,0.0036970830406062305,optimal,True,7.659030680194963
517,518,2e4b8cc7db5eb08f57040e44e9d1e4cec176408dff602fc1b1aba456f349f5d2,15,tessellation,us-night-0000015.instance,us-night-0000015.instance.json,0,30,1,0,0,0,0.009582333,0.012756999989505857,optimal,True,1.3313041812996749
518,519,7171e158648d91133772089f505438081022fb7bd7cd1318864b79c05c88962a,20,tessellation,us-night-0000020.instance,us-night-0000020.instance.json,0,44,1,0,0,0,0.015202833,0.04455445799976587,optimal,True,2.9306681195383697
519,520,582e4b55c58ecca430187daf0c3aa032b7b484090ea83ed9019dc801ae599284,25,tessellation,us-night-0000025,us-night-0000025.json,0,54,1,0,0,0,0.019310333,0.03020779200596735,optimal,True,1.5643330441772987
520,521,12e14ef82e809592eeb35b80eed10d5bae302ca7b64b5d3d55d7a24870cdd9e0,30,tessellation,us-night-0000030.instance,us-night-0000030.instance.json,0,67,1,0,0,0,0.033011792,0.04542237502755597,optimal,True,1.375943936262411
521,522,d039c35ab4ad629876b6711d754b6a8f1d057e66215007208c9ad8f8c12bfc01,35,tessellation,us-night-0000035.instance,us-night-0000035.instance.json,0,84,1,0,0,0,1.326775792,1.3952912079985254,optimal,True,1.0516405382217926
522,523,63d15069982f559fb0691bc41d5559fdf4346986a704625135d85424b80c8320,40,tessellation,us-night-0000040.instance,us-night-0000040.instance.json,0,97,1,0,0,0,6.906637834,2.24112508300459,optimal,True,0.3244885770572736
523,524,2742237d1a72cba51057c4534c673ba4ded49eace0e3934fc37f7d05ba5bca65,45,tessellation,us-night-0000045,us-night-0000045.json,0,113,1,0,0,0,1.428294167,1.213124957983382,optimal,True,0.8493523155187555
524,525,a94e358f824ed4f91ce34650a9a12b7886f13aa1c7662397f4ad51ba46b20ba7,50,tessellation,us-night-0000050,us-night-0000050.json,0,124,1,0,0,0,0.607345042,0.9030460419598967,optimal,True,1.4868748067591813
525,526,715e024273223e81c1b50c8a9cff58f2c4111d6eebbe73d14b0174f7613ce9dc,60,tessellation,us-night-0000060,us-night-0000060.json,0,154,1,0,0,0,7.428108291,4.000512209022418,optimal,True,0.5385640666910436
526,527,c5febf9185559485f6fbd442815c4bd55cf4f57eb3085cdfb870b4de7756281a,5,OSM,vienna,vienna_n005_seed3126.json,0,0,1,1,0,0,0.000438375,0.004529917030595243,optimal,True,10.333429211508966
527,528,3b5b4039e2b6a804cc34fc80d31ae04bc869fa1a99e58a93dc37ada94f50e714,4,OSM,vienna,vienna_n005_seed654.json,0,0,1,1,0,0,0.000138333,0.0032039579818956554,optimal,True,23.161197847915215
528,529,33ccab5049d4fa9c39c095af863321831aa5c6ef48c2c3a303fd18e27f3ce45f,10,OSM,vienna,vienna_n010_seed1022.json,0,1,1,0,0,0,0.002925875,0.025869916018564254,optimal,True,8.841770758683898
529,530,4425d2e411556df9fbfa7acf3d0335947157bfe4fbf861d3b8e4cd337d473f85,10,OSM,vienna,vienna_n010_seed3706.json,0,0,1,1,0,0,0.003267,0.04597991600167006,optimal,True,14.074048362923191
530,531,fc0e87960cb62e5183da0410626666f61f0ed4c0e402736bcb9ba6817b92b238,15,OSM,vienna,vienna_n015_seed3542.json,0,0,1,1,0,0,0.010327625,0.06844770902534947,optimal,True,6.627633073949671
531,532,1248f7c24fc4c90f3f20efe33e600eebee4c3c62ba4e00553776d6eb06c67ce3,15,OSM,vienna,vienna_n015_seed734.json,0,3,1,0,0,0,0.012819041,0.0357539170072414,optimal,True,2.78912572377617
532,533,de58ba23772b15d44eaf72c83cd0688cf038cfc28a3edd12f359c01d087cb694,20,OSM,vienna,vienna_n020_seed3753.json,0,2,1,0,0,0,0.012273583,0.0877294159727171,optimal,True,7.147824394287888
533,534,9555df5c557e460f044014cb6168927ad80c3ef59a02cbfb66c961c2f94cd5b9,20,OSM,vienna,vienna_n020_seed852.json,0,19,1,0,0,0,0.0438785,0.052808167005423456,optimal,True,1.2035089395814227
534,535,475014162f7f4dbeb0ff030578929006f8a2428472a71aa4eb1e4c247a00d5e0,30,OSM,vienna,vienna_n030_seed141.json,0,0,1,1,0,0,0.742932708,4.128994875005446,optimal,True,5.557696989974826
535,536,0501cae9cacceb8bad48928528e7789bf295e53b2184cf4d143f12d85caf9c61,30,OSM,vienna,vienna_n030_seed2310.json,0,6,1,0,0,0,0.078341708,0.4367811249685474,optimal,True,5.575333192487294
536,537,54d4c1ea04510ed7b3b8cbe79a3f5e05e8868057e7a6b8c6d12617be81c14d44,40,OSM,vienna,vienna_n040_seed1460.json,0,48,1,0,0,0,0.377552125,0.6444802499609068,optimal,True,1.706996749020832
537,538,9784a8d5855f9361380140d94beed80c3a6f016b563272a640dfca77c14d07e4,40,OSM,vienna,vienna_n040_seed2585.json,0,44,1,0,0,0,3.22687725,6.417612792050932,optimal,True,1.988799788418023
538,539,9df7259cc28a35fd4ef1d2442f91d9d289562570f6c78d5bb62be0b5e9eaa6fa,50,OSM,vienna,vienna_n050_seed2410.json,0,24,1,0,0,0,12.425328958,69.25790237500041,optimal,True,5.573929077379394
539,540,7e55b63554b2030de75e94cea1ffc6d7bd42fc3f26e19758284b20b3aa746eb1,50,OSM,vienna,vienna_n050_seed3757.json,0,7,1,0,0,0,13.483446291,73.68335208400094,optimal,True,5.464726932103663
540,541,c59a218e3feef52c8c205e7f950590433cdd34681acfa1336c7653fe79c6ccf6,60,OSM,vienna,vienna_n060_seed3012.json,0,59,1,0,0,0,187.89598625,169.6070670420013,optimal,True,0.9026646626518947
541,542,15d245734a50d8d7a940e70230d93439ece938eb6724ad20c1c4e36c769cde24,60,OSM,vienna,vienna_n060_seed3619.json,0,1,1,0,0,0,7786.152686542,21657.657950666995,limit,False,
542,543,77bb8054e2459ac048cd4b6bcc79a02d2559dd3a1eb1a43e6c4f466d3f3d2186,5,OSM,warsaw,warsaw_n005_seed1659.json,0,1,1,0,0,0,0.00022575,0.0039046669844537973,optimal,True,17.296420750625902
543,544,48b5d31520df008ae7bd8c5b07c785fa979c5c1cd32f2998b2f71d0d0b6143e1,5,OSM,warsaw,warsaw_n005_seed3832.json,0,1,1,0,0,0,0.000366375,0.005284624989144504,optimal,True,14.424087312574558
544,545,cb435a2033aa78bfa96c936111a39c98b54c3a49983b17ebe74773d7ee3b65ec,10,OSM,warsaw,warsaw_n010_seed2587.json,0,0,1,1,0,0,0.006978583,0.008570208039600402,optimal,True,1.2280728107124903
545,546,239838f852e7b1909d4a59e50d5b51480d7ac61c11a5ab20692100f7535c44f1,10,OSM,warsaw,warsaw_n010_seed2960.json,0,0,1,1,0,0,0.000413917,0.01034133299253881,optimal,True,24.984074083786872
546,547,9164d944399b06be5c199eab2c3f4b25313adec94f755531c8cff327b6a051d6,15,OSM,warsaw,warsaw_n015_seed3472.json,0,0,1,1,0,0,0.022718833,0.09697920898906887,optimal,True,4.268670357719028
547,548,524624499ef8cc6f027b30d34bea6793b30128c78ce85d7a6326bcd8a06cf28c,15,OSM,warsaw,warsaw_n015_seed3581.json,0,0,1,1,0,0,0.018505917,0.04407783300848678,optimal,True,2.381823770661393
548,549,b87ca724f07577b6145a795c364a860b7b8f3e24f780d3a0e5880f464f586f75,20,OSM,warsaw,warsaw_n020_seed1035.json,0,7,1,0,0,0,0.015529208,0.09920854103984311,optimal,True,6.388512604109825
549,550,25dc6bdd78c3b7352f7fd9c622bae1710384e0e100e047066ac451f347de491e,20,OSM,warsaw,warsaw_n020_seed4026.json,0,2,1,0,0,0,0.006471084,0.13989950000541285,optimal,True,21.619175397107014
550,551,6896aa7297ca0915af6ec6ec34b7529ee94bc57e4a490c3214eca74f592b19f5,30,OSM,warsaw,warsaw_n030_seed1238.json,0,6,1,0,0,0,0.626233875,5.512701916974038,optimal,True,8.802944294532194
551,552,4ef71e28a9bccb04fe9fb3f613d458fe786f34451eed079f4147d0d320428414,30,OSM,warsaw,warsaw_n030_seed129.json,0,8,1,0,0,0,0.09372575,0.8644072919851169,optimal,True,9.222730060683611
552,553,3ea49087f1295974b9a591287fa1e7b1226e28adfc03876d5819e2b3834a7d37,40,OSM,warsaw,warsaw_n040_seed1637.json,0,25,1,0,0,0,3.499539791,13.088705957998172,optimal,True,3.7401220559512627
553,554,9bc3e0742a1bd4d6b28fcf661bbf62863c4a8b76ea276776990a35f0447ed943,40,OSM,warsaw,warsaw_n040_seed3351.json,0,5,1,0,0,0,6.650048458,4.028079250012524,optimal,True,0.6057217891648219
554,555,b115a8f823a120a13a32dfbec45c6a8c83ddc1848362a8e62c5304b2496267e9,50,OSM,warsaw,warsaw_n050_seed1842.json,0,5,1,0,0,0,2.29177925,11.932719832999283,optimal,True,5.206749224646869
555,556,14ac6d109b442b6168892670acdddaa1f7ba7718bc99f06e61b0d65b407e910f,50,OSM,warsaw,warsaw_n050_seed2118.json,0,17,1,0,0,0,9.4343695,51.40738658299961,optimal,True,5.448947763069869
556,557,bf45661b94265b5daf984c90912097d06390c22e7b7cdead5096a5937f8507fd,60,OSM,warsaw,warsaw_n060_seed403.json,0,24,1,0,0,0,98.824946084,4088.7089635420125,optimal,True,41.373247601538374
557,558,518c85f61d41ad0adab456739106034e9045f270164c5d2133e3cbfeb0c31bbd,60,OSM,warsaw,warsaw_n060_seed4239.json,0,18,1,0,0,0,992.099781417,21720.586839958996,process_timeout,False,
