selected_run;selected_time_limit_seconds;selected_max_calls;schema_version;source;case_index;repeat_index;polygons;polygon_vertices_total;polygon_vertices_min;polygon_vertices_max;order_space_log2;calls;relaxation_calls;refinement_calls;complete_order_oracle_calls;complete_piece_oracle_calls;oracle_cutoff_calls;nodes;partial_states_created;children_generated;children_queued;screened_nodes;pruned_nodes;pruned_states;bound_prunes;incumbent_prunes;insertion_branches;decomposition_branches;insertion_positions_considered;insertion_positions_pruned;branch_events;total_branching;mean_branching_factor;max_observed_branching;sequence_depth_sum;sequence_depth_samples;mean_sequence_depth;max_sequence_depth;decomposed_polygons;convex_pieces_generated;convex_pieces_min;convex_pieces_max;incumbent_updates;best_updates;initial_lower_bound;initial_upper_bound;initial_length;incumbent_length;first_best_update_length;final_length;first_incumbent_seconds;initial_gap_percent;lower_bound;upper_bound;final_absolute_gap;final_relative_gap;exact;termination;exhausted;time_limited;call_limited;numerical_limited;seconds;solver_seconds;search_seconds;bnb_seconds;seconds_per_call;calls_per_expanded_node;decomposition_percent;fallback_calls;fallback_geometric_path_invalid_calls;fallback_certificate_gap_calls;fallback_locator_exception_calls;fallback_nonfinite_calls;fallback_contact_construction_calls;fallback_membership_ordering_calls;fallback_local_optimality_calls;fallback_coincident_contact_calls;predicate_exact_evaluations;extended_precision_calls;oracle_time_limit_calls;repaired_geometric_path_calls;peak_queue;sha256;preprocessing_seconds;initial_heuristic_seconds;finalization_seconds;convex_oracle_seconds;convex_geometric_solver_seconds;convex_certificate_verification_seconds;convex_contact_materialization_seconds;convex_fallback_seconds;convex_fallback_long_double_seconds;convex_fallback_extended_precision_seconds;decomposition_seconds;visit_check_seconds;heuristic_visit_check_seconds;search_visit_check_seconds;finalization_visit_check_seconds;search_maintenance_seconds
progressive_60s;60.0;10000000;free_order_v1;unordered-final-consolidated;0;0;48;264;3;8;202.94957202970025;9285;9285;0;0;0;5470;3240;9286;43641;3808;34356;1;39834;34357;5477;3239;0;43641;34356;3239;43641;13.47360296387774;24;40426;3240;12.47716049382716;24;0;0;;0;9;8;9506.475514721531;22079.843020907665;22079.843020907665;22079.843020907665;21225.663348074217;20060.571084123676;0.000267917;56.94500406674205;20060.571084123676;20060.571084123676;0;0;True;optimal;True;False;False;False;24.055611916;24.055611916;24.055199;24.055199;0.0025908036527732903;2.865740740740741;0.0;2538;3;2535;3;0;0;0;192;2343;313730;0;0;0;1337;8abf40f8b5895b02d2e4be27abe15ae81865bc873057eb6153767a3c936cab3b;3.9124999999999996e-05;0.000233917;4.8542e-05;23.89686362300004;0.21963101899999926;2.927367658999996;2.5276385410000097;17.122378480000005;0;0;0;0.1127909740000004;0.000128167;0.11261576500000041;4.7042e-05;0.04571961199996073
progressive_10s;10.0;10000000;free_order_v1;unordered-final-consolidated;1;0;5;49;4;16;6.906890595608517;1;1;0;0;0;0;2;2;3;1;2;0;2;2;0;2;0;3;2;2;3;1.5;2;1;2;0.5;1;0;0;;0;1;0;167.88221883213245;204.10408688353309;204.10408688353309;204.10408688353309;;204.10408688353309;2.425e-05;17.746762744672402;204.1040868830291;204.10408688353309;5.039737516199239e-10;2.4691997074389987e-12;True;optimal;True;False;False;False;0.000106584;0.000106584;7.4375e-05;7.4375e-05;0.000106584;0.5;0.0;0;0;0;0;0;0;0;0;0;2;0;0;0;1;7bde7d40c694b79c261251241468cda7e4ba9c054dfc9dbbc9c61b6c1ad47fe3;9.250000000000001e-06;1.6708e-05;2.75e-06;6.3792e-05;3.208e-06;1.1625e-05;1.4292e-05;0;0;0;0;8.414e-06;3.207e-06;2.874e-06;2.333e-06;7.709000000000004e-06
progressive_10s;10.0;10000000;free_order_v1;unordered-final-consolidated;2;0;5;20;4;4;6.906890595608517;2;2;0;0;0;0;2;3;3;1;1;0;2;1;1;2;0;3;1;2;3;1.5;2;1;2;0.5;1;0;0;;0;2;1;47.95594332301263;48.678663943521116;48.678663943521116;48.678663943521116;48.67693503160673;48.67693503160673;1.3166e-05;1.4846763693987306;48.676935031606725;48.67693503160673;7.105427357601002e-15;1.4597113300143756e-16;True;optimal;True;False;False;False;0.000100708;0.000100708;8.4083e-05;8.4083e-05;5.0354e-05;1.0;0.0;0;0;0;0;0;0;0;0;0;6;0;0;0;1;4981087b61e68b737682d4a44b8e0aaaf70781c2276522b90eb779b52b93f46f;4.583e-06;9.625e-06;1.042e-06;7.5541e-05;1.7909999999999999e-06;1.9499e-05;1.9625999999999998e-05;0;0;0;0;4.9999999999999996e-06;1.5e-06;2.75e-06;7.5e-07;5.792000000000001e-06
progressive_10s;10.0;10000000;free_order_v1;unordered-final-consolidated;3;0;10;40;4;4;21.791061114716957;6;6;0;0;0;1;5;7;15;4;9;0;11;9;2;5;0;15;9;5;15;3.0;5;10;5;2.0;4;0;0;;0;2;1;131.63896117791268;223.68308092286534;223.68308092286534;223.68308092286534;223.5025978280993;223.5025978280993;2.375e-05;41.14934368983101;223.50259782809928;223.5025978280993;2.842170943040401e-14;1.2716500705850301e-16;True;optimal;True;False;False;False;0.000563667;0.000563667;0.000533;0.000533;9.39445e-05;1.2;0.0;0;0;0;0;0;0;0;0;0;40;0;0;0;1;50926aad20d48b88d0f7d9991e51bc10c71b0bc21e66b1d6da13d77515177e0a;7.625e-06;1.7458e-05;2.458e-06;0.000495084;5.5420000000000005e-06;0.000180916;0.000151;0;0;0;0;1.9586000000000002e-05;4.126e-06;1.3460000000000002e-05;2e-06;2.445600000000003e-05
progressive_10s;10.0;10000000;free_order_v1;unordered-final-consolidated;4;0;10;40;4;4;21.791061114716957;6;6;0;0;0;0;7;7;24;6;18;0;18;18;0;7;0;24;18;7;24;3.4285714285714284;6;17;7;2.4285714285714284;5;0;0;;0;1;0;127.16043291842003;233.31756412845564;233.31756412845564;233.31756412845564;;233.31756412845564;3.0125e-05;45.498988302307836;233.31756412756556;233.31756412845564;8.900826742319623e-10;3.8148978520190495e-12;True;optimal;True;False;False;False;0.00041825;0.00041825;0.000377875;0.000377875;6.970833333333334e-05;0.8571428571428571;0.0;0;0;0;0;0;0;0;0;0;34;0;0;0;2;d61d023525ddc6ae318a9ddde152bb4585ace04a90f486c4ed9d2bdeaa54bd8a;1.3792e-05;1.8625e-05;4e-06;0.000330125;6.832e-06;8.9292e-05;9.8792e-05;0;0;0;0;2.9001e-05;4.459e-06;2.1042e-05;3.5e-06;2.6707999999999996e-05
progressive_10s;10.0;10000000;free_order_v1;unordered-final-consolidated;5;0;15;60;4;4;40.25014046988262;12;12;0;0;0;0;10;13;52;10;40;0;42;40;2;10;0;52;40;10;52;5.2;9;42;10;4.2;8;0;0;;0;3;2;127.0590244728803;154.3647208578896;154.3647208578896;154.3647208578896;154.31735445307885;154.06905887560822;3.7e-05;17.689078329074505;154.0690588756082;154.06905887560822;2.842170943040401e-14;1.8447383035779451e-16;True;optimal;True;False;False;False;0.002142792;0.002142792;0.0020945;0.0020945;0.000178566;1.2;0.0;0;0;0;0;0;0;0;0;0;124;0;0;0;3;917cc8384abb843fc056578616cc2e928574e8129362e2ef673abfa106e89dbc;1.0875e-05;2.7709e-05;4.583e-06;0.001987666;1.5999e-05;0.000835;0.000656333;0;0;0;0;6.420900000000001e-05;7.792e-06;5.229200000000001e-05;4.125e-06;5.454200000000009e-05
progressive_10s;10.0;10000000;free_order_v1;unordered-final-consolidated;6;0;15;62;4;6;40.25014046988262;19;19;0;0;0;3;11;20;60;15;41;0;45;41;4;11;0;60;41;11;60;5.454545454545454;10;49;11;4.454545454545454;9;0;0;;0;2;1;155.74071946668283;227.1983288093246;227.1983288093246;227.1983288093246;224.21026752985242;224.21026752985242;3.7708e-05;31.451643908266742;224.21026752985242;224.21026752985242;0;0;True;optimal;True;False;False;False;0.004492208;0.004492208;0.00443775;0.00443775;0.00023643200000000002;1.7272727272727273;0.0;0;0;0;0;0;0;0;0;0;232;0;0;0;7;3714ccc4db6f3b8093b609c2b02a8f73b7938e8a30854d2ea37e569ed0aaf2ea;1.0416e-05;3e-05;6.583e-06;0.0042614969999999995;2.6955000000000002e-05;0.001683917;0.001201834;0;0;0;0;0.000104662;8.25e-06;9.037e-05;6.042e-06;8.588300000000034e-05
progressive_10s;10.0;10000000;free_order_v1;unordered-final-consolidated;7;0;20;80;4;4;61.07738392090622;121;121;0;0;0;11;37;122;267;108;146;0;159;146;13;37;0;267;146;37;267;7.216216216216216;14;230;37;6.216216216216216;13;0;0;;0;3;2;164.94847225724766;388.98070796376595;388.98070796376595;388.98070796376595;386.99665086005257;355.74604632314424;5.0834e-05;57.59469071854;355.74604632314424;355.74604632314424;0;0;True;optimal;True;False;False;False;0.02777575;0.02777575;0.027701375;0.027701375;0.00022955165289256197;3.27027027027027;0.0;0;0;0;0;0;0;0;0;0;1710;0;0;0;72;eae7004d8773004955699de21986307eec79eb77b10c06a515c58ac7a16ec66a;1.3292e-05;3.925e-05;8.708e-06;0.027019702999999992;0.00017232399999999988;0.010250539000000001;0.010348969;0;0;0;0;0.0003882159999999997;1.1249999999999999e-05;0.00036888299999999975;8.083e-06;0.0003127890000000084
progressive_10s;10.0;10000000;free_order_v1;unordered-final-consolidated;8;0;20;80;4;4;61.07738392090622;85;85;0;0;0;9;52;86;405;74;320;1;332;321;11;51;0;405;320;51;405;7.9411764705882355;13;366;52;7.038461538461538;12;0;0;;0;3;2;175.08980210166436;394.6156178140297;394.6156178140297;394.6156178140297;349.98006505300845;346.9589078550428;5.1959e-05;55.63029079498348;346.9589078550428;346.9589078550428;0;0;True;optimal;True;False;False;False;0.024148458;0.024148458;0.024068291;0.024068291;0.00028409950588235294;1.6346153846153846;0.0;0;0;0;0;0;0;0;0;0;1298;0;0;0;36;8a48a9aba5e8d288ec92a97af6aac3761a1d6528d536871ed1b12f52ab502775;1.4292e-05;3.9333e-05;8.917e-06;0.023205538000000008;0.00014703999999999997;0.010437587999999996;0.007461753999999999;0;0;0;0;0.0005171709999999999;1.1208e-05;0.0004977549999999999;8.208e-06;0.0003649979999999905
progressive_10s;10.0;10000000;free_order_v1;unordered-final-consolidated;9;0;30;122;4;6;107.70906734197344;149;149;0;0;0;10;89;150;821;135;672;0;686;672;14;89;0;821;672;89;821;9.224719101123595;18;732;89;8.224719101123595;17;0;0;;0;5;4;197.29155278419805;434.7374874849183;434.7374874849183;434.7374874849183;418.67126321088915;414.7691578016937;8.2209e-05;54.61823319502844;414.7691578016937;414.7691578016937;0;0;True;optimal;True;False;False;False;0.037255625;0.037255625;0.037139;0.037139;0.00025003775167785233;1.6741573033707866;0.0;0;0;0;0;0;0;0;0;0;2890;0;0;0;53;f651389532838467c494fd3d9246b7b13e8d1bc29bd24883d48ef8ec9319cc6e;1.6917e-05;6.7584e-05;1.4125e-05;0.03544204000000001;0.00026161999999999995;0.012782082000000005;0.011443123000000003;0;0;0;0;0.0010879180000000009;2.3293000000000002e-05;0.0010517500000000008;1.2875e-05;0.0006452099999999896
progressive_10s;10.0;10000000;free_order_v1;unordered-final-consolidated;10;0;30;120;4;4;107.70906734197344;198;198;0;0;0;26;138;199;1265;170;1067;0;1095;1067;28;138;0;1265;1067;138;1265;9.166666666666666;22;1127;138;8.166666666666666;21;0;0;;0;3;2;209.66581886421068;381.09831621324435;381.09831621324435;381.09831621324435;378.61458025683015;378.6062498799522;7.9417e-05;44.98379815803444;378.60624987995214;378.6062498799522;5.684341886080802e-14;1.5013861730711477e-16;True;optimal;True;False;False;False;0.090639709;0.090639709;0.090516875;0.090516875;0.00045777630808080806;1.434782608695652;0.0;0;0;0;0;0;0;0;0;0;3684;0;0;0;58;b309b9b708dab380bc7fbb7446a33272444f169d10fcc6a4bb7b724a83144ae5;1.5416999999999998e-05;6.5708e-05;1.8541e-05;0.08729041500000002;0.00046761300000000024;0.03554765900000001;0.026333752;0;0;0;0;0.0022620409999999994;2.4415999999999998e-05;0.0022200839999999993;1.7541e-05;0.0010063759999999733
progressive_10s;10.0;10000000;free_order_v1;unordered-final-consolidated;11;0;40;160;4;4;159.15903982417854;293;293;0;0;0;16;80;294;785;274;492;0;511;492;19;80;0;785;492;80;785;9.8125;23;705;80;8.8125;22;0;0;;0;4;3;221.66485355148208;535.1098435217058;535.1098435217058;535.1098435217058;500.80881615931173;493.55807768138374;0.000242166;58.575822098011805;493.5580776813837;493.55807768138374;5.684341886080802e-14;1.1517067885474518e-16;True;optimal;True;False;False;False;0.119991917;0.119991917;0.119683625;0.119683625;0.00040952872696245734;3.6625;0.0;0;0;0;0;0;0;0;0;0;6330;0;0;0;196;8a75c2bff859741de7a994f17e2e68f2a84c113a2edc7622d39c407f981494e7;1.8375e-05;0.000226958;2.5083e-05;0.11709687199999999;0.0007058219999999999;0.046871490999999994;0.042125387;0;0;0;0;0.0016812070000000008;0.00010495800000000001;0.0015522910000000008;2.3958e-05;0.0010344620000000103
progressive_10s;10.0;10000000;free_order_v1;unordered-final-consolidated;12;0;40;160;4;4;159.15903982417854;1475;1475;0;0;0;106;918;1476;10002;1361;8527;2;8643;8529;114;916;0;10002;8527;916;10002;10.919213973799126;29;9142;918;9.958605664488017;29;0;0;;0;9;8;221.26842205791593;675.8189036478703;675.8189036478703;675.8189036478703;667.7256974495901;559.0598386658961;0.000110541;67.25921384211443;559.0598386658961;559.0598386658961;0;0;True;optimal;True;False;False;False;0.607296917;0.607296917;0.607104209;0.607104209;0.0004117267233898305;1.6067538126361656;0.0;0;0;0;0;0;0;0;0;0;33072;0;0;0;761;89432e46610702286e9bfffaa0a32fb00ae1823fac2a3ddc13646e0a7314067d;1.775e-05;9.5458e-05;2.325e-05;0.5830141860000002;0.0030808100000000063;0.22539708400000028;0.18408342900000008;0;0;0;0;0.017393733000000026;2.9917e-05;0.017342441000000024;2.1375e-05;0.006747581999999714
progressive_10s;10.0;10000000;free_order_v1;unordered-final-consolidated;13;0;50;204;4;8;214.20813806359016;9588;9588;0;0;0;1375;5311;9589;75465;8208;65877;0;67257;65877;1380;5311;0;75465;65877;5311;75465;14.209188476746375;31;70154;5311;13.209188476746375;30;0;0;;0;6;5;296.1257165461993;919.5699233966925;919.5699233966925;919.5699233966925;855.0564480738415;819.6315318162652;0.000151167;67.7973682031297;819.6315318162652;819.6315318162652;0;0;True;optimal;True;False;False;False;4.8294295;4.8294295;4.828904333;4.828904333;0.0005036951919065499;1.8053097345132743;0.0;0;0;0;0;0;0;0;0;0;267274;0;0;0;3119;7cf0473cd6645d0eac8242f95e4c1be1c152cf98a39f5da4e4e4d535eded4530;2.5043e-05;0.000128875;3.5542e-05;4.640850867999997;0.02639850099999997;2.005740607000004;1.587313749000003;0;0;0;0;0.1330663260000001;4.4208999999999996e-05;0.1329882840000001;3.3833e-05;0.05506518100000288
progressive_10s;10.0;10000000;free_order_v1;unordered-final-consolidated;14;0;50;200;4;4;214.20813806359016;2160;2160;0;0;0;121;1400;2161;19873;2037;17713;0;17836;17713;123;1400;0;19873;17713;1400;19873;14.195;37;18473;1400;13.195;36;0;0;;0;3;2;277.65035422271654;604.5740082472197;604.5740082472197;604.5740082472197;603.4058593809089;599.0239652845426;0.000166666;54.0750428508033;599.0239652845424;599.0239652845426;1.1368683772161603e-13;1.8978679370133984e-16;True;optimal;True;False;False;False;0.935893125;0.935893125;0.935581375;0.935581375;0.00043328385416666667;1.542857142857143;0.0;0;0;0;0;0;0;0;0;0;61026;0;0;0;726;782fc8463bd91d3266f1cadf48cbd64ede51e3c0e59df3c40c203c3e6d9817a9;2.1501e-05;0.000147709;4.1042e-05;0.8847574009999982;0.005384654999999998;0.3659008000000003;0.2993876190000002;0;0;0;0;0.03832171299999987;5.7749e-05;0.038224588999999864;3.9375e-05;0.012599385000001961
progressive_60s;60.0;10000000;free_order_v1;unordered-final-consolidated;15;0;60;396;4;28;272.1329303702744;49509;49509;0;0;0;6576;25556;49510;423774;42924;374265;2;380852;374267;6585;25376;178;423224;374265;25554;423774;16.583470298192065;39;402044;25556;15.731882923775238;39;4;20;3;11;10;9;831.399879841223;2434.18090064605;2434.18090064605;2434.18090064605;2407.9002354819168;2324.61789293993;0.000502709;65.84477843776676;2324.617892939929;2324.61789293993;9.094947017729282e-13;3.91244816851468e-16;True;optimal;True;False;False;False;42.597810125;42.597810125;42.593749667;42.593749667;0.0008604053833646408;1.9372750039129754;0.0013205890123207358;865;32;833;29;0;3;0;778;55;1561670;0;0;0;20619;7b3fb7dd4b8747a7c72b4b4bcd02abc6a086b4b6d9c1a8002ddabc2efc74d981;0.00031266599999999996;0.000297;7.4833e-05;41.064624051999814;0.2767946920000004;14.753032209999857;11.336752449999947;6.129969176000001;0;0;0.000562542;1.184275511000036;9.737399999999999e-05;1.184105137000036;7.3e-05;0.34445793600014696
progressive_10s;10.0;10000000;free_order_v1;unordered-final-consolidated;16;0;60;254;4;10;272.1329303702744;18868;18868;0;0;0;1212;7995;18869;118857;17648;99989;0;101209;99989;1220;7995;0;118857;99989;7995;118857;14.866416510318949;36;110862;7995;13.866416510318949;35;0;0;;0;9;8;405.0272825378557;1030.1668626946314;1030.1668626946314;1030.1668626946314;1026.6408031149144;998.6106441666059;0.00021025;60.68333226343387;998.6106441666059;998.6106441666059;0;0;True;optimal;True;False;False;False;8.434296625;8.434296625;8.433205875;8.433205875;0.0004470159330612678;2.3599749843652282;0.0;0;0;0;0;0;0;0;0;0;546514;0;0;0;9655;4e4697bc42b92002bbee72e4f28ae26b02483929afa2aad48b8441b5298fdfe8;2.3625e-05;0.000189958;5.6083e-05;8.026207801000009;0.05058775399999924;3.1807237719999915;2.8163077210000043;0;0;0;0;0.3126166729999992;7.7916e-05;0.31248492399999916;5.3833e-05;0.0945131499999925
progressive_10s;10.0;10000000;free_order_v1;unordered-final-consolidated;17;0;5;20;4;4;6.906890595608517;2;2;0;0;0;0;2;3;3;1;1;0;2;1;1;2;0;3;1;2;3;1.5;2;1;2;0.5;1;0;0;;0;2;1;168.44200574678516;174.7497650925109;174.7497650925109;174.7497650925109;174.74975979187073;174.74975979187073;1.7417e-05;3.6095953218515016;174.7497597918707;174.74975979187073;2.842170943040401e-14;1.6264233761611255e-16;True;optimal;True;False;False;False;0.000121541;0.000121541;9.95e-05;9.95e-05;6.07705e-05;1.0;0.0;0;0;0;0;0;0;0;0;0;6;0;0;0;1;71ad8f7d7ca3cd1e974c06c5cb3b3203973d4324a8faef34ec9193d96021e70d;6.583e-06;1.2333e-05;1.417e-06;8.9417e-05;2.375e-06;2.2167e-05;2.4251000000000002e-05;0;0;0;0;6.252e-06;1.917e-06;3.335e-06;1e-06;6.7480000000000055e-06
progressive_10s;10.0;10000000;free_order_v1;unordered-final-consolidated;18;0;5;27;4;9;6.906890595608517;4;4;0;0;0;1;3;5;6;2;2;0;4;2;2;3;0;6;2;3;6;2.0;3;3;3;1.0;2;0;0;;0;2;1;72.89613570004929;85.49972219532282;85.49972219532282;85.49972219532282;84.85821902868194;84.85821902868194;1.8333e-05;14.741084732978237;84.85821902868193;84.85821902868194;1.4210854715202004e-14;1.674658610310777e-16;True;optimal;True;False;False;False;0.000236875;0.000236875;0.000212792;0.000212792;5.921875e-05;1.3333333333333333;0.0;0;0;0;0;0;0;0;0;0;16;0;0;0;1;6930d8626dfe635ddb98ac42eb871db4c2ba1cccd5984d6b229136ac0fc9d237;8.123999999999999e-06;1.1959e-05;1.625e-06;0.000196541;5.415e-06;4.575e-05;5.6584e-05;0;0;0;0;7.458e-06;2.125e-06;4.125e-06;1.208e-06;1.2126000000000004e-05
progressive_10s;10.0;10000000;free_order_v1;unordered-final-consolidated;19;0;10;40;4;4;21.791061114716957;4;4;0;0;0;1;3;5;6;2;2;0;4;2;2;3;0;6;2;3;6;2.0;3;3;3;1.0;2;0;0;;0;2;1;130.6008074247629;132.1749905499509;132.1749905499509;132.1749905499509;131.9262516351202;131.9262516351202;2.4292e-05;1.1909841026945973;131.9262516351202;131.9262516351202;0;0;True;optimal;True;False;False;False;0.000522292;0.000522292;0.000491542;0.000491542;0.000130573;1.3333333333333333;0.0;0;0;0;0;0;0;0;0;0;18;0;0;0;1;86b7c2cd4ccf600f22f004cf8102121bbf9348ac723e24d8d2c0a99cd720405f;7.334e-06;1.8375e-05;2.291e-06;0.000473166;4.918e-06;0.000213041;0.00012183200000000001;0;0;0;0;1.2791000000000002e-05;4.291e-06;6.750000000000001e-06;1.75e-06;1.162599999999996e-05
progressive_10s;10.0;10000000;free_order_v1;unordered-final-consolidated;20;0;10;52;4;8;21.791061114716957;7;7;0;0;0;0;6;8;21;6;14;0;15;14;1;6;0;21;14;6;21;3.5;6;15;6;2.5;5;0;0;;0;2;1;110.89942515630999;133.66519693107534;133.66519693107534;133.66519693107534;133.56426211840613;133.56426211840613;2.7125e-05;17.031936732569637;133.56426211840613;133.56426211840613;0;0;True;optimal;True;False;False;False;0.001740167;0.001740167;0.0017035;0.0017035;0.00024859528571428573;1.1666666666666667;0.0;0;0;0;0;0;0;0;0;0;50;0;0;0;1;36ff18df8555f1f9d069269bdbd17cf61d1cb26cfeabf54ce727af368db404db;8.458e-06;2.0125e-05;3.708e-06;0.0016484149999999999;1.0749e-05;0.000771793;0.0005372080000000001;0;0;0;0;3.129e-05;5.542e-06;2.2581e-05;3.167e-06;3.2504000000000074e-05
progressive_10s;10.0;10000000;free_order_v1;unordered-final-consolidated;21;0;16;92;4;10;44.25014046988263;25;25;0;0;0;4;14;26;67;20;42;0;47;42;5;14;0;67;42;14;67;4.785714285714286;9;53;14;3.7857142857142856;8;0;0;;0;2;1;404.5033797139401;738.8628536243248;738.8628536243248;738.8628536243248;695.2866397572574;695.2866397572574;5.1709e-05;45.25325265308168;695.2866397572574;695.2866397572574;0;0;True;optimal;True;False;False;False;0.00591675;0.00591675;0.005847583;0.005847583;0.00023667;1.7857142857142858;0.0;1;0;1;0;0;0;0;0;1;251;0;0;0;12;37666eac043461633d8e0577cc2adfb2fd159c1327c228fbcad227c1083841c4;1.5459000000000002e-05;3.8084e-05;7e-06;0.005642997999999999;8.687199999999999e-05;0.0014205440000000001;0.001371877;0.001432792;0;0;0;0.00013104000000000002;1.2416e-05;0.000112166;6.458e-06;9.241900000000105e-05
progressive_10s;10.0;10000000;free_order_v1;unordered-final-consolidated;22;0;15;64;4;8;40.25014046988262;17;17;0;0;0;2;14;18;79;13;62;0;66;62;4;14;0;79;62;14;79;5.642857142857143;10;65;14;4.642857142857143;9;0;0;;0;3;2;504.0966697965778;607.3442159115817;607.3442159115817;607.3442159115817;606.2500244452898;605.4918195968792;3.7083e-05;16.999840191123983;605.4918195968789;605.4918195968792;2.2737367544323206e-13;3.7551898817495434e-16;True;optimal;True;False;False;False;0.002628583;0.002628583;0.002578959;0.002578959;0.0001546225294117647;1.2142857142857142;0.0;0;0;0;0;0;0;0;0;0;194;0;0;0;2;b97b92ae033c807ab2a33ad90e65cefc3c9825a54d6f2f844b8eecd9f14243f1;9.540999999999999e-06;3.0166e-05;4.333e-06;0.002432626;1.8915e-05;0.000691169;0.000665125;0;0;0;0;7.483800000000002e-05;8.709e-06;6.221200000000002e-05;3.917e-06;8.41210000000002e-05
progressive_10s;10.0;10000000;free_order_v1;unordered-final-consolidated;23;0;20;86;4;10;61.07738392090622;22;22;0;0;0;2;17;23;135;19;113;0;116;113;3;17;0;135;113;17;135;7.9411764705882355;15;118;17;6.9411764705882355;14;0;0;;0;2;1;673.701965115139;1061.950836405351;1061.950836405351;1061.950836405351;1060.1626593350932;1060.1626593350932;5.2083e-05;36.55996661807947;1060.1626593350932;1060.1626593350932;0;0;True;optimal;True;False;False;False;0.008556375;0.008556375;0.008479917;0.008479917;0.00038892613636363636;1.2941176470588236;0.0;0;0;0;0;0;0;0;0;0;382;0;0;0;5;839ef1664ec0971da2fe5a3a38382cbc075119547a5d525ec19b5befc7a6c0f1;1.5083e-05;3.8709e-05;1.0625e-05;0.008164041;4.816600000000001e-05;0.003624625;0.002190499;0;0;0;0;0.000192582;1.3583e-05;0.000168749;1.025e-05;0.00014712699999999966
progressive_10s;10.0;10000000;free_order_v1;unordered-final-consolidated;24;0;20;123;4;34;61.07738392090622;59;59;0;0;0;14;28;60;171;43;112;0;128;112;16;24;4;153;112;28;171;6.107142857142857;12;168;28;6.0;11;2;14;2;12;3;2;233.8043166838457;438.52461686981354;438.52461686981354;438.52461686981354;428.1342110944472;418.2873128531898;6.575e-05;46.683878694715084;418.28731285318975;418.2873128531898;5.684341886080802e-14;1.3589563229415683e-16;True;optimal;True;False;False;False;0.027895209;0.027895209;0.027802084;0.027802084;0.0004728001525423729;2.107142857142857;4.0556534277983;0;0;0;0;0;0;0;0;0;826;0;0;0;25;5f6e52619a40a9ff8094a1e60fd9286b36f6930f1a8d9aa6dde3875d565f4c15;1.9208000000000003e-05;4.8833e-05;1.1125e-05;0.026063750999999996;0.00012196199999999994;0.010278794000000003;0.009721082000000002;0;0;0;0.001131333;0.000394465;1.6459e-05;0.000367506;1.05e-05;0.00023949400000000513
progressive_10s;10.0;10000000;free_order_v1;unordered-final-consolidated;25;0;30;126;4;6;107.70906734197344;2251;2251;0;0;0;514;1659;2252;18951;1735;16700;1;17217;16701;516;1658;0;18951;16700;1658;18951;11.430036188178528;20;17313;1659;10.435804701627486;20;0;0;;0;3;2;325.3464187600656;792.4613912928945;792.4613912928945;792.4613912928945;726.7468024591194;696.572826438736;8.1791e-05;58.944824021109035;696.5728264387359;696.572826438736;1.1368683772161603e-13;1.6320883245309148e-16;True;optimal;True;False;False;False;0.912629125;0.912629125;0.912499875;0.912499875;0.0004054327521101733;1.3568414707655214;0.0;0;0;0;0;0;0;0;0;0;47264;0;0;0;787;5bb2f5fbd1a5d320629ec3a42a42060784c1f62bb84583e713cddbaac6b2eb34;1.7668e-05;6.6e-05;1.7208e-05;0.8735554499999991;0.004961539999999997;0.34462229799999994;0.28073398100000035;0;0;0;0;0.02704652700000003;2.2084e-05;0.02700827600000003;1.6167e-05;0.011936149000000808
progressive_10s;10.0;10000000;free_order_v1;unordered-final-consolidated;26;0;30;149;4;10;107.70906734197344;81;81;0;0;0;2;75;82;755;78;674;0;677;674;3;75;0;755;674;75;755;10.066666666666666;18;680;75;9.066666666666666;17;0;0;;0;2;1;1908.266449765336;3363.795432123436;3363.795432123436;3363.795432123436;3324.3910455742403;3324.3910455742403;9.9791e-05;43.27043697301414;3324.3910455742403;3324.3910455742403;0;0;True;optimal;True;False;False;False;0.0180765;0.0180765;0.017930834;0.017930834;0.00022316666666666665;1.08;0.0;0;0;0;0;0;0;0;0;0;1534;0;0;0;22;ab20865e75deac5ceff9713b61a2a6ef68480b0de7aa9c200ceddb2196c3107d;2.1333e-05;8.0959e-05;2.1208e-05;0.016177748999999998;0.00014437099999999996;0.004741296000000001;0.005711213999999999;0;0;0;0;0.0012692989999999996;2.9541e-05;0.0012196329999999997;2.0125e-05;0.0005334520000000017
progressive_10s;10.0;10000000;free_order_v1;unordered-final-consolidated;27;0;40;160;4;4;159.15903982417854;12775;12775;0;0;0;391;6330;12776;82424;12377;69649;0;70047;69649;398;6330;0;82424;69649;6330;82424;13.021169036334912;31;76094;6330;12.021169036334912;30;0;0;;0;8;7;525.5121176528662;1581.4038540871493;1581.4038540871493;1581.4038540871493;1574.3075382854142;1446.4048736822149;0.000114458;66.7692654033518;1446.4048736822149;1446.4048736822149;0;0;True;optimal;True;False;False;False;4.37523175;4.37523175;4.374653166;4.374653166;0.00034248389432485325;2.0181674565560823;0.0;0;0;0;0;0;0;0;0;0;310436;0;0;0;6597;269c2b45e2bce6a4f49e743af8fff3ac72347b63ef8f50356027e91b75889c21;2.1166e-05;9.625e-05;2.6292e-05;4.180102337999996;0.02779428799999981;1.5240284079999942;1.4879091300000042;0;0;0;0;0.1333179299999988;3.1834e-05;0.1332613879999988;2.4708e-05;0.06128944000000533
progressive_10s;10.0;10000000;free_order_v1;unordered-final-consolidated;28;0;40;160;4;4;159.15903982417854;638;638;0;0;0;25;203;639;2006;608;1368;0;1398;1368;30;203;0;2006;1368;203;2006;9.881773399014778;22;1803;203;8.881773399014778;21;0;0;;0;6;5;265.80727454304184;635.2566030592918;635.2566030592918;635.2566030592918;624.5231988714552;579.3909262351744;0.000111167;58.15749521327957;579.3909262351743;579.3909262351744;1.1368683772161603e-13;1.9621784286533788e-16;True;optimal;True;False;False;False;0.230267792;0.230267792;0.23008475;0.23008475;0.0003609213040752351;3.142857142857143;0.0;0;0;0;0;0;0;0;0;0;13088;0;0;0;409;7111aff4c67774c31582997e8e91028123b5a004c88250b080e8a44ca0093d78;1.7333e-05;9.6792e-05;2.2417e-05;0.22427159300000005;0.0011150850000000005;0.07637085000000002;0.06285893400000005;0;0;0;0;0.004056514999999997;3.3166e-05;0.004002473999999996;2.0875e-05;0.0018106829999999614
progressive_10s;10.0;10000000;free_order_v1;unordered-final-consolidated;29;0;50;287;4;12;214.20813806359016;5703;5703;0;0;0;450;3625;5704;48626;5241;42923;1;43386;42924;462;3623;1;48623;42923;3624;48626;13.417770419426049;37;45065;3625;12.431724137931035;36;1;3;3;3;13;12;263.9517531671271;809.3006724591195;809.3006724591195;809.3006724591195;776.2165942122855;656.1883801661784;0.000203375;67.38520525812856;656.1883801661784;656.1883801661784;0;0;True;optimal;True;False;False;False;2.533597833;2.533597833;2.533137416;2.533137416;0.00044425702840610205;1.5732413793103448;0.0022464891333051594;1;1;0;1;0;0;0;0;0;145634;0;0;0;2846;75294ede59f1b4575461dba993a50860301cd37b64e386c042c34c1fed3d5559;3.1584e-05;0.000176;5.9084e-05;2.3696292899999998;0.01653660900000003;0.7978276660000009;0.777420460000001;0.012719209;0;0;5.6917e-05;0.12874305300000022;7.2458e-05;0.12861330300000023;5.7292e-05;0.034837906000000196
progressive_60s;60.0;10000000;free_order_v1;unordered-final-consolidated;30;0;50;239;4;9;214.20813806359016;24437;24437;0;0;0;1617;11158;24438;170044;22809;145607;2;147237;145609;1628;11155;1;170042;145607;11156;170044;15.242380781642165;36;158991;11158;14.249058971141782;35;1;2;2;2;12;11;824.3541596304345;1962.125606347317;1962.125606347317;1962.125606347317;1919.9931295852411;1808.0113793441076;0.0001915;57.98667746021377;1808.0113793441074;1808.0113793441076;2.2737367544323206e-13;1.2575898472813618e-16;True;optimal;True;False;False;False;13.602360958;13.602360958;13.6011155;13.6011155;0.000556629740066293;2.1900878293601003;0.0001957380787218483;0;0;0;0;0;0;0;0;0;707792;0;0;0;11750;d8252bad050ddc0f9e4b5d41811492fb3663d1a3235bff5e5de72a4a8d85e029;3.8541e-05;0.000158334;4.6625e-05;13.116696121000055;0.07255277099999889;5.000995083999996;4.356081799;0;0;0;2.6625e-05;0.35882045199997975;6.3167e-05;0.3587125759999798;4.4709e-05;0.12568017799996534
progressive_10s;10.0;10000000;free_order_v1;unordered-final-consolidated;31;0;60;326;4;13;272.1329303702744;7967;7967;0;0;0;322;2843;7968;41554;7637;33587;0;33917;33587;330;2840;3;41542;33587;2843;41554;14.616250439676397;36;38769;2843;13.63665142455153;35;1;4;4;4;9;8;764.8728930351762;1770.963313028618;1770.963313028618;1770.963313028618;1770.0111991689166;1706.0650638346704;0.000249416;56.810347938426425;1706.0650638346704;1706.0650638346704;0;0;True;optimal;True;False;False;False;4.302282459;4.302282459;4.301456792;4.301456792;0.00054001286042425;2.8023214913823424;0.0017597170971800204;0;0;0;0;0;0;0;0;0;228434;0;0;0;5058;bc94a424a4c44aa3a7ff216b47b1076496121988fad0f040aeecdb41037543d9;3.6417999999999996e-05;0.000219041;6.0833e-05;4.109316748999998;0.024375091000000005;1.7125725510000034;1.4109810530000026;0;0;0;7.5708e-05;0.15471014699999966;8.7166e-05;0.15456393899999965;5.9042e-05;0.03750039600000232
progressive_10s;10.0;10000000;free_order_v1;unordered-final-consolidated;32;0;60;261;4;8;272.1329303702744;9259;9259;0;0;0;812;4482;9260;63001;8439;53742;0;54562;53742;820;4482;0;63001;53742;4482;63001;14.05644801427934;49;58519;4482;13.05644801427934;48;0;0;;0;9;8;342.3769857919775;960.3122531015831;960.3122531015831;960.3122531015831;959.8222205537767;893.3118384583665;0.000195834;64.34732716507779;893.3118384583661;893.3118384583665;4.547473508864641e-13;5.090577906940589e-16;True;optimal;True;False;False;False;4.082799458;4.082799458;4.082190541;4.082190541;0.0004409546881952695;2.065818830879072;0.0;0;0;0;0;0;0;0;0;0;233946;0;0;0;4714;74b175e45ac93377a2f22aa4f4c2d7260493bbd5d88d17795c79d88b4cc0d851;2.9375000000000003e-05;0.000170834;5.2542e-05;3.912595317999986;0.02207286699999988;1.2753362560000001;1.272536839999999;0;0;0;0;0.1224046799999954;6.337500000000001e-05;0.1222905969999954;5.0708e-05;0.04730462600001878
progressive_10s;10.0;10000000;free_order_v1;unordered-final-consolidated;33;0;5;29;4;8;6.906890595608517;3;3;0;0;0;0;3;4;6;2;3;0;4;3;1;3;0;6;3;3;6;2.0;3;3;3;1.0;2;0;0;;0;2;1;312.0396529289186;403.9345042582244;403.9345042582244;403.9345042582244;394.88409031067596;394.88409031067596;1.8917e-05;22.749938507496225;394.8840903106759;394.88409031067596;5.684341886080802e-14;1.4394963042468063e-16;True;optimal;True;False;False;False;0.000187709;0.000187709;0.000163125;0.000163125;6.256966666666666e-05;1.0;0.0;0;0;0;0;0;0;0;0;0;12;0;0;0;1;1808eee0a5919292d419e25609e9b9503c27f1716aeb4c332d3a8c4417fc7974;7.792e-06;1.275e-05;1.708e-06;0.000146165;3.375e-06;3.4541e-05;4.35e-05;0;0;0;0;9.874e-06;2.417e-06;6.166000000000001e-06;1.291e-06;1.0793999999999999e-05
progressive_10s;10.0;10000000;free_order_v1;unordered-final-consolidated;34;0;5;23;4;5;6.906890595608517;0;0;0;0;0;0;0;1;0;0;0;0;0;0;0;0;0;0;0;0;0;;0;0;0;;0;0;0;;0;1;0;63.48363962470962;63.48363962470962;63.48363962470962;63.48363962470962;;63.48363962470962;7.667e-06;0;63.48363962470962;63.48363962470962;0;0;True;optimal;True;False;False;False;1.2542e-05;1.2542e-05;2.92e-07;2.92e-07;;;0.0;0;0;0;0;0;0;0;0;0;0;0;0;0;1;05a05c55e8aa1a05209795b90fb6cbc35b950befad5149cecf462e3eedddf20d;6.0840000000000005e-06;3.5e-06;1.25e-06;0;0;0;0;0;0;0;0;1.5e-06;7.5e-07;0;7.5e-07;2.92e-07
progressive_10s;10.0;10000000;free_order_v1;unordered-final-consolidated;35;0;10;151;9;21;21.791061114716957;38;38;0;0;0;15;14;39;62;21;24;0;41;24;17;13;1;57;24;14;62;4.428571428571429;7;51;14;3.642857142857143;7;1;5;5;5;3;2;101.52896926493443;151.35285886222476;151.35285886222476;151.35285886222476;151.18890863923463;145.70800528730308;3.9583e-05;32.91902774208223;145.7080052873016;145.70800528730308;1.4779288903810084e-12;1.014308642457131e-14;True;optimal;True;False;False;False;0.018766083;0.018766083;0.018705875;0.018705875;0.0004938442894736842;2.7142857142857144;2.027594144180221;5;0;5;0;0;0;0;0;5;455;0;0;0;10;b9e280a149604de004a2d71b64ab75a3a0ebdedb672bfb51b73b963349852299;1.6333e-05;2.4875e-05;8.334e-06;0.01801217;0.000257708;0.0027532060000000002;0.002402037;0.009589126;0;0;0.0003805;0.000224538;1.125e-05;0.000205371;7.917e-06;0.00010783399999999933
progressive_10s;10.0;10000000;free_order_v1;unordered-final-consolidated;36;0;10;65;4;13;21.791061114716957;6;6;0;0;0;1;5;7;14;4;8;0;10;8;2;5;0;14;8;5;14;2.8;4;9;5;1.8;3;0;0;;0;2;1;139.69829275979;251.7970005414939;251.7970005414939;251.7970005414939;229.94063736387096;229.94063736387096;2.4916e-05;44.51947701546628;229.9406373638709;229.94063736387096;5.684341886080802e-14;2.4720910367337897e-16;True;optimal;True;False;False;False;0.000506292;0.000506292;0.000471292;0.000471292;8.438199999999999e-05;1.2;0.0;0;0;0;0;0;0;0;0;0;34;0;0;0;2;3e44f5a9558e6e8d13f0a28b388ac29f84d9e363cec65b607818558f1aaf6930;1.1292e-05;1.5625e-05;3.208e-06;0.000423958;6.456999999999999e-06;0.00010779100000000001;0.000111834;0;0;0;0;2.75e-05;4.583e-06;2.0334000000000002e-05;2.583e-06;2.7000000000000002e-05
progressive_10s;10.0;10000000;free_order_v1;unordered-final-consolidated;37;0;15;333;7;53;40.25014046988262;59;59;0;0;0;18;18;60;98;37;39;0;61;39;22;14;4;78;39;18;98;5.444444444444445;9;100;18;5.555555555555555;9;2;10;3;7;5;4;191.04702588629848;320.74370113783095;320.74370113783095;320.74370113783095;302.2109481664411;284.42335008503807;8.775e-05;40.436234535997585;284.42335008503653;284.42335008503807;1.5347723092418164e-12;5.396084072502992e-15;True;optimal;True;False;False;False;0.059145417;0.059145417;0.058991667;0.058991667;0.0010024646949152542;3.2777777777777777;1.000359841913026;3;2;1;1;0;1;0;0;1;785;0;0;0;24;ffd1139eda3540c9c24f3aa1cacd4dc485f6d9fefa89bbed799ec2ab8cfd71f3;2.8542000000000002e-05;6.175e-05;3.0541e-05;0.057077911999999995;0.001167086;0.008659163;0.010577085;0.027210168;0;0;0.0005916669999999999;0.001102495;2.7125e-05;0.001045537;2.9833e-05;0.00027655100000000313
progressive_10s;10.0;10000000;free_order_v1;unordered-final-consolidated;38;0;15;111;4;11;40.25014046988262;22;22;0;0;0;5;13;23;56;16;34;1;41;35;6;12;0;56;34;12;56;4.666666666666667;8;52;13;4.0;8;0;0;;0;2;1;152.26138052703973;261.46280078468;261.46280078468;261.46280078468;243.40111616548216;243.40111616548216;4.8292e-05;41.765566623593955;243.40111616548216;243.40111616548216;0;0;True;optimal;True;False;False;False;0.020741667;0.020741667;0.020671;0.020671;0.0009428030454545454;1.6923076923076923;0.0;7;0;7;0;0;0;0;0;7;211;0;0;0;7;7098e0ee285ffc700e2539c594302cde6777444b3fbd6d6e5ce16b00b54b2f61;1.7292e-05;3.2875e-05;9.917e-06;0.020369041;0.00021266700000000004;0.001332419;0.0015638749999999997;0.015994710000000002;0;0;0;0.00019562799999999996;1.3459e-05;0.00017316899999999995;9e-06;0.00012878999999999753
progressive_10s;10.0;10000000;free_order_v1;unordered-final-consolidated;39;0;20;117;4;10;61.07738392090622;10;10;0;0;0;0;8;11;26;9;16;0;17;16;1;8;0;26;16;8;26;3.25;5;18;8;2.25;4;0;0;;0;2;1;185.2190681328464;332.32790637595684;332.32790637595684;332.32790637595684;303.11542299330836;303.11542299330836;5.4167e-05;44.266170676828075;303.11542299330836;303.11542299330836;0;0;True;optimal;True;False;False;False;0.000868791;0.000868791;0.000797291;0.000797291;8.68791e-05;1.25;0.0;0;0;0;0;0;0;0;0;0;56;0;0;0;4;caa1b1b8edf6c0adc4e914018379fdf751dbdcf8184ee26eba707e24cd7a2092;1.8916e-05;3.775e-05;7e-06;0.000710457;9.291999999999998e-06;0.000160252;0.000254372;0;0;0;0;7.108499999999999e-05;1.45e-05;5.033499999999999e-05;6.25e-06;3.649900000000005e-05
progressive_10s;10.0;10000000;free_order_v1;unordered-final-consolidated;40;0;20;159;4;17;61.07738392090622;158;158;0;0;0;41;80;159;760;115;602;0;645;602;43;77;3;748;602;80;760;9.5;14;709;80;8.8625;14;1;4;4;4;3;2;259.72873175680814;421.2217992735849;421.2217992735849;421.2217992735849;408.6715154325016;407.470222819802;6.4667e-05;38.33919986935113;407.4702228198019;407.470222819802;1.1368683772161603e-13;2.790064926336775e-16;True;optimal;True;False;False;False;0.092717417;0.092717417;0.092620834;0.092620834;0.0005868190949367088;1.975;0.055499820492195116;7;0;7;0;0;0;0;7;0;3528;0;0;0;46;5e2a0ee1877af92da8eb3883078881579c5168d9d1d82592af0450994148b5f8;1.925e-05;4.7709e-05;1.2625e-05;0.090111456;0.0017474160000000003;0.028890545000000004;0.022304245;0.023404501;0;0;5.1458e-05;0.0016735509999999995;2.0291e-05;0.0016415509999999996;1.1709e-05;0.0008163689999999932
progressive_10s;10.0;10000000;free_order_v1;unordered-final-consolidated;41;0;30;417;4;85;107.70906734197344;2736;2736;0;0;0;485;1218;2737;13858;2245;11122;0;11613;11122;491;1199;19;13768;11122;1218;13858;11.377668308702791;23;12973;1218;10.651067323481117;23;7;35;2;10;7;6;480.9505988144728;927.9151024294788;927.9151024294788;927.9151024294788;925.5687794148598;893.6666819322833;0.000191916;48.168685092500155;893.6666819322833;893.6666819322833;0;0;True;optimal;True;False;False;False;1.840424;1.840424;1.840057083;1.840057083;0.0006726695906432748;2.2463054187192117;0.11384604851925428;1;0;1;0;0;0;0;1;0;61686;0;0;0;1184;d89b9a9ec309b69d9e6365adcdae22461353f3ae3fd604cd6949de61dd614b58;4.0958e-05;0.000155333;5.3417e-05;1.7730167929999994;0.015472671999999984;0.607103152;0.5239668839999994;0.008958417;0;0;0.0020952500000000003;0.0511853640000001;7.3958e-05;0.0510593230000001;5.2083e-05;0.01388571700000056
progressive_10s;10.0;10000000;free_order_v1;unordered-final-consolidated;42;0;30;329;4;33;107.70906734197344;85;85;0;0;0;21;40;86;285;63;200;0;222;200;22;39;1;282;200;40;285;7.125;14;257;40;6.425;14;1;3;3;3;2;1;171.0691558990106;353.3607643793296;353.3607643793296;353.3607643793296;319.6685383621062;319.6685383621062;0.000113167;51.58795963114643;319.668538362105;319.6685383621062;1.1937117960769683e-12;3.734217330842816e-15;True;optimal;True;False;False;False;0.132894291;0.132894291;0.132720125;0.132720125;0.0015634622470588235;2.125;0.08637842840066019;26;9;17;7;0;2;0;3;14;1170;0;0;0;34;758448849786512ae26adeeed05667ca45346b37115d02a736e9d312d321e5e3;3.1791e-05;8.4583e-05;2.9125e-05;0.13095750400000003;0.0010802020000000006;0.01136125;0.010111168;0.09861458600000002;0;0;0.000114792;0.0012654609999999994;4.3834e-05;0.0011937519999999995;2.7875e-05;0.00045407699999996465
progressive_10s;10.0;10000000;free_order_v1;unordered-final-consolidated;43;0;40;834;12;37;159.15903982417854;70;70;0;0;0;10;25;71;206;58;136;0;148;136;12;25;0;206;136;25;206;8.24;15;181;25;7.24;14;0;0;;0;3;2;174.7187934940028;374.23379819611125;374.23379819611125;374.23379819611125;340.0977545871793;335.8992059975643;0.0002985;53.31293048992753;335.89920599756425;335.8992059975643;5.684341886080802e-14;1.6922760710908082e-16;True;optimal;True;False;False;False;0.036975875;0.036975875;0.036508666;0.036508666;0.0005282267857142856;2.8;0.0;2;2;0;2;0;0;0;0;0;1277;0;0;0;40;18237012a571266a2eb0d4d2c19f456b06a872292b94c32593f11232844e7457;5.5667e-05;0.000248458;8.1542e-05;0.03366766100000001;0.0008522920000000002;0.005384917999999999;0.008356254000000002;0.010211042;0;0;0;0.0027504170000000002;0.000165125;0.0025051670000000004;8.0125e-05;0.00033583799999999326
progressive_10s;10.0;10000000;free_order_v1;unordered-final-consolidated;44;0;40;561;4;41;159.15903982417854;828;828;0;0;0;37;254;829;2796;788;1968;0;2008;1968;40;253;1;2792;1968;254;2796;11.007874015748031;25;2560;254;10.078740157480315;24;1;4;4;4;4;3;305.85158574053526;716.9771639113992;716.9771639113992;716.9771639113992;682.2494009572687;625.9958795244593;0.000257916;57.34151641985476;625.9958795244592;625.9958795244593;1.1368683772161603e-13;1.8160956236321999e-16;True;optimal;True;False;False;False;0.360717625;0.360717625;0.360287666;0.360287666;0.00043564930555555555;3.2598425196850394;0.019417127178080085;0;0;0;0;0;0;0;0;0;18307;0;0;0;536;c8c02ddee51891aa836a5f0a9dd22b85819254cc2ef3328553f76b6d20fb7e53;4.2958e-05;0.000218625;7.1084e-05;0.3426740829999998;0.0044061090000000035;0.10665205300000002;0.11601706300000011;0;0;0;7.0041e-05;0.014463460999999999;0.000109417;0.014284459999999999;6.9584e-05;0.0032590820000002116
progressive_10s;10.0;10000000;free_order_v1;unordered-final-consolidated;45;0;50;1118;9;37;214.20813806359016;3061;3061;0;0;0;233;1017;3062;11359;2825;8298;2;8536;8300;236;1009;6;11311;8298;1015;11359;11.191133004926108;26;10483;1017;10.307767944936087;25;1;8;8;8;4;3;439.8481766473518;931.6293868996105;931.6293868996105;931.6293868996105;875.1007391222382;843.0739866441526;0.000592709;52.78721529908669;843.0739866322767;843.0739866441526;1.1875840755237732e-08;1.4086356527864649e-11;True;optimal;True;False;False;False;2.969016958;2.969016958;2.96796125;2.96796125;0.000969950002613525;3.009832841691249;0.023986626215827762;141;68;73;23;0;45;0;33;40;70348;0;0;0;1815;ced5473aeb410d4a9b30c95a5431fcefa3985a913d4bba304e7d4982952f4e3b;7.5083e-05;0.000526042;0.000171459;2.8315409380000074;0.05092445199999994;0.5819039529999996;0.6254621270000009;1.100644496;0;0;0.000712167;0.12219455900000022;0.000329917;0.12169514200000021;0.0001695;0.014013002999992488
progressive_10s;10.0;10000000;free_order_v1;unordered-final-consolidated;46;0;50;365;4;19;214.20813806359016;3801;3801;0;0;0;317;1313;3802;16176;3474;12375;1;12703;12376;327;1312;0;16176;12375;1312;16176;12.329268292682928;24;14888;1313;11.33891850723534;24;0;0;;0;11;10;285.7245969460802;762.3792079669167;762.3792079669167;762.3792079669167;736.0629373691658;629.8860688305601;0.000203416;62.52198460290655;629.8860688237027;629.8860688305601;6.857476364530157e-09;1.0886851930638307e-11;True;optimal;True;False;False;False;2.280657541;2.280657541;2.280222542;2.280222542;0.0006000151383846356;2.894897182025895;0.0;111;6;105;5;0;1;0;38;67;98737;0;0;0;2176;d3b20c144c26a16d0793242f6cea62beccf30995000eadfefb0911b75c9b31d5;3.7833e-05;0.000169958;5.275e-05;2.1974895600000077;0.039584283999999935;0.6355082070000009;0.541348106000001;0.579488045;0;0;0;0.06661224499999971;7.550100000000001e-05;0.0664861599999997;5.0584e-05;0.016246821999992764
progressive_10s;10.0;10000000;free_order_v1;unordered-final-consolidated;47;0;60;871;4;223;272.1329303702744;6724;6724;0;0;0;1629;2074;6725;30320;5072;23596;2;25250;23598;1652;2023;49;28703;23596;2072;30320;14.633204633204633;39;27720;2074;13.365477338476374;39;1;33;33;33;24;23;898.5548765100548;2733.726393780854;2733.726393780854;2733.726393780854;2474.5108534174146;2092.3604271486015;0.000363875;67.13076778443371;2092.360427148601;2092.3604271486015;4.547473508864641e-13;2.173370060846441e-16;True;optimal;True;False;False;False;5.532349917;5.532349917;5.531541834;5.531541834;0.0008227766087150506;3.2420443587270973;0.42857314442715494;25;0;25;0;0;0;0;1;24;212421;0;0;0;3000;ebed9093f90209df0c0d78fde53eca2b658f282472bebf09019855a2f7f2223f;6.575e-05;0.000304;9.9334e-05;5.283643442000016;0.06866179799999973;1.6853862779999957;1.7126215880000024;0.29921066399999996;0;0;0.023710166;0.18883658400000028;0.000127;0.1886120840000003;9.75e-05;0.03557614199998435
progressive_10s;10.0;10000000;free_order_v1;unordered-final-consolidated;48;0;60;972;5;71;272.1329303702744;1968;1968;0;0;0;239;871;1969;9856;1727;7888;1;8130;7889;241;855;15;9785;7888;870;9856;11.328735632183909;26;9333;871;10.715269804822043;26;3;15;3;8;3;2;416.64125623850555;1017.3524667215243;1017.3524667215243;1017.3524667215243;892.1178691324836;875.3052263175877;0.000687416;59.046518304402845;875.3052263175871;875.3052263175877;5.684341886080801e-13;6.494125380691315e-16;True;optimal;True;False;False;False;2.473421125;2.473421125;2.472404209;2.472404209;0.0012568196773373986;2.25947187141217;0.07098128103842406;117;31;86;6;0;25;0;35;51;47019;0;0;0;864;878cae3c58f83039fdd12bbf1a12c5936df5652051ba453b98f6df7c4da86130;7.754100000000001e-05;0.000617208;0.000128584;2.384617688000003;0.028591623999999937;0.41430045399999926;0.4186967710000002;1.1970857100000005;0;0;0.0017556660000000001;0.07556265499999984;0.000352334;0.07508377899999985;0.000126542;0.010947075999996989
progressive_60s;60.0;10000000;free_order_v1;unordered-final-consolidated;49;0;52;296;3;9;225.5810031237028;8238;8238;0;0;0;3622;2844;8239;37511;4608;29273;0;32903;29273;3630;2844;0;37511;29273;2844;37511;13.189521800281295;30;34667;2844;12.189521800281295;29;0;0;;0;9;8;2117.605735258573;5662.360805646225;5662.360805646225;5662.360805646225;5028.975346963025;4678.993855997686;0.000193709;62.60206991495489;4678.993855997685;4678.993855997686;9.094947017729282e-13;1.9437826373871133e-16;True;optimal;True;False;False;False;19.846400375;19.846400375;19.84596675;19.84596675;0.0024091284747511533;2.8966244725738397;0.0;2472;16;2456;15;0;1;0;660;1796;249086;0;0;0;1847;80f42c4634453d30ff28a202aa1c1bd89a1672972f2be026fcddc4ab26afd17c;3.6e-05;0.000162833;5.1625e-05;19.69198744699992;0.19021766199999984;2.3580220660000046;2.0091589619999954;14.153413532000002;0;0;0;0.11476955100000022;8.020799999999999e-05;0.11463996800000022;4.9375e-05;0.03933933500007779
progressive_10s;10.0;10000000;free_order_v1;unordered-final-consolidated;50;0;5;41;4;15;6.906890595608517;1;1;0;0;0;0;2;2;3;1;2;0;2;2;0;2;0;3;2;2;3;1.5;2;1;2;0.5;1;0;0;;0;1;0;239.42085331065047;308.3598775435493;308.3598775435493;308.3598775435493;;308.3598775435493;2.1666e-05;22.35667778249219;308.359877542831;308.3598775435493;7.183302841440309e-10;2.3295192937109074e-12;True;optimal;True;False;False;False;9.5875e-05;9.5875e-05;6.6583e-05;6.6583e-05;9.5875e-05;0.5;0.0;0;0;0;0;0;0;0;0;0;2;0;0;0;1;0f41a66c0f9c5c2cedee205e6628fe965b9de3455451563f5d3425111673870a;8.042e-06;1.4875e-05;3e-06;5.6667e-05;2e-06;8.25e-06;1.5541e-05;0;0;0;0;8.46e-06;2.959e-06;3.167e-06;2.334e-06;6.7489999999999976e-06
progressive_10s;10.0;10000000;free_order_v1;unordered-final-consolidated;51;0;5;111;9;41;6.906890595608517;0;0;0;0;0;0;0;1;0;0;0;0;0;0;0;0;0;0;0;0;0;;0;0;0;;0;0;0;;0;1;0;150.81473203901533;150.81473203901533;150.81473203901533;150.81473203901533;;150.81473203901533;1.5375e-05;0;150.81473203901533;150.81473203901533;0;0;True;optimal;True;False;False;False;2.2625e-05;2.2625e-05;2.08e-07;2.08e-07;;;0.0;0;0;0;0;0;0;0;0;0;0;0;0;0;1;bf083c10f8010dc9de639ad5e4f28efaf663cf32c0a0002a69229378bc2dd93b;1.3041e-05;4.667e-06;2.083e-06;0;0;0;0;0;0;0;0;3.5830000000000003e-06;1.958e-06;0;1.625e-06;2.08e-07
progressive_10s;10.0;10000000;free_order_v1;unordered-final-consolidated;52;0;10;97;4;20;21.791061114716957;1;1;0;0;0;0;1;2;1;0;0;0;1;0;1;1;0;1;0;1;1;1.0;1;0;1;0.0;0;0;0;;0;2;1;195.35823120616138;221.87146189656661;221.87146189656661;221.87146189656661;220.56149391099655;220.56149391099655;3.8667e-05;11.949815656222311;220.56149391099655;220.56149391099655;0;0;True;optimal;True;False;False;False;0.000109291;0.000109291;6.3542e-05;6.3542e-05;0.000109291;1.0;0.0;0;0;0;0;0;0;0;0;0;2;0;0;0;1;8909424463f6c4c7b0e43f8224c808f4511dfcfab2fc8e2d87642d3949877c4e;1.4207999999999998e-05;2.6333e-05;2.5e-06;5.4917e-05;1.917e-06;8.25e-06;1.3041e-05;0;0;0;0;1.4915999999999999e-05;8.333e-06;4.666e-06;1.917e-06;3.958999999999993e-06
progressive_10s;10.0;10000000;free_order_v1;unordered-final-consolidated;53;0;10;163;7;28;21.791061114716957;20;20;0;0;0;2;9;21;35;15;15;0;20;15;5;9;0;35;15;9;35;3.888888888888889;6;26;9;2.888888888888889;5;0;0;;0;4;3;195.86803925092016;332.3427282010415;332.3427282010415;332.3427282010415;299.4321728463561;294.86090559549393;4.5333e-05;41.0644426279021;294.86090559549393;294.86090559549393;0;0;True;optimal;True;False;False;False;0.012667583;0.012667583;0.01260325;0.01260325;0.0006333791499999999;2.2222222222222223;0.0;3;0;3;0;0;0;0;0;3;170;0;0;0;8;ed46275753b7dbe1888cc4ba1cf3bd998345d36d437a92940a49370b2a7f63d4;2.0041e-05;2.7042e-05;8.666e-06;0.012373458999999998;0.000156334;0.0013847539999999998;0.001286331;0.008455458999999999;0;0;0;0.000135838;1.0834e-05;0.00011687899999999999;8.125e-06;0.00011291200000000177
progressive_10s;10.0;10000000;free_order_v1;unordered-final-consolidated;54;0;15;136;4;12;40.25014046988262;38;38;0;0;0;12;18;39;86;24;48;0;62;48;14;15;3;74;48;18;86;4.777777777777778;7;80;18;4.444444444444445;7;1;4;4;4;3;2;150.6431047210592;305.0294861686059;305.0294861686059;305.0294861686059;279.61085757758286;278.53399077892186;5.1959e-05;50.613592602719464;278.5339907789218;278.53399077892186;5.684341886080802e-14;2.040807253069727e-16;True;optimal;True;False;False;False;0.014712584;0.014712584;0.014641;0.014641;0.00038717326315789477;2.111111111111111;0.33758175994101375;1;0;1;0;0;0;0;0;1;541;0;0;0;11;8e8dabe0e3b8ec491e120552213400bf8ec0253974c4dcf9bc2ad3cd58704aaf;1.7e-05;3.7e-05;7.583e-06;0.014202919;0.000242877;0.004786415999999999;0.004188707999999999;0.003017625;0;0;4.9667e-05;0.0002922510000000001;1.475e-05;0.0002704590000000001;7.042e-06;0.00011795499999999983
progressive_10s;10.0;10000000;free_order_v1;unordered-final-consolidated;55;0;15;190;4;41;40.25014046988262;19;19;0;0;0;3;9;20;40;15;21;0;25;21;4;9;0;40;21;9;40;4.444444444444445;8;31;9;3.4444444444444446;7;0;0;;0;2;1;238.11578906070048;388.73212395060176;388.73212395060176;388.73212395060176;360.2297978258068;360.2297978258068;6.2291e-05;38.74553339179164;360.22979782580677;360.2297978258068;5.684341886080802e-14;1.5779765917170263e-16;True;optimal;True;False;False;False;0.002905083;0.002905083;0.002817958;0.002817958;0.0001528991052631579;2.111111111111111;0.0;0;0;0;0;0;0;0;0;0;202;0;0;0;9;09cbbf213757dc397e8a6a34558fe141b1d640e6aad60f090f5846a115f4be32;2.0375e-05;4.425e-05;1.0417e-05;0.002652207;2.4291000000000002e-05;0.0008558340000000001;0.0008924180000000002;0;0;0;0;0.000125086;1.8709e-05;9.646000000000001e-05;9.917e-06;6.9291e-05
progressive_10s;10.0;10000000;free_order_v1;unordered-final-consolidated;56;0;20;220;4;71;61.07738392090622;147;147;0;0;0;12;87;148;650;133;503;1;518;504;14;86;0;650;503;86;650;7.558139534883721;15;579;87;6.655172413793103;15;0;0;;0;3;2;252.20608180612933;651.6331371522523;651.6331371522523;651.6331371522523;642.3583304287018;518.7899249687771;9.3375e-05;61.29630808704529;518.7899249687771;518.7899249687771;0;0;True;optimal;True;False;False;False;0.047997333;0.047997333;0.047840625;0.047840625;0.0003265124693877551;1.6896551724137931;0.0;0;0;0;0;0;0;0;0;0;2288;0;0;0;81;d3bed28246155965dc6898b3fbe894cb953498f8aeaed61d08647c6c4faa881f;2.6209e-05;7.0166e-05;2.7542e-05;0.04517021400000002;0.0002916689999999999;0.011166877999999991;0.016358921;0;0;0;0;0.0019742100000000005;2.9584e-05;0.0019177930000000005;2.6833e-05;0.0007526179999999762
progressive_10s;10.0;10000000;free_order_v1;unordered-final-consolidated;57;0;20;209;4;33;61.07738392090622;91;91;0;0;0;4;50;92;373;82;282;0;291;282;9;50;0;373;282;50;373;7.46;14;323;50;6.46;13;0;0;;0;6;5;384.3611908088536;729.184461618327;729.184461618327;729.184461618327;699.371946146549;658.0555159111185;8.5291e-05;47.28889450608758;658.0555159111185;658.0555159111185;0;0;True;optimal;True;False;False;False;0.025013125;0.025013125;0.024879084;0.024879084;0.0002748695054945055;1.82;0.0;0;0;0;0;0;0;0;0;0;1356;0;0;0;37;0a99096afa84d874d8bd08550026f128bfdc58cfd684c21bcb103ccaf2258ae5;2.2875e-05;6.5209e-05;2.1459e-05;0.023642954999999986;0.00029183599999999996;0.007451456000000001;0.008599377;0;0;0;0;0.0008961669999999998;2.7042e-05;0.0008483749999999997;2.075e-05;0.00038775400000001315
progressive_10s;10.0;10000000;free_order_v1;unordered-final-consolidated;58;0;30;196;4;17;107.70906734197344;3350;3350;0;0;0;67;1263;3351;13424;3280;10074;0;10144;10074;70;1261;2;13412;10074;1263;13424;10.628661916072842;25;12197;1263;9.65716547901821;25;1;6;6;6;4;3;345.70816608810384;1012.149056007129;1012.149056007129;1012.149056007129;990.7556263601892;954.6083347980634;0.000105583;65.844144789118;954.6083347980634;954.6083347980634;0;0;True;optimal;True;False;False;False;1.078936791;1.078936791;1.078655667;1.078655667;0.00032207068388059705;2.6524148851939824;0.025978537606472257;0;0;0;0;0;0;0;0;0;71466;0;0;0;2021;4822b4d7bda471ae41236af37d0385c3532340d7e2d98a802a3bb7760d6b7c8e;2.45e-05;8.3709e-05;2.3958e-05;1.0307416860000003;0.01156440899999999;0.38479017600000004;0.3528884239999996;0;0;0;0.000280292;0.03448821599999985;2.7834e-05;0.03443763199999985;2.275e-05;0.01319605699999992
progressive_10s;10.0;10000000;free_order_v1;unordered-final-consolidated;59;0;30;405;4;32;107.70906734197344;868;868;0;0;0;20;305;869;2863;844;1995;1;2020;1996;24;302;2;2851;1995;304;2863;9.417763157894736;26;2624;305;8.60327868852459;26;2;12;5;7;5;4;397.8708333115158;1143.1719333599133;1143.1719333599133;1143.1719333599133;1048.4095401899958;1009.189503488348;0.000209792;65.19588858850587;1009.189503488348;1009.189503488348;0;0;True;optimal;True;False;False;False;0.267498959;0.267498959;0.267143167;0.267143167;0.00030817852419354837;2.8459016393442624;0.18232183101691996;0;0;0;0;0;0;0;0;0;17450;0;0;0;541;0e17f722e9f13c85ae18bdbdb9179b47e085d52fddd37d227f9a86b5380a9e88;7.8542e-05;0.00014125;5.1292e-05;0.24980730100000037;0.0019440089999999994;0.0720125879999999;0.09288802199999996;0;0;0;0.000487709;0.013856788999999994;6.566599999999999e-05;0.013741080999999994;5.0042e-05;0.0031070759999996516
progressive_10s;10.0;10000000;free_order_v1;unordered-final-consolidated;60;0;40;343;4;19;159.15903982417854;4190;4190;0;0;0;108;815;4191;9125;4077;4935;0;5048;4935;113;813;2;9119;4935;815;9125;11.196319018404909;28;8355;815;10.251533742331288;27;2;6;3;3;6;5;323.5773422228447;901.2826911105275;901.2826911105275;901.2826911105275;896.1456909130939;819.5873312947814;0.0001675;64.09812976390964;819.5873312870156;819.5873312947814;7.76583419792587e-09;9.475297996196976e-12;True;optimal;True;False;False;False;2.180163292;2.180163292;2.179717208;2.179717208;0.000520325368019093;5.141104294478527;0.009622765449258835;50;0;50;0;0;0;0;20;30;100013;0;0;0;3266;8402aefe0df13bb7fa40b5a6ae54288fc2f587c2b4726cfeef0b51e9e8605462;3.8417e-05;0.000133125;3.8542e-05;2.1342094350000043;0.033274771999999994;0.7091626660000023;0.5767657989999996;0.390270123;0;0;0.00020979199999999999;0.03159205099999988;6.3042e-05;0.03149246799999988;3.6541e-05;0.013805512999995877
progressive_10s;10.0;10000000;free_order_v1;unordered-final-consolidated;61;0;40;188;4;10;159.15903982417854;756;756;0;0;0;21;187;757;1734;730;978;1;1005;979;26;186;0;1734;978;186;1734;9.32258064516129;20;1568;187;8.385026737967914;20;0;0;;0;6;5;358.306549479632;958.0845877218368;958.0845877218368;958.0845877218368;936.7117906724768;748.3104617099394;0.000117041;62.60178338411387;748.310461704923;748.3104617099394;5.016431714466307e-09;6.703677111507202e-12;True;optimal;True;False;False;False;0.241692584;0.241692584;0.241486292;0.241486292;0.00031969918518518517;4.042780748663102;0.0;11;10;1;0;0;10;0;1;0;15840;0;0;0;571;e9cec8d085ceb2e167476579a5ac6f7750f7e1844440e54d6a87d93c61c64cc2;2.6375e-05;9.4333e-05;2.2667e-05;0.23043434600000004;0.005127037;0.06948453799999992;0.064076615;0.037818665;0;0;0;0.008552603;3.9793e-05;0.008491476000000001;2.1334e-05;0.00256046999999995
progressive_60s;60.0;10000000;free_order_v1;unordered-final-consolidated;62;0;50;442;4;27;214.20813806359016;31464;31464;0;0;0;2147;16567;31465;221482;29310;190018;1;192173;190019;2154;16559;7;221462;190018;16566;221482;13.36967282385609;32;205139;16567;12.382386672300356;32;5;16;2;6;8;7;456.0783415160163;1338.0172917703455;1338.0172917703455;1338.0172917703455;1320.3019110734474;1273.2273228662698;0.000223917;65.91386790580457;1273.2273228521312;1273.2273228662698;1.4138549886411056e-08;1.1104497706334616e-11;True;optimal;True;False;False;False;17.695500333;17.695500333;17.694159042;17.694159042;0.0005624046635202136;1.8991971992515242;0.0022762396791281506;403;22;381;14;0;8;0;54;327;804006;0;0;0;14316;2dc3a1281cce1748ea6e14cec8fc47d5af8c2a00a281827d1d8367adc37e9be6;4.4458e-05;0.000183375;6.0125e-05;16.71809633700007;0.2291237189999992;5.109071030000019;5.221462594000001;2.4770115;0;0;0.000402792;0.8079808230000041;8.9959e-05;0.8078325310000041;5.8333e-05;0.1678273819999252
progressive_60s;60.0;10000000;free_order_v1;unordered-final-consolidated;63;0;50;478;4;24;214.20813806359016;115800;115800;0;0;0;2417;83927;115801;1277238;113380;1161438;0;1163858;1161438;2420;83926;1;1277234;1161438;83927;1277238;15.21843983461818;37;1193345;83927;14.218844948586272;37;1;4;4;4;4;3;517.9562735405374;1749.73905397115;1749.73905397115;1749.73905397115;1708.114987005627;1686.0689760498174;0.000271959;70.39808465353728;1686.0689760301348;1686.0689760498174;1.9682602214743383e-08;1.167366370790861e-11;True;optimal;True;False;False;False;54.572437167;54.572437167;54.567990709;54.567990709;0.00047126456966321243;1.379770514852193;0.0002992206477792104;0;0;0;0;0;0;0;0;0;3323753;0;0;0;44478;6d825400ea20834886bd0b9e694daf0ed0d70a242ef15999f1908dc2400c68ae;4.5083e-05;0.000231208;9.4167e-05;49.243322389999626;0.36905636000001746;14.673452997000192;18.30501583600022;0;0;0;0.000163292;4.379661093000135;0.000105167;4.379463342000135;9.2584e-05;0.9450416850002386
progressive_3600s;3600.0;10000000;free_order_v1;unordered-final-consolidated;64;0;60;445;4;22;272.1329303702744;1693568;1693568;0;0;0;75843;1202397;1693569;21130690;1617708;19437122;0;19512982;19437122;75860;1202385;12;21130656;19437122;1202397;21130690;17.573804658527923;48;19928798;1202397;16.574224652922453;48;3;8;2;3;18;17;408.6714200919854;1495.0285724457376;1495.0285724457376;1495.0285724457376;1494.3554479987697;1390.9047901463528;0.000305042;72.66464149086902;1390.9047901463525;1390.9047901463528;2.2737367544323206e-13;1.634717753896782e-16;True;optimal;True;False;False;False;1128.389667167;1128.389667167;1128.314997583;1128.314997583;0.0006662795158901208;1.4084932014966771;1.858489191296035e-05;33253;7301;25952;0;0;7301;0;12022;13930;55118501;0;0;0;719672;9b7dfd3ee986f89be891b041c1a77a35b680b9d4ae1f7d6abef41d1a15f3cf90;7.3417e-05;0.000236583;8.5667e-05;1053.5791986420472;11.789640006004596;268.5079602300016;290.52818846400584;248.22827357699714;0;0;0.00020971;59.249265427964765;9.7791e-05;59.24908413696476;8.35e-05;15.486505093987937
progressive_3600s;3600.0;10000000;free_order_v1;unordered-final-consolidated;65;0;60;462;4;18;272.1329303702744;1801522;1801522;0;0;0;78012;1452708;1801523;27934903;1723500;26133381;1;26211404;26133382;78022;1452684;23;27934829;26133381;1452707;27934903;19.22955076281728;49;26483247;1452708;18.230261690580626;49;3;10;2;6;11;10;593.0480649154839;2047.11459426821;2047.11459426821;2047.11459426821;2029.5379547774592;1872.6405816601928;0.000333708;71.03005046341907;1872.6405816601925;1872.6405816601928;2.2737367544323206e-13;1.2141874830121086e-16;True;optimal;True;False;False;False;1084.895117209;1084.895117209;1084.839525167;1084.839525167;0.000602210307289614;1.2401129476811583;3.482659235963843e-05;2;0;2;0;0;0;0;0;2;63950627;0;0;0;710639;6e00d79bdc460994cda28856fd98456e01a4287ec2c26de4a354edaab8970891;8.525e-05;0.000264583;8.875e-05;993.7081089550129;8.043586653002219;323.83770320998366;367.5628002450177;0.025122958;0;0;0.000377832;72.6506003617429;0.000106209;72.65040765274291;8.65e-05;18.480630727244105
progressive_10s;10.0;10000000;free_order_v1;unordered-final-consolidated;66;0;5;26;4;9;6.906890595608517;2;2;0;0;0;0;2;3;3;1;1;0;2;1;1;2;0;3;1;2;3;1.5;2;1;2;0.5;1;0;0;;0;2;1;132.30893922936576;161.70592298336805;161.70592298336805;161.70592298336805;161.39223197716115;161.39223197716115;3.0708e-05;18.179286949820543;161.39223197716112;161.39223197716115;2.842170943040401e-14;1.7610332964740216e-16;True;optimal;True;False;False;False;0.000230416;0.000230416;0.0001905;0.0001905;0.000115208;1.0;0.0;0;0;0;0;0;0;0;0;0;6;0;0;0;1;b01e609357291e7927cde1fd36426ab1ee4e52e9b546eb612bd74279bfabcebc;1.3958000000000001e-05;1.95e-05;2.709e-06;0.00017095800000000003;4.459e-06;3.5623999999999996e-05;4.5125e-05;0;0;0;0;1.0626e-05;3.417e-06;5.209e-06;2e-06;1.433299999999997e-05
progressive_10s;10.0;10000000;free_order_v1;unordered-final-consolidated;67;0;5;23;4;5;6.906890595608517;1;1;0;0;0;0;1;2;1;0;0;0;1;0;1;1;0;1;0;1;1;1.0;1;0;1;0.0;0;0;0;;0;2;1;76.64449947647907;93.04205691084384;93.04205691084384;93.04205691084384;80.26442828720062;80.26442828720062;1.6583e-05;17.6238122616716;80.2644282872006;80.26442828720062;1.4210854715202004e-14;1.770504695349352e-16;True;optimal;True;False;False;False;7.4375e-05;7.4375e-05;5.2875e-05;5.2875e-05;7.4375e-05;1.0;0.0;0;0;0;0;0;0;0;0;0;2;0;0;0;1;5bfb30291b7c8a23e1d3a07fc70bd5437f94f64a2223106860ac058bf74cde30;7.666e-06;1.0625e-05;1.459e-06;4.7375e-05;1.584e-06;7.875e-06;1.15e-05;0;0;0;0;4.915e-06;2.082e-06;1.8750000000000003e-06;9.58e-07;3.624999999999998e-06
progressive_10s;10.0;10000000;free_order_v1;unordered-final-consolidated;68;0;10;48;4;8;21.791061114716957;28;28;0;0;0;0;17;29;80;26;52;0;54;52;2;17;0;80;52;17;80;4.705882352941177;8;63;17;3.7058823529411766;7;0;0;;0;3;2;249.24726718662333;494.0459763685139;494.0459763685139;494.0459763685139;483.6999405849677;473.08533618242933;2.7917e-05;49.549782994142376;473.08533618242933;473.08533618242933;0;0;True;optimal;True;False;False;False;0.003022125;0.003022125;0.002983833;0.002983833;0.00010793303571428572;1.6470588235294117;0.0;0;0;0;0;0;0;0;0;0;244;0;0;0;12;c5e96024202d34a11260864d4ffca7cbf8477dffb0604937e60d3d8331877675;8.958e-06;2.0541e-05;3.667e-06;0.002775707;2.7e-05;0.0008636689999999999;0.0008789169999999998;0;0;0;0;9.7372e-05;5.958e-06;8.8247e-05;3.167e-06;0.00011987899999999989
progressive_10s;10.0;10000000;free_order_v1;unordered-final-consolidated;69;0;6;26;4;5;9.491853096329676;2;2;0;0;0;0;2;3;3;1;1;0;2;1;1;2;0;3;1;2;3;1.5;2;1;2;0.5;1;0;0;;0;2;1;131.10441678295967;150.44602061487157;150.44602061487157;150.44602061487157;141.42767447830292;141.42767447830292;1.65e-05;12.856175093806344;141.4276744783029;141.42767447830292;2.842170943040401e-14;2.0096285635216547e-16;True;optimal;True;False;False;False;0.000115875;0.000115875;9.4791e-05;9.4791e-05;5.79375e-05;1.0;0.0;0;0;0;0;0;0;0;0;0;6;0;0;0;1;6fd9c2bfc889c333d8bf319e469b184052f6f78b1a46129b64717d496118aba6;7.375e-06;1.0667e-05;1.292e-06;8.437599999999999e-05;1.874e-06;2.0625e-05;2.2209e-05;0;0;0;0;6.334e-06;2.125e-06;3.292e-06;9.17e-07;7.123000000000001e-06
progressive_10s;10.0;10000000;free_order_v1;unordered-final-consolidated;70;0;15;87;4;12;40.25014046988262;40;40;0;0;0;5;32;41;191;32;151;0;159;151;8;32;0;191;151;32;191;5.96875;11;159;32;4.96875;10;0;0;;0;4;3;297.5393649586555;481.3116685438296;481.3116685438296;481.3116685438296;480.83778100843955;477.3773666815703;4.2708e-05;38.18156001518989;477.3773666815703;477.3773666815703;0;0;True;optimal;True;False;False;False;0.010480542;0.010480542;0.010416417;0.010416417;0.00026201355000000004;1.25;0.0;0;0;0;0;0;0;0;0;0;473;0;0;0;8;b49dde7b84d9a701f7340481ed99babda8e6b7daef067d1bc3614d7d1782b52f;1.2917e-05;3.1542e-05;9.75e-06;0.009945708;0.000142749;0.004195043000000001;0.003156665999999999;0;0;0;0;0.0003181270000000001;1.1293e-05;0.00029775000000000005;9.084e-06;0.0001729590000000014
progressive_10s;10.0;10000000;free_order_v1;unordered-final-consolidated;71;0;15;142;4;21;40.25014046988262;11;11;0;0;0;0;8;12;25;10;14;1;16;15;1;7;0;25;14;7;25;3.5714285714285716;6;24;8;3.0;6;0;0;;0;2;1;173.87246159182314;228.53443034056784;228.53443034056784;228.53443034056784;203.66304916597267;203.66304916597267;5.6125e-05;23.918482946874153;203.66304916597258;203.66304916597267;8.526512829121202e-14;4.1865782055401847e-16;True;optimal;True;False;False;False;0.002420167;0.002420167;0.002344041;0.002344041;0.00022001518181818182;1.375;0.0;0;0;0;0;0;0;0;0;0;88;0;0;0;5;cc91b594be8fa1a93acd9bcd1cb8d0d690a858627914832fd7a0cbbf01f2864c;1.8959e-05;3.9167e-05;8.125e-06;0.002203459;1.4834e-05;0.0009631259999999999;0.000696793;0;0;0;0;0.000122127;1.7624999999999998e-05;9.696000000000001e-05;7.542e-06;4.3621999999999766e-05
progressive_10s;10.0;10000000;free_order_v1;unordered-final-consolidated;72;0;20;91;4;6;61.07738392090622;108;108;0;0;0;12;42;109;331;91;223;1;241;224;17;41;0;331;223;41;331;8.073170731707316;14;304;42;7.238095238095238;14;0;0;;0;6;5;356.72910170043605;869.6114603922832;869.6114603922832;869.6114603922832;821.1955961124366;747.8114682859787;4.8041e-05;58.978334814088704;747.8114682859785;747.8114682859787;1.1368683772161603e-13;1.5202606879270247e-16;True;optimal;True;False;False;False;0.037187292;0.037187292;0.037115792;0.037115792;0.0003443267777777777;2.5714285714285716;0.0;0;0;0;0;0;0;0;0;0;2029;0;0;0;52;2e0fc7ab19f094ade6ab81879d12bfc1b70b0b425fdce8ea59bd52f1dc5de4c5;1.6292e-05;3.375e-05;8.541e-06;0.03620365999999999;0.0005622480000000001;0.015316040999999997;0.011799419999999993;0;0;0;0;0.0004881180000000003;1.0459e-05;0.00046978400000000027;7.875e-06;0.00044234800000000966
progressive_10s;10.0;10000000;free_order_v1;unordered-final-consolidated;73;0;20;131;4;15;61.07738392090622;257;257;0;0;0;138;70;258;482;117;225;0;365;225;140;45;25;364;225;70;482;6.885714285714286;12;545;70;7.785714285714286;12;3;10;2;6;3;2;213.7133804889156;461.1353463969337;461.1353463969337;461.1353463969337;459.098672117354;388.1070305437358;5.8167e-05;53.654955717717534;388.1070305437358;388.1070305437358;0;0;True;optimal;True;False;False;False;0.268181917;0.268181917;0.268088667;0.268088667;0.0010435094046692607;3.6714285714285713;0.0478220162771079;42;23;19;11;0;12;0;14;5;4452;0;0;0;67;d47f8980eebba38280ee57051b2a8ec4c4ce151bb2ed88146eacc98c822b0faa;1.8958e-05;4.1375e-05;1.4625e-05;0.2663071659999999;0.0023789669999999996;0.04429938299999999;0.035764048000000014;0.164991541;0;0;0.00012825;0.000939172999999999;1.5334e-05;0.000909921999999999;1.3917e-05;0.0007433290000001308
progressive_10s;10.0;10000000;free_order_v1;unordered-final-consolidated;74;0;30;151;4;10;107.70906734197344;232;232;0;0;0;3;98;233;824;225;592;0;599;592;7;98;0;824;592;98;824;8.408163265306122;17;726;98;7.408163265306122;16;0;0;;0;5;4;721.7532296429299;1900.0741210063165;1900.0741210063165;1900.0741210063165;1887.4070752083335;1778.3238197917783;8.2084e-05;62.014469769175356;1778.3238197917783;1778.3238197917783;0;0;True;optimal;True;False;False;False;0.039002625;0.039002625;0.038883;0.038883;0.00016811476293103448;2.36734693877551;0.0;0;0;0;0;0;0;0;0;0;3970;0;0;0;128;e583aac3dcace9f799fcb24beefccfa5f477bfdbc5e8407b92daeec8f12b998c;2.1792e-05;6.2667e-05;1.4542e-05;0.03676821299999999;0.00028841699999999985;0.011642711000000004;0.012442497999999998;0;0;0;0;0.0015107940000000017;2.3457999999999998e-05;0.0014738360000000016;1.35e-05;0.0006409510000000122
progressive_10s;10.0;10000000;free_order_v1;unordered-final-consolidated;75;0;30;218;4;21;107.70906734197344;273;273;0;0;0;15;145;274;1048;255;775;1;794;776;18;143;1;1045;775;144;1048;7.277777777777778;16;933;145;6.43448275862069;16;1;3;3;3;4;3;348.4877283348726;825.6790876608276;825.6790876608276;825.6790876608276;783.4065360593684;705.2227082182144;0.0001005;57.793804694491136;705.2227082182144;705.2227082182144;0;0;True;optimal;True;False;False;False;0.1156435;0.1156435;0.115488083;0.115488083;0.0004236025641025641;1.8827586206896552;0.022554661524426364;8;5;3;3;0;2;0;1;2;4135;0;0;0;120;7e3a3519b1756ff9c1e937791dc800dae9a7774f6086fc368fa72954799bcf2d;2.5166e-05;7.8875e-05;2.3583e-05;0.111570707;0.0012652940000000006;0.03325458599999999;0.030691470999999998;0.026218124;0;0;2.6083e-05;0.0029853780000000003;3.4083e-05;0.0029288370000000005;2.2458e-05;0.0009624559999999996
progressive_10s;10.0;10000000;free_order_v1;unordered-final-consolidated;76;0;40;217;4;9;159.15903982417854;639;639;0;0;0;22;171;640;1432;614;793;0;818;793;25;168;3;1426;793;171;1432;8.374269005847953;21;1314;171;7.684210526315789;21;2;4;2;2;4;3;235.84086774772516;631.6106304474678;631.6106304474678;631.6106304474678;590.2721748843388;543.4273112391845;0.000125541;62.660402409528395;543.4273112391837;543.4273112391845;7.958078640513122e-13;1.464423755656706e-15;True;optimal;True;False;False;False;0.299665917;0.299665917;0.299475625;0.299475625;0.00046896074647887327;3.736842105263158;0.0203700175886202;18;2;16;1;0;1;0;1;15;11371;0;0;0;445;138faad11c544f6010907ae6955957f771daea922292714aae6c861143e76cfd;2.7458e-05;0.0001015;1.875e-05;0.29415291000000027;0.0032714839999999964;0.08448001899999992;0.07451621199999994;0.08031746;0;0;6.1042e-05;0.0036978340000000036;4.4917000000000004e-05;0.0036357090000000035;1.7208e-05;0.0016259639999997525
progressive_600s;600.0;10000000;free_order_v1;unordered-final-consolidated;77;0;40;192;4;8;159.15903982417854;204812;204812;0;0;0;1909;130945;204813;1934622;202898;1729810;0;1731724;1729810;1914;130945;0;1934622;1729810;130945;1934622;14.774309824735576;35;1803677;130945;13.774309824735576;34;0;0;;0;6;5;967.3260252882685;3155.6934646978284;3155.6934646978284;3155.6934646978284;3049.3948912688033;2954.53619811212;0.000279583;69.34664167766705;2954.53619811212;2954.53619811212;0;0;True;optimal;True;False;False;False;119.4613935;119.4613935;119.437812333;119.437812333;0.0005832734092728942;1.5641070678529154;0.0;0;0;0;0;0;0;0;0;0;5760180;0;0;0;91266;07593dd762145195dbc933ef6d3776fb59e381b5990929bd8eab11d96a2dba9e;6.208300000000001e-05;0.0002255;3.9e-05;110.48953120500131;0.9383024770000443;36.11193331700003;38.71762756199958;0;0;0;0;6.303164457000051;0.0001055;6.303021749000051;3.7208e-05;2.6452593789986327
progressive_10s;10.0;10000000;free_order_v1;unordered-final-consolidated;78;0;50;270;4;13;214.20813806359016;215;215;0;0;0;31;76;216;609;178;394;0;431;394;37;76;0;609;394;76;609;8.013157894736842;16;533;76;7.0131578947368425;15;0;0;;0;7;6;309.2437646905754;646.4676771736899;646.4676771736899;646.4676771736899;634.4574760425155;571.4734912480069;0.000174667;52.1640794103478;571.4734912480068;571.4734912480069;1.1368683772161603e-13;1.9893632769096975e-16;True;optimal;True;False;False;False;0.219818833;0.219818833;0.219584209;0.219584209;0.001022413176744186;2.8289473684210527;0.0;28;22;6;1;0;21;0;1;5;2979;0;0;0;106;a2421e758ac685906dbbdf114838a070af8000ca68c5e657b2a8e8d32a7e38ee;3.2582999999999996e-05;0.000145792;2.5375e-05;0.21638037100000007;0.0019643649999999996;0.025112872999999994;0.030164796000000008;0.141358125;0;0;0;0.002435289000000001;7.3001e-05;0.002338413000000001;2.3875e-05;0.0008654249999999301
progressive_10s;10.0;10000000;free_order_v1;unordered-final-consolidated;79;0;50;322;4;14;214.20813806359016;2029;2029;0;0;0;138;719;2030;7688;1887;5659;2;5803;5661;142;717;0;7688;5659;717;7688;10.722454672245467;28;7026;719;9.771905424200279;28;0;0;;0;5;4;262.4192866387682;761.5745161254364;761.5745161254364;761.5745161254364;718.3006370474598;650.3234526946248;0.000192667;65.54253312284598;650.3234526946247;650.3234526946248;1.1368683772161603e-13;1.7481583549009794e-16;True;optimal;True;False;False;False;3.45564675;3.45564675;3.455303166;3.455303166;0.0017031280187284378;2.821974965229485;0.0;421;11;410;5;0;6;0;355;55;34801;0;0;0;1219;938cf740215181ba47340a06ed648cf6d1ecfb4acecab814bdaef426a4618e96;3.9458e-05;0.000157917;4.1709e-05;3.4199010389999946;0.019039213999999985;0.2675364889999998;0.30253111899999957;2.6639517449999977;0;0;0;0.02725419699999998;7.162499999999999e-05;0.027143113999999982;3.9458e-05;0.008259013000005574
progressive_60s;60.0;10000000;free_order_v1;unordered-final-consolidated;80;0;60;382;4;20;272.1329303702744;13918;13918;0;0;0;1793;4909;13919;87407;12114;73489;1;75294;73490;1804;4886;22;87363;73489;4908;87407;17.809087204563976;37;83313;4909;16.971480953350987;37;1;2;2;2;12;11;374.8556055336508;1164.4994741977664;1164.4994741977664;1164.4994741977664;1093.6068388936123;947.1509497649262;0.000258916;67.8097230750669;947.1509497649262;947.1509497649262;0;0;True;optimal;True;False;False;False;28.276746125;28.276746125;28.2757145;28.2757145;0.002031667346242276;2.8352006518639232;7.79474409911441e-05;2400;335;2065;265;0;70;0;770;1295;444739;0;0;0;7234;de268b5820789f77c123dae7178848fca71930b7fe88f9f41808e406fafd24b1;4.2166e-05;0.000221708;8.0417e-05;27.927734971999946;0.3162137639999986;2.932133801;2.852335226999997;19.780627236999983;0;0;2.2041e-05;0.25775709400000346;0.000108208;0.25757030300000344;7.8583e-05;0.09038718400004964
progressive_10s;10.0;10000000;free_order_v1;unordered-final-consolidated;81;0;60;390;4;20;272.1329303702744;516;516;0;0;0;93;318;517;3014;422;2498;1;2593;2499;94;313;4;3002;2498;317;3014;9.50788643533123;21;2783;318;8.751572327044025;21;2;6;3;3;2;1;234.63039551601153;688.9819074008327;688.9819074008327;688.9819074008327;591.975108060883;591.975108060883;0.000242958;65.94534733123125;591.9751080557213;591.975108060883;5.161723493074533e-09;8.719494152351526e-12;True;optimal;True;False;False;False;0.320277042;0.320277042;0.319938167;0.319938167;0.0006206919418604651;1.6226415094339623;0.025576606892728827;33;5;28;3;0;2;0;10;18;11165;0;0;0;220;1985ecbc895222a3e558c6b8db3f02ff80dee710519f678ce9e4eba84498209f;4.4458e-05;0.000203875;4.0583e-05;0.30625930200000007;0.005608654;0.057861182000000025;0.054501877;0.14279837800000003;0;0;8.1916e-05;0.011239654000000007;9.9958e-05;0.011100821000000006;3.8875e-05;0.002496127999999924
progressive_10s;10.0;10000000;free_order_v1;unordered-final-consolidated;82;0;14;71;4;7;36.3432498742741;19;19;0;0;0;4;7;20;26;11;7;0;15;7;8;7;0;26;7;7;26;3.7142857142857144;6;19;7;2.7142857142857144;5;0;0;;0;5;4;12.745054080701268;20.060001287826868;20.060001287826868;20.060001287826868;19.914304320159207;18.199393714404586;3.4541e-05;36.46533767455226;18.199393714404582;18.199393714404586;3.552713678800501e-15;1.952105512168009e-16;True;optimal;True;False;False;False;0.011201709;0.011201709;0.011153833;0.011153833;0.0005895636315789474;2.7142857142857144;0.0;3;0;3;0;0;0;0;1;2;241;0;0;0;7;561eeaec59b1c234bd27158098fa1336a12c827b81332aeb0126fb509bf9f784;1.2042e-05;2.5041e-05;4.834e-06;0.010997169;0.00019208199999999997;0.002429831;0.001728414;0.0056805;0;0;0;7.9876e-05;9.499999999999999e-06;6.612600000000001e-05;4.25e-06;9.053800000000079e-05
progressive_10s;10.0;10000000;free_order_v1;unordered-final-consolidated;83;0;5;76;6;20;6.906890595608517;2;2;0;0;0;1;2;3;3;1;1;0;2;1;1;2;0;3;1;2;3;1.5;2;1;2;0.5;1;0;0;;0;1;0;79.09151787644487;81.63307088103294;81.63307088103294;81.63307088103294;;81.63307088103294;2.7542e-05;3.113386495397151;81.63307087089399;81.63307088103294;1.0138947459381598e-08;1.2420147067794966e-10;True;optimal;True;False;False;False;0.000198834;0.000198834;0.000161333;0.000161333;9.9417e-05;1.0;0.0;0;0;0;0;0;0;0;0;0;6;0;0;0;1;f12ce57699fe0d02b663fa8368fe31421e1894863e400cbd97e6be84a96526e3;1.0124999999999999e-05;1.8958e-05;4.083e-06;0.00014766600000000002;3.1669999999999995e-06;2.0042e-05;3.5000000000000004e-05;0;0;0;0;1.4207000000000001e-05;4.625e-06;6.082e-06;3.5e-06;7.584999999999976e-06
progressive_10s;10.0;10000000;free_order_v1;unordered-final-consolidated;84;0;5;30;5;7;6.906890595608517;3;3;0;0;0;1;3;4;6;2;3;0;4;3;1;3;0;6;3;3;6;2.0;3;3;3;1.0;2;0;0;;0;2;1;80.48813328683924;94.6469940884967;94.6469940884967;94.6469940884967;94.64699408849664;94.64699408849664;1.725e-05;14.959651849501586;94.64699408849664;94.64699408849664;0;0;True;optimal;True;False;False;False;0.000338584;0.000338584;0.000317;0.000317;0.00011286133333333334;1.0;0.0;0;0;0;0;0;0;0;0;0;10;0;0;0;1;5229b85445f93be2fbc6d7c8be6db623123081584b1c28d8c3ebc0791c23ad00;6.541999999999999e-06;1.1875e-05;1.459e-06;0.00030050100000000006;4.25e-06;8.175100000000001e-05;0.00010125000000000001;0;0;0;0;8.584e-06;1.999e-06;5.668e-06;9.17e-07;1.0830999999999951e-05
progressive_10s;10.0;10000000;free_order_v1;unordered-final-consolidated;85;0;10;140;6;42;21.791061114716957;8;8;0;0;0;0;8;9;31;7;23;0;24;23;1;8;0;31;23;8;31;3.875;7;23;8;2.875;6;0;0;;0;2;1;747.4515743511415;1502.7739038607085;1502.7739038607085;1502.7739038607085;1499.9270659423232;1499.9270659423232;5.0625e-05;50.26187422932369;1499.9270659423228;1499.9270659423232;4.547473508864641e-13;3.0317964200530705e-16;True;optimal;True;False;False;False;0.001136208;0.001136208;0.001063125;0.001063125;0.000142026;1.0;0.0;0;0;0;0;0;0;0;0;0;52;0;0;0;2;87d48870d2bdced6369b4f35aa2a0f0efcbee0b7b72a5072eda0ac895cfeceef;1.675e-05;3.575e-05;1e-05;0.000956666;1.0417e-05;0.00022620799999999999;0.000397998;0;0;0;0;9.0292e-05;1.3708e-05;6.7209e-05;9.375e-06;3.9250000000000046e-05
progressive_10s;10.0;10000000;free_order_v1;unordered-final-consolidated;86;0;10;48;4;6;21.791061114716957;5;5;0;0;0;0;4;6;10;4;5;0;6;5;1;4;0;10;5;4;10;2.5;4;6;4;1.5;3;0;0;;0;2;1;79.46494384318157;128.8342421928729;128.8342421928729;128.8342421928729;123.84777307338555;123.84777307338555;2.6291e-05;38.32001299451306;123.84777307338555;123.84777307338555;0;0;True;optimal;True;False;False;False;0.001449625;0.001449625;0.001401125;0.001401125;0.000289925;1.25;0.0;0;0;0;0;0;0;0;0;0;26;0;0;0;2;db999f3a648f994cccca4c3be1b07822a353da0b869db98d5e156e498b1750f6;2.4124e-05;1.7e-05;3.208e-06;0.001362792;6.3760000000000004e-06;0.000713625;0.000450457;0;0;0;0;2.6584e-05;5.042e-06;1.9001e-05;2.541e-06;1.9331999999999987e-05
progressive_10s;10.0;10000000;free_order_v1;unordered-final-consolidated;87;0;15;114;4;18;40.25014046988262;28;28;0;0;0;12;16;29;83;15;55;0;68;55;13;15;1;76;55;16;83;5.1875;9;70;16;4.375;9;1;7;7;7;2;1;201.75224657980888;263.93428167316443;263.93428167316443;263.93428167316443;261.7744361171037;261.7744361171037;5.5083e-05;23.559665951373802;261.7744361171037;261.7744361171037;0;0;True;optimal;True;False;False;False;0.009821125;0.009821125;0.009745417;0.009745417;0.0003507544642857143;1.75;2.44286677951864;0;0;0;0;0;0;0;0;0;352;0;0;0;4;7749bace0d432538471e6e5d8a6c299d11fdd7e588cdbee5bb1bac4334b2b748;1.5083e-05;4.2042e-05;8.333e-06;0.009253665999999999;3.8122e-05;0.003477166000000001;0.0025695829999999994;0;0;0;0.000239917;0.000163001;1.4751e-05;0.000140375;7.875e-06;0.00011145900000000036
progressive_10s;10.0;10000000;free_order_v1;unordered-final-consolidated;88;0;15;92;4;10;40.25014046988262;16;16;0;0;0;2;9;17;31;13;15;1;19;16;3;8;0;31;15;8;31;3.875;7;30;9;3.3333333333333335;7;0;0;;0;2;1;263.0868210306248;418.16788200977487;418.16788200977487;418.16788200977487;361.81244753252963;361.81244753252963;4.3459e-05;37.085837447344886;361.8124475325296;361.81244753252963;5.684341886080802e-14;1.571074164210378e-16;True;optimal;True;False;False;False;0.004775625;0.004775625;0.004714541;0.004714541;0.0002984765625;1.7777777777777777;0.0;0;0;0;0;0;0;0;0;0;152;0;0;0;7;08ccec3ceb6c0f8ca064e21a6953ac92c5f75c95777feaf744fb90effac83f95;1.4917e-05;3.0584e-05;7.834e-06;0.004559583000000001;2.6960999999999998e-05;0.001996668;0.001459377;0;0;0;0;9.554500000000001e-05;1.0958e-05;7.7378e-05;7.209e-06;7.757999999999931e-05
progressive_10s;10.0;10000000;free_order_v1;unordered-final-consolidated;89;0;20;113;4;12;61.07738392090622;99;99;0;0;0;8;67;100;565;89;466;0;476;466;10;67;0;565;466;67;565;8.432835820895523;17;498;67;7.432835820895522;16;0;0;;0;3;2;246.6090276125349;535.4335298559471;535.4335298559471;535.4335298559471;510.195656057862;501.98386597000916;6.4792e-05;53.94217697220372;501.98386597000905;501.98386597000916;1.1368683772161603e-13;2.264750830227046e-16;True;optimal;True;False;False;False;0.028726666;0.028726666;0.028626666;0.028626666;0.00029016834343434345;1.4776119402985075;0.0;0;0;0;0;0;0;0;0;0;1792;0;0;0;41;f80ea162ddd461f67d1028c6e714013f5da035fa887e15a48e5fbb9c1051e5e0;2.0583000000000003e-05;4.6333e-05;1.5167e-05;0.027539329;0.0001847919999999999;0.011212457000000002;0.009263538999999998;0;0;0;0;0.0006967399999999994;1.6042e-05;0.0006660309999999994;1.4667e-05;0.0004213059999999978
progressive_10s;10.0;10000000;free_order_v1;unordered-final-consolidated;90;0;20;175;4;24;61.07738392090622;80;80;0;0;0;8;35;81;227;69;147;0;158;147;11;33;2;219;147;35;227;6.485714285714286;13;207;35;5.914285714285715;12;2;8;3;5;4;3;259.8003618165302;564.6559259239672;564.6559259239672;564.6559259239672;562.7804618937259;541.823509641142;7.5083e-05;53.98961564223216;541.8235096411419;541.823509641142;1.1368683772161603e-13;2.098226372586021e-16;True;optimal;True;False;False;False;0.022031917;0.022031917;0.021923667;0.021923667;0.0002753989625;2.2857142857142856;1.3213738958802357;0;0;0;0;0;0;0;0;0;1124;0;0;0;37;2a84a27e091957e1ef6591c97912109addaf1b2e32f859f990a90a80f03f52ca;2.0875e-05;5.675e-05;1.3416e-05;0.020626953000000007;0.000153963;0.008056002000000001;0.006306372999999999;0;0;0;0.00029112399999999997;0.000680549;2.1709e-05;0.0006461310000000001;1.2709e-05;0.00035945899999999384
progressive_10s;10.0;10000000;free_order_v1;unordered-final-consolidated;91;0;30;250;4;13;107.70906734197344;215;215;0;0;0;18;165;216;1856;195;1641;0;1661;1641;20;164;1;1853;1641;165;1856;11.248484848484848;23;1712;165;10.375757575757575;23;1;3;3;3;3;2;570.6173516464426;1050.770599355775;1050.770599355775;1050.770599355775;1013.8846049634417;1012.2957327560916;0.00013325;45.69534473116332;1012.2957327560916;1012.2957327560916;0;0;True;optimal;True;False;False;False;0.123852333;0.123852333;0.123655292;0.123655292;0.0005760573627906977;1.303030303030303;0.04921909706779605;8;7;1;0;0;7;0;0;1;4710;0;0;0;59;477caa2a177f8c83450efb5388a764a03b6a773bbe97405903aa1054a97978e4;3e-05;0.000106292;2.7e-05;0.11819036700000005;0.001122072;0.02459365599999999;0.025686125000000004;0.039725501;0;0;6.0959e-05;0.004062125;4.9375e-05;0.003987;2.575e-05;0.0014169659999999536
progressive_10s;10.0;10000000;free_order_v1;unordered-final-consolidated;92;0;30;323;4;19;107.70906734197344;864;864;0;0;0;24;319;865;3543;835;2679;0;2708;2679;29;318;1;3538;2679;319;3543;11.106583072100314;21;3241;319;10.15987460815047;21;1;5;5;5;6;5;263.48482100493;624.3633670146214;624.3633670146214;624.3633670146214;623.3996811011075;597.7761303256755;0.000154333;57.79944261227618;597.7761303256755;597.7761303256755;0;0;True;optimal;True;False;False;False;0.38074075;0.38074075;0.380466333;0.380466333;0.00044067216435185187;2.70846394984326;0.02279556364796781;6;4;2;0;0;4;0;0;2;19869;0;0;0;534;46de1f43b9ece4f64262f19f9321c492140dd7d591a9db29c740a32d9c40a2ce;4.4041e-05;0.000113583;3.7542e-05;0.362937636;0.006272020999999997;0.1037937340000001;0.10862788200000006;0.04634762700000001;0;0;8.6792e-05;0.014097819999999987;5.2708000000000004e-05;0.014008778999999987;3.6333e-05;0.0034331259999999964
progressive_10s;10.0;10000000;free_order_v1;unordered-final-consolidated;93;0;40;487;4;87;159.15903982417854;172;172;0;0;0;2;92;173;856;169;684;0;687;684;3;91;1;850;684;92;856;9.304347826086957;22;780;92;8.478260869565217;21;1;6;6;6;2;1;840.0263998232437;2167.7094899205545;2167.7094899205545;2167.7094899205545;2121.557496486189;2121.557496486189;0.000213459;61.248202135516316;2121.557496486189;2121.557496486189;0;0;True;optimal;True;False;False;False;0.051100709;0.051100709;0.050771375;0.050771375;0.0002970971453488372;1.8695652173913044;0.3813547870735023;0;0;0;0;0;0;0;0;0;3436;0;0;0;79;8dea3947e512ea7a9e3a9c90ea320630660ae03fe5d0fa29ee03432ea15aa09d;4.5292e-05;0.000171875;5.5459e-05;0.04555075099999999;0.0003917039999999999;0.013685959;0.015653046000000004;0;0;0;0.000194875;0.004297833999999987;7.8875e-05;0.004164958999999987;5.4e-05;0.0008607900000000271
progressive_10s;10.0;10000000;free_order_v1;unordered-final-consolidated;94;0;40;268;4;25;159.15903982417854;622;622;0;0;0;36;180;623;1551;578;929;1;974;930;44;179;0;1551;929;179;1551;8.664804469273744;21;1393;180;7.738888888888889;21;0;0;;0;9;8;295.5710094038318;710.5974240457591;710.5974240457591;710.5974240457591;704.9827382929936;603.2773223128742;0.000167;58.40527992333415;603.2773223128742;603.2773223128742;0;0;True;optimal;True;False;False;False;0.324525833;0.324525833;0.324214833;0.324214833;0.0005217457122186495;3.4555555555555557;0.0;11;1;10;0;0;1;0;6;4;10864;0;0;0;400;21e6a1057788016a7ebfe695e3ccd10caaa520ed16768dd55ea94a9803297132;3.1875e-05;0.000140166;3.9084e-05;0.3162262560000001;0.0038848489999999997;0.08410094999999995;0.10324691500000013;0.05894487600000001;0;0;0;0.005916470000000007;5.8375e-05;0.005820970000000007;3.7125e-05;0.002167606999999879
progressive_600s;600.0;10000000;free_order_v1;unordered-final-consolidated;95;0;50;448;4;21;214.20813806359016;77178;77178;0;0;0;6534;46828;77179;976798;70627;899620;0;906171;899620;6551;46822;6;976780;899620;46828;976798;20.85927223028957;43;930202;46828;19.86422653113522;43;1;3;3;3;18;17;501.1849824166722;1055.4277059637855;1055.4277059637855;1055.4277059637855;1047.5648530920685;998.579283797713;0.000591708;52.51356586673979;998.5792837977127;998.579283797713;2.2737367544323206e-13;2.276971684997345e-16;True;optimal;True;False;False;False;124.179790625;124.179790625;124.147287334;124.147287334;0.00160900503543756;1.6481165114888527;4.402246108232235e-05;0;0;0;0;0;0;0;0;0;3069688;0;0;0;29414;6a20bf5f0d2a55768d7502c6b7c20a6cd54e89aecffed25a6844c66f14d35dcb;8.387499999999999e-05;0.000517;0.00029875;116.9937101639989;0.7112585380000079;42.64920819399963;36.20260976500038;0;0;0;5.4667e-05;5.769470883000319;0.000299333;5.768875508000319;0.000296042;1.3846469950007814
progressive_600s;600.0;10000000;free_order_v1;unordered-final-consolidated;96;0;50;535;6;15;214.20813806359016;161635;161635;0;0;0;8512;65262;161636;906283;153110;744648;1;753174;744649;8525;65258;3;906268;744648;65261;906283;13.887053523543923;36;841133;65262;12.88855689375134;35;2;10;5;5;14;13;303.97411501639414;1007.5756356585083;1007.5756356585083;1007.5756356585083;986.2465252785055;936.1703043758059;0.0002745;69.83113681408842;936.1703043648624;936.1703043758059;1.0943494999082759e-08;1.1689641241482622e-11;True;optimal;True;False;False;False;145.945722666;145.945722666;145.932311334;145.932311334;0.0009029339107619017;2.476709264196623;0.0001500270073012624;328;0;328;0;0;0;0;10;318;4236722;0;0;0;87858;09f0614d474945e4fd51edeb041f96760a98975b65471872ab1ae06a786e8c38;4.5208e-05;0.000234666;0.000198667;138.1061202910005;1.181909982000027;44.57062048500015;48.354755708999626;3.9724266010000004;0;0;0.000218958;6.241288026999803;9.7958e-05;6.240994109999804;0.000195959;1.5849779749996795
progressive_600s;600.0;10000000;free_order_v1;unordered-final-consolidated;97;0;60;600;4;22;272.1329303702744;312877;312877;0;0;0;13903;169927;312878;2858642;298965;2545765;0;2559677;2545765;13912;169914;13;2858579;2545765;169927;2858642;16.822765069706403;44;2689189;169927;15.825554502815915;43;5;23;3;6;10;9;581.5604671915037;1686.4532967150228;1686.4532967150228;1686.4532967150228;1680.7590425761587;1652.6352765380784;0.000432;65.51576801300679;1652.6352765380784;1652.6352765380784;0;0;True;optimal;True;False;False;False;310.298305459;310.298305459;310.278981292;310.278981292;0.0009917581204722623;1.8412435928369242;0.00048533974356459677;0;0;0;0;0;0;0;0;0;9803896;0;0;0;173108;1195e5958d33448a98cde08baeca93f558f03caa507ff0d1ed85ecdda3db2375;9.25e-05;0.000345;0.000135833;278.69374047800284;2.066980317000005;95.34197291600088;100.85452758899959;0;0;0;0.0015060009999999999;27.356916070003354;0.000174417;27.356607987003354;0.000133666;4.227126825993835
progressive_600s;600.0;10000000;free_order_v1;unordered-final-consolidated;98;0;60;366;4;17;272.1329303702744;253664;253664;0;0;0;13910;149219;253665;2456839;239740;2203175;0;2217099;2203175;13924;149203;16;2456791;2203175;149219;2456839;16.46465262466576;46;2308262;149219;15.468955025834513;45;3;9;2;4;15;14;431.42747768309795;1452.0386246972053;1452.0386246972053;1452.0386246972053;1446.731840455895;1358.981818405513;0.00026675;70.28815416166606;1358.981818405513;1358.981818405513;0;0;True;optimal;True;False;False;False;210.958572375;210.958572375;210.942083791;210.942083791;0.0008316456902634982;1.699944377056541;6.525688833127231e-05;1;1;0;1;0;0;0;0;0;7958092;0;0;0;114364;5c82fa45dbfff07d927e76a0e2d325b6147718486820e0b65491dd803c4aabe9;3.9417e-05;0.000233209;0.000162083;195.40533698300115;1.4905693350000475;70.87457123199796;69.39125809100095;0.03162875;0;0;0.000137665;12.323862986002824;9.4583e-05;12.323609070002826;0.000159333;3.213000072996012
progressive_10s;10.0;10000000;free_order_v1;unordered-final-consolidated;99;0;5;27;4;7;6.906890595608517;1;1;0;0;0;0;1;2;1;0;0;0;1;0;1;1;0;1;0;1;1;1.0;1;0;1;0.0;0;0;0;;0;2;1;109.90233164041607;113.20450206325339;113.20450206325339;113.20450206325339;113.20301802446137;113.20301802446137;1.8458e-05;2.916995669476313;113.20301802446136;113.20301802446137;1.4210854715202004e-14;1.2553423895581356e-16;True;optimal;True;False;False;False;7.6583e-05;7.6583e-05;5.3917e-05;5.3917e-05;7.6583e-05;1.0;0.0;0;0;0;0;0;0;0;0;0;2;0;0;0;1;ad0bf3f1325ca3bbac6f925dae8851762972a56615c6b72808eb33c432d40a55;7.291e-06;1.275e-05;1.208e-06;4.8458e-05;1.833e-06;8.709e-06;1.1541e-05;0;0;0;0;3.958e-06;1.709e-06;1.499e-06;7.5e-07;3.959999999999996e-06
progressive_10s;10.0;10000000;free_order_v1;unordered-final-consolidated;100;0;5;31;4;9;6.906890595608517;0;0;0;0;0;0;0;1;0;0;0;0;0;0;0;0;0;0;0;0;0;;0;0;0;;0;0;0;;0;1;0;54.766501622798586;54.766501622798586;54.766501622798586;54.766501622798586;;54.766501622798586;9.292e-06;0;54.766501622798586;54.766501622798586;0;0;True;optimal;True;False;False;False;1.4959e-05;1.4959e-05;2.92e-07;2.92e-07;;;0.0;0;0;0;0;0;0;0;0;0;0;0;0;0;1;26338e0d888dbd93b8d3d007ac98724e0f885b252fb6451a519fdb9e4d2f884b;7.417e-06;4.209e-06;1.291e-06;0;0;0;0;0;0;0;0;1.708e-06;8.75e-07;0;8.33e-07;2.92e-07
progressive_10s;10.0;10000000;free_order_v1;unordered-final-consolidated;101;0;10;48;4;8;21.791061114716957;2;2;0;0;0;0;2;3;3;1;1;0;2;1;1;2;0;3;1;2;3;1.5;2;1;2;0.5;1;0;0;;0;2;1;138.15947343559182;140.78554266376776;140.78554266376776;140.78554266376776;140.60013125112997;140.60013125112997;2.7791e-05;1.8652975145662942;140.60013125112994;140.60013125112997;2.842170943040401e-14;2.02145682066535e-16;True;optimal;True;False;False;False;0.000133875;0.000133875;9.9291e-05;9.9291e-05;6.69375e-05;1.0;0.0;0;0;0;0;0;0;0;0;0;6;0;0;0;1;94af729b48bf2a2154ba043887752879b9c44506af7ddf6adb4d6f4c13f89434;9.249e-06;2.0292e-05;2.417e-06;8.5292e-05;2e-06;1.9667e-05;2.3042e-05;0;0;0;0;1.3709000000000002e-05;4.959e-06;7.125e-06;1.625e-06;6.873999999999999e-06
progressive_10s;10.0;10000000;free_order_v1;unordered-final-consolidated;102;0;10;47;4;8;21.791061114716957;10;10;0;0;0;1;7;11;28;6;18;0;22;18;4;7;0;28;18;7;28;4.0;7;21;7;3.0;6;0;0;;0;4;3;146.17361252975863;218.91166388935434;218.91166388935434;218.91166388935434;218.91165618259598;214.6834004777659;2.5666e-05;33.22712461605522;214.68340047776587;214.6834004777659;2.842170943040401e-14;1.3238894747872022e-16;True;optimal;True;False;False;False;0.001157708;0.001157708;0.001123125;0.001123125;0.00011577079999999999;1.4285714285714286;0.0;0;0;0;0;0;0;0;0;0;92;0;0;0;1;4768f8b4c21d8559d7d6387e04edf83295fa2938543e78fdee3bced5ce90a8af;8.375e-06;1.875e-05;3.375e-06;0.001056332;1.0709999999999997e-05;0.000371123;0.000339831;0;0;0;0;3.7627e-05;4.834e-06;2.9876e-05;2.917e-06;3.691699999999989e-05
progressive_10s;10.0;10000000;free_order_v1;unordered-final-consolidated;103;0;15;66;4;6;40.25014046988262;43;43;0;0;0;2;21;44;115;39;72;0;76;72;4;21;0;115;72;21;115;5.476190476190476;11;94;21;4.476190476190476;10;0;0;;0;3;2;193.79973271395397;406.2740176671139;406.2740176671139;406.2740176671139;383.18539638771824;380.45421328017744;3.6208e-05;52.29827055474012;380.45421328017744;380.45421328017744;0;0;True;optimal;True;False;False;False;0.005566583;0.005566583;0.005515125;0.005515125;0.00012945541860465116;2.0476190476190474;0.0;0;0;0;0;0;0;0;0;0;494;0;0;0;20;71665eff9b3f73255b2895a6c7f78c28a9e81b85aad1381f68956e91babd4b8a;1.1e-05;2.6792e-05;5.583e-06;0.005245791;4.7412000000000006e-05;0.0018942060000000005;0.0017102529999999997;0;0;0;0;0.00014800000000000002;7.624e-06;0.00013545900000000002;4.917e-06;0.0001338750000000004
progressive_10s;10.0;10000000;free_order_v1;unordered-final-consolidated;104;0;15;108;4;19;40.25014046988262;6;6;0;0;0;0;6;7;21;5;15;0;16;15;1;6;0;21;15;6;21;3.5;6;15;6;2.5;5;0;0;;0;2;1;211.42170560280704;457.5656216772883;457.5656216772883;457.5656216772883;456.67693757620236;456.67693757620236;5.35e-05;53.79423287357054;456.67693757620236;456.67693757620236;0;0;True;optimal;True;False;False;False;0.000603875;0.000603875;0.0005345;0.0005345;0.00010064583333333334;1.0;0.0;0;0;0;0;0;0;0;0;0;42;0;0;0;1;c65c9b2ae6b5c5d1d196dff494096b52e90b3562e1213d7347b05719f4207314;1.5041e-05;4.05e-05;7.25e-06;0.000473751;7.373e-06;0.000102458;0.000156377;0;0;0;0;5.3707000000000006e-05;1.3416e-05;3.4124e-05;6.167e-06;2.6625000000000024e-05
progressive_10s;10.0;10000000;free_order_v1;unordered-final-consolidated;105;0;20;115;4;11;61.07738392090622;25;25;0;0;0;2;13;26;61;22;36;0;39;36;3;13;0;61;36;13;61;4.6923076923076925;8;48;13;3.6923076923076925;7;0;0;;0;2;1;178.92731764602073;327.9724186004967;327.9724186004967;327.9724186004967;277.55881251687373;277.55881251687373;6.3e-05;45.444400962273555;277.5588125168736;277.55881251687373;1.1368683772161603e-13;4.0959548965754647e-16;True;optimal;True;False;False;False;0.003985375;0.003985375;0.003861291;0.003861291;0.00015941500000000002;1.9230769230769231;0.0;0;0;0;0;0;0;0;0;0;218;0;0;0;13;b7d4cdb01d7211441ce8f3abbef18468711ad3997769ee7f0d8450304953960a;1.7584e-05;4.7375e-05;2.3542e-05;0.0035976659999999994;3.4668e-05;0.0012878729999999997;0.0012617050000000001;0;0;0;0;0.00018729399999999999;1.6083e-05;0.000148753;2.2458e-05;0.00011487200000000083
progressive_10s;10.0;10000000;free_order_v1;unordered-final-consolidated;106;0;20;114;4;10;61.07738392090622;28;28;0;0;0;2;17;29;94;24;66;0;70;66;4;17;0;94;66;17;94;5.529411764705882;9;77;17;4.529411764705882;8;0;0;;0;3;2;203.3514054537121;346.23459248942237;346.23459248942237;346.23459248942237;342.060627227271;333.84402026514977;6.3417e-05;41.267738734128784;333.84402026514977;333.84402026514977;0;0;True;optimal;True;False;False;False;0.004810416;0.004810416;0.004726083;0.004726083;0.00017180057142857143;1.6470588235294117;0.0;0;0;0;0;0;0;0;0;0;298;0;0;0;9;f2f235b55b920232ebf17b8fe29984702dd0c26ba129cf6b37430de858b7210f;1.8792000000000002e-05;4.7e-05;8.375e-06;0.004454253;3.7541000000000005e-05;0.001463289;0.001772086;0;0;0;0;0.000176456;1.7209e-05;0.000151414;7.833e-06;0.00012041599999999982
progressive_10s;10.0;10000000;free_order_v1;unordered-final-consolidated;107;0;30;212;4;19;107.70906734197344;504;504;0;0;0;19;248;505;2424;483;1920;0;1941;1920;21;247;1;2421;1920;248;2424;9.774193548387096;23;2192;248;8.838709677419354;22;1;3;3;3;3;2;635.2749182834152;1685.6883747415193;1685.6883747415193;1685.6883747415193;1595.6670979498952;1564.6710654409005;0.000111916;62.31362048867263;1564.6710654409003;1564.6710654409005;2.2737367544323206e-13;1.4531723661622236e-16;True;optimal;True;False;False;False;0.143398375;0.143398375;0.143220667;0.143220667;0.0002845205853174603;2.032258064516129;0.029231154118726937;0;0;0;0;0;0;0;0;0;9846;0;0;0;237;169b14e68c8244990e28605da34d31905368ab16dedec68f9728499d0f98f429;2.4874999999999998e-05;9.0875e-05;2.4417e-05;0.135779827;0.0010252510000000011;0.04188104500000002;0.047832046999999996;0;0;0;4.1917e-05;0.005481991000000006;3.5209e-05;0.005423448000000007;2.3334e-05;0.0019754749999999974
progressive_10s;10.0;10000000;free_order_v1;unordered-final-consolidated;108;0;30;170;4;12;107.70906734197344;754;754;0;0;0;115;492;755;4745;636;3991;0;4109;3991;118;492;0;4745;3991;492;4745;9.644308943089431;17;4253;492;8.644308943089431;16;0;0;;0;4;3;219.1224262826605;585.5307891493858;585.5307891493858;585.5307891493858;584.3094782846946;526.7762610605089;9.4583e-05;62.57712995742124;526.7762610605088;526.7762610605089;1.1368683772161603e-13;2.1581617495963288e-16;True;optimal;True;False;False;False;0.205754333;0.205754333;0.205614833;0.205614833;0.0002728837307692308;1.532520325203252;0.0;0;0;0;0;0;0;0;0;0;13104;0;0;0;281;34d43f95d9e8f24b1aafa2e9fe85e58a7cab1434255f0838df74d87520983848;2.0959e-05;7.5833e-05;1.5917e-05;0.19472526700000023;0.0012907059999999998;0.06452152199999998;0.07565514299999992;0;0;0;0;0.007862406000000011;2.7459e-05;0.00782011400000001;1.4833e-05;0.0030694519999997574
progressive_10s;10.0;10000000;free_order_v1;unordered-final-consolidated;109;0;40;281;4;16;159.15903982417854;1764;1764;0;0;0;77;547;1765;5540;1679;3776;2;3863;3778;85;541;4;5520;3776;545;5540;10.1651376146789;29;5100;547;9.323583180987203;29;1;5;5;5;9;8;225.20127619531823;603.3740918821213;603.3740918821213;603.3740918821213;575.3003943083187;526.0558299467132;0.000162416;62.67634304733873;526.0558299467132;526.0558299467132;0;0;True;optimal;True;False;False;False;0.700814167;0.700814167;0.700531917;0.700531917;0.0003972869427437642;3.2248628884826327;0.016302467241647526;16;0;16;0;0;0;0;2;14;34583;0;0;0;1196;2087fb5afb646ddaab1e2a9a8e4348b1020ba89207e8399e5c53e7d2ab6a2d2e;3.2501e-05;0.000133416;2.0166e-05;0.6790177389999996;0.006362726999999993;0.19636242900000006;0.22933468699999984;0.10275124799999999;0;0;0.00011425;0.01607967399999997;5.4999999999999995e-05;0.016006090999999972;1.8583e-05;0.005393837000000356
progressive_10s;10.0;10000000;free_order_v1;unordered-final-consolidated;110;0;40;233;4;12;159.15903982417854;2348;2348;0;0;0;192;1632;2349;18861;2150;16513;0;16711;16513;198;1630;2;18853;16513;1632;18861;11.556985294117647;20;17258;1632;10.574754901960784;19;2;8;3;5;7;6;230.28874766258122;602.9331481196573;602.9331481196573;602.9331481196573;578.2730807663276;536.550793794021;0.000135334;61.8052601054075;536.5507937940209;536.550793794021;1.1368683772161603e-13;2.1188457651459518e-16;True;optimal;True;False;False;False;0.707806834;0.707806834;0.70758125;0.70758125;0.0003014509514480409;1.4387254901960784;0.014310542811176078;0;0;0;0;0;0;0;0;0;48952;0;0;0;1269;2852ee12605fa417bbdb62ecf35d467c90d6513c2dcb08dbf8106ba201e91464;2.8707999999999997e-05;0.000109833;2.5041e-05;0.6587785250000007;0.004826120000000002;0.22187761100000022;0.24090717300000017;0;0;0;0.000101291;0.03642095299999996;4.4041e-05;0.03635349599999996;2.3416e-05;0.01234793799999942
progressive_60s;60.0;10000000;free_order_v1;unordered-final-consolidated;111;0;50;322;4;14;214.20813806359016;69983;69983;0;0;0;1268;27240;69984;357228;68709;287245;0;288519;287245;1274;27239;1;357223;287245;27240;357228;13.114096916299559;27;330005;27240;12.11472099853157;26;1;5;5;5;7;6;415.70891655099246;1495.1635744714597;1495.1635744714597;1495.1635744714597;1418.5489933109698;1352.545760080359;0.000214833;72.19642561865209;1352.5457600803588;1352.545760080359;2.2737367544323206e-13;1.681079355346344e-16;True;optimal;True;False;False;False;24.275673542;24.275673542;24.27090425;24.27090425;0.00034687957849763513;2.5691262848751837;0.0007904003144054144;0;0;0;0;0;0;0;0;0;1727222;0;0;0;41525;7604ac1b38a7629d72ea441371a014059e1a517f5c39ddbfbe63a490c2658127;4.1917e-05;0.000177917;3.5667e-05;22.94306405000014;0.17479613500000069;7.28609920300002;8.32412683999996;0;0;0;0.000191875;0.976303298000046;6.7375e-05;0.9762019650000461;3.3958e-05;0.351446359999816
progressive_10s;10.0;10000000;free_order_v1;unordered-final-consolidated;112;0;50;435;4;40;214.20813806359016;7855;7855;0;0;0;521;3092;7856;43295;7329;35440;0;35966;35440;526;3091;1;43282;35440;3092;43295;14.002263906856404;26;40217;3092;13.006791720569211;26;1;13;13;13;6;5;338.2989470867446;873.5977310270538;873.5977310270538;873.5977310270538;846.8691487381964;825.04368208637;0.000376;61.275203097308854;825.04368208637;825.04368208637;0;0;True;optimal;True;False;False;False;4.395618;4.395618;4.3948295;4.3948295;0.0005595949077021005;2.5404269081500646;0.029138860565226556;0;0;0;0;0;0;0;0;0;207038;0;0;0;4249;1edbefb438d54ea114ae6b135b5bf6fc8b0e4b7a6d9e061d448ab2b0f62c3af3;4.3290999999999996e-05;0.00033675;5.525e-05;4.188274654999993;0.026685382999999892;1.5728784369999986;1.5147068560000023;0;0;0;0.001280833;0.1632847580000001;0.000210125;0.16302130000000012;5.3333e-05;0.0422527120000073
progressive_60s;60.0;10000000;free_order_v1;unordered-final-consolidated;113;0;60;286;4;11;272.1329303702744;44126;44126;0;0;0;1161;19998;44127;309909;42954;265783;0;266955;265783;1172;19997;1;309907;265783;19998;309909;15.496999699969997;30;289939;19998;14.498399839983998;29;1;2;2;2;12;11;433.07245548522246;1145.5545969191571;1145.5545969191571;1145.5545969191571;1126.4746444855648;1050.6269777818552;0.000215;62.19538932060305;1050.626977781855;1050.6269777818552;2.2737367544323206e-13;2.1641713020093638e-16;True;optimal;True;False;False;False;20.076511625;20.076511625;20.073165833;20.073165833;0.0004549814536781036;2.2065206520652065;0.00013282686005467847;251;16;235;0;0;16;0;46;189;1304716;0;0;0;24906;f09ecd5839115d9a9b2b48e9ff3085bda8434a6eb55a030f9bce6d10b56fcca7;3.125e-05;0.000188958;3.5125e-05;19.063303097999874;0.19095132999999867;6.324522378999977;6.135713951000004;1.3312356229999998;0;0;2.6667e-05;0.7574561920000267;7.241700000000001e-05;0.7573506920000266;3.3083e-05;0.2524853760001
progressive_10s;10.0;10000000;free_order_v1;unordered-final-consolidated;114;0;60;324;4;20;272.1329303702744;21130;21130;0;0;0;1629;11730;21131;156685;19492;135555;0;137193;135555;1638;11729;1;156682;135555;11730;156685;13.357630008525149;32;144983;11730;12.36001705029838;31;1;3;3;3;10;9;328.8142892272171;920.137300725803;920.137300725803;920.137300725803;918.0497151646298;892.1509121578101;0.000506;64.26464952916821;892.1509121492611;892.1509121578101;8.549022822990082e-09;9.582485100321087e-12;True;optimal;True;False;False;False;7.986683791;7.986683791;7.985513292;7.985513292;0.00037797840941788924;1.8013640238704178;0.0004314556692332181;0;0;0;0;0;0;0;0;0;515174;0;0;0;11154;7889e43866531f645b03f5c5dfcf11992798797f60c8ffd8a3d95308df36f224;8.2334e-05;0.000434584;5.125e-05;7.460870759000034;0.052542398999999344;2.5929872980000024;2.7506174169999906;0;0;0;3.4459e-05;0.4093619069999853;0.000201084;0.40911178199998527;4.9041e-05;0.11549629199998074
progressive_10s;10.0;10000000;free_order_v1;unordered-final-consolidated;115;0;5;71;13;16;6.906890595608517;3;3;0;0;0;1;2;4;3;1;0;0;2;0;2;2;0;3;0;2;3;1.5;2;1;2;0.5;1;0;0;;0;2;1;95.69196099986664;102.41527407639889;102.41527407639889;102.41527407639889;99.43468842426977;99.43468842426977;2.3875e-05;6.564756221339449;99.43468842426975;99.43468842426977;1.4210854715202004e-14;1.4291647050340085e-16;True;optimal;True;False;False;False;0.000341875;0.000341875;0.000310875;0.000310875;0.00011395833333333333;1.5;0.0;0;0;0;0;0;0;0;0;0;20;0;0;0;1;ba011129430bc332e29c1761716be49e411d3edfba5bc22f095b183822c4a60e;1.1125e-05;1.4375e-05;2.625e-06;0.000294876;1.5250000000000001e-05;0.000101;7.625000000000001e-05;0;0;0;0;1.2085e-05;3.209e-06;6.793e-06;2.083e-06;9.205999999999993e-06
progressive_10s;10.0;10000000;free_order_v1;unordered-final-consolidated;116;0;5;33;4;12;6.906890595608517;4;4;0;0;0;1;3;5;6;2;2;0;4;2;2;3;0;6;2;3;6;2.0;3;3;3;1.0;2;0;0;;0;3;2;116.41258737782611;130.90396692111813;130.90396692111813;130.90396692111813;130.9039669203807;130.80818831886174;1.9667e-05;11.070237124306878;130.80818831886174;130.80818831886174;0;0;True;optimal;True;False;False;False;0.000668958;0.000668958;0.000643916;0.000643916;0.0001672395;1.3333333333333333;0.0;0;0;0;0;0;0;0;0;0;18;0;0;0;1;210ca5e0164fdd508e7d7eb6a62fc727ff180e5e8d7145790cf60262703eb2dc;7.374e-06;1.3792e-05;1.75e-06;0.0006211669999999999;5.667e-06;0.00026779099999999997;0.000164917;0;0;0;0;1.2542e-05;2.6250000000000003e-06;8.5e-06;1.417e-06;1.4249000000000077e-05
progressive_10s;10.0;10000000;free_order_v1;unordered-final-consolidated;117;0;10;67;4;10;21.791061114716957;9;9;0;0;0;1;5;10;15;6;6;0;9;6;3;5;0;15;6;5;15;3.0;5;10;5;2.0;4;0;0;;0;3;2;164.4915587499857;231.1288502003606;231.1288502003606;231.1288502003606;216.01890805797368;210.21047346205643;2.8958e-05;28.831230455483368;210.21047346205643;210.21047346205643;0;0;True;optimal;True;False;False;False;0.001279375;0.001279375;0.001240417;0.001240417;0.00014215277777777777;1.8;0.0;0;0;0;0;0;0;0;0;0;66;0;0;0;3;ce69b66dab2405ff7c8a9b847b863c25bcd0ca94760008d07ed81ab2dc691981;1.1041e-05;1.9458e-05;3.583e-06;0.0011877899999999998;1.1833000000000002e-05;0.00039829300000000003;0.000311335;0;0;0;0;3.4833000000000003e-05;6.25e-06;2.5458000000000003e-05;3.125e-06;2.7169000000000183e-05
progressive_10s;10.0;10000000;free_order_v1;unordered-final-consolidated;118;0;9;67;4;25;18.469133019829595;8;8;0;0;0;0;6;9;17;6;9;0;11;9;2;6;0;17;9;6;17;2.8333333333333335;4;11;6;1.8333333333333333;3;0;0;;0;3;2;224.91000088924457;357.12862709421586;357.12862709421586;357.12862709421586;353.4921285506392;337.695634135542;3.1208e-05;37.02269047451355;337.6956341355409;337.695634135542;1.0800249583553523e-12;3.1982200809912137e-15;True;optimal;True;False;False;False;0.000757459;0.000757459;0.000716791;0.000716791;9.4682375e-05;1.3333333333333333;0.0;0;0;0;0;0;0;0;0;0;44;0;0;0;3;cf9dab3410e6f782733fdac6fd6c3dc9e7512f0285f2375b45918ea761304738;1.3042e-05;1.9667e-05;3.625e-06;0.0006634189999999999;6.834e-06;0.000257249;0.000207291;0;0;0;0;3.712099999999999e-05;5.1239999999999996e-06;2.8829999999999997e-05;3.167e-06;2.45420000000001e-05
progressive_10s;10.0;10000000;free_order_v1;unordered-final-consolidated;119;0;15;104;4;14;40.25014046988262;16;16;0;0;0;1;9;17;41;11;25;0;30;25;5;9;0;41;25;9;41;4.555555555555555;8;32;9;3.5555555555555554;7;0;0;;0;5;4;361.3335103474351;474.0772783831544;474.0772783831544;474.0772783831544;470.2754038405538;457.21327150028054;5.3209e-05;23.781727827208492;457.21327150028054;457.21327150028054;0;0;True;optimal;True;False;False;False;0.002991041;0.002991041;0.002918833;0.002918833;0.0001869400625;1.7777777777777777;0.0;0;0;0;0;0;0;0;0;0;185;0;0;0;5;5d1c4b48035d81e8741391e6c2160836f9add0e28b29fc70578280d91e6152f1;1.55e-05;3.9667e-05;7.791e-06;0.0027779999999999997;8.1586e-05;0.0010917070000000001;0.000865416;0;0;0;0;0.000101914;1.4251000000000001e-05;8.0455e-05;7.208e-06;6.037800000000036e-05
progressive_10s;10.0;10000000;free_order_v1;unordered-final-consolidated;120;0;15;92;4;10;40.25014046988262;20;20;0;0;0;3;8;21;36;15;16;0;21;16;5;8;0;36;16;8;36;4.5;8;28;8;3.5;7;0;0;;0;3;2;137.2499621129274;238.68808141395277;238.68808141395277;238.68808141395277;223.30660501028828;221.52552930347707;3.8541e-05;42.49819207566671;221.52552930347704;221.52552930347707;2.842170943040401e-14;1.2829992786731104e-16;True;optimal;True;False;False;False;0.005666292;0.005666292;0.005611292;0.005611292;0.0002833146;2.5;0.0;1;0;1;0;0;0;0;0;1;221;0;0;0;9;463db9d93fe7c35b3edafd8d89ce2f1ea1cd3db7d6ef8f37bb3053b4e7bc0017;1.5083e-05;2.5416e-05;6.5e-06;0.005458167000000001;9.3249e-05;0.001117124;0.000980416;0.002273541;0;0;0;0.00010537699999999999;9.166e-06;9.025299999999999e-05;5.958e-06;6.287199999999962e-05
progressive_10s;10.0;10000000;free_order_v1;unordered-final-consolidated;121;0;20;134;4;16;61.07738392090622;18;18;0;0;0;1;14;19;78;15;60;0;63;60;3;14;0;78;60;14;78;5.571428571428571;9;64;14;4.571428571428571;8;0;0;;0;3;2;284.5350804382475;553.5365192844633;553.5365192844633;553.5365192844633;548.6208102539126;541.3127609227976;6.2709e-05;48.59687292067815;541.3127609227976;541.3127609227976;0;0;True;optimal;True;False;False;False;0.002639167;0.002639167;0.002555416;0.002555416;0.0001466203888888889;1.2857142857142858;0.0;0;0;0;0;0;0;0;0;0;202;0;0;0;4;586d194f048e7228912af4846322c1d664838b96899b8cbb3cd08e0f25ec24d2;1.8584e-05;4.625e-05;8.709e-06;0.002355875;2.1708000000000003e-05;0.000661582;0.0007382080000000001;0;0;0;0;0.00014395300000000002;1.7540999999999997e-05;0.00011828700000000004;8.125e-06;8.125400000000009e-05
progressive_10s;10.0;10000000;free_order_v1;unordered-final-consolidated;122;0;20;122;4;10;61.07738392090622;141;141;0;0;0;20;98;142;762;117;621;0;645;621;24;96;2;758;621;98;762;7.775510204081633;15;691;98;7.051020408163265;15;1;2;2;2;5;4;232.2885431957418;409.4379794041931;409.4379794041931;409.4379794041931;392.627039955649;391.5526475864255;6.4667e-05;43.26648848410106;391.55264758642545;391.5526475864255;5.684341886080802e-14;1.4517439534937954e-16;True;optimal;True;False;False;False;0.054861083;0.054861083;0.054765333;0.054765333;0.000389085695035461;1.4387755102040816;0.07200003689318346;1;0;1;0;0;0;0;0;1;2225;0;0;0;47;bdf0d509761f1e2d23184fc95384805a4f9beb179592786ca92de9b0bafd63f3;1.6041e-05;5.075e-05;1.3208e-05;0.053142460000000016;0.0005417080000000002;0.020055044;0.014898540000000004;0.005955917;0;0;3.95e-05;0.0010711699999999998;1.8126e-05;0.0010406269999999997;1.2417e-05;0.0005427459999999833
progressive_60s;60.0;10000000;free_order_v1;unordered-final-consolidated;123;0;30;234;7;10;107.70906734197344;30770;30770;0;0;0;10589;14129;30771;242076;20178;211306;0;221898;211306;10592;14129;0;242076;211306;14129;242076;17.133271993771675;25;227947;14129;16.133271993771675;24;0;0;;0;5;4;206.0950841238092;339.69020054107597;339.69020054107597;339.69020054107597;319.3930361908457;314.64031251412985;9.9875e-05;39.32851645542604;314.64031251412985;314.64031251412985;0;0;True;optimal;True;False;False;False;26.175369;26.175369;26.174621417;26.174621417;0.0008506782255443614;2.177790360251964;0.0;56;0;56;0;0;0;0;56;0;1391272;0;0;0;11660;9aa2b6ec730b085edc5675b73430af17bec84b6a604b57b8f7436bbedbba279a;2.2584000000000003e-05;8.0709e-05;3.6416e-05;25.472081648000138;0.7801671409999947;10.47403113099992;8.675338452999943;0.321752625;0;0;0;0.4967523989999924;4.4333e-05;0.4966728579999924;3.5208e-05;0.2058669109998703
progressive_10s;10.0;10000000;free_order_v1;unordered-final-consolidated;124;0;30;133;4;8;107.70906734197344;120;120;0;0;0;7;84;121;673;112;553;0;561;553;8;84;0;673;553;84;673;8.011904761904763;19;589;84;7.011904761904762;18;0;0;;0;2;1;380.05425625823483;702.3589057976301;702.3589057976301;702.3589057976301;694.9637099704088;694.9637099704088;9.0375e-05;45.88888200589864;694.9637099704087;694.9637099704088;1.1368683772161603e-13;1.6358672559529296e-16;True;optimal;True;False;False;False;0.03600325;0.03600325;0.035871417;0.035871417;0.00030002708333333336;1.4285714285714286;0.0;0;0;0;0;0;0;0;0;0;1862;0;0;0;35;bcd4e68b5d6c7a60afcfa3355fa2b7fdd95ca155617b0b61109ddd72d6a30f05;2.1042e-05;7.1666e-05;1.6167e-05;0.034291326999999996;0.00023970100000000001;0.014081371;0.010589332999999998;0;0;0;0;0.0010574590000000017;2.7125000000000002e-05;0.0010154170000000017;1.4917e-05;0.0005646730000000045
progressive_10s;10.0;10000000;free_order_v1;unordered-final-consolidated;125;0;40;366;4;23;159.15903982417854;1041;1041;0;0;0;79;602;1042;7681;957;6640;0;6724;6640;84;594;8;7649;6640;602;7681;12.759136212624584;30;7247;602;12.038205980066445;29;1;4;4;4;6;5;447.4859324045841;743.2672635716768;743.2672635716768;743.2672635716768;724.1463586533245;715.0389977253462;0.000216833;39.79474755093518;715.0389977253462;715.0389977253462;0;0;True;optimal;True;False;False;False;0.746198625;0.746198625;0.745809291;0.745809291;0.0007168094380403459;1.7292358803986712;0.010235210497741135;0;0;0;0;0;0;0;0;0;26782;0;0;0;357;25d64bce06a6abc9db0cdfdec2f566217233b4077332da26af0ae7b789cfd198;2.925e-05;0.00019225;7.0333e-05;0.7017077780000013;0.003934322000000001;0.245614559;0.2091174129999998;0;0;0;7.6375e-05;0.038386895999999913;0.00010791699999999999;0.038210020999999914;6.8958e-05;0.00581511699999885
progressive_10s;10.0;10000000;free_order_v1;unordered-final-consolidated;126;0;40;226;4;12;159.15903982417854;461;461;0;0;0;29;322;462;3688;429;3227;1;3260;3228;32;321;0;3688;3227;321;3688;11.489096573208723;23;3390;322;10.527950310559007;23;0;0;;0;4;3;480.8468571177314;1097.6010659927988;1097.6010659927988;1097.6010659927988;1065.224559679902;1057.5301774602917;0.000146875;56.191108772038476;1057.5301774602917;1057.5301774602917;0;0;True;optimal;True;False;False;False;0.174616125;0.174616125;0.174399667;0.174399667;0.00037877684381778745;1.4316770186335404;0.0;1;0;1;0;0;0;0;0;1;10525;0;0;0;159;8aa9ed6c07b0146c4a71515ead8de30ab7a966607864ca5bbe64909fb3a9cf50;2.9666e-05;0.000122334;2.7708e-05;0.163910129;0.001293869000000001;0.056358247000000014;0.051209177000000015;0.006077459;0;0;0;0.008181088000000006;4.9292e-05;0.008105630000000008;2.6166e-05;0.0023839080000000127
progressive_10s;10.0;10000000;free_order_v1;unordered-final-consolidated;127;0;50;429;4;43;214.20813806359016;621;621;0;0;0;64;293;622;3621;548;3000;0;3073;3000;73;282;11;3570;3000;293;3621;12.358361774744028;26;3518;293;12.006825938566553;26;2;9;4;5;10;9;765.980207642469;1702.1385125199822;1702.1385125199822;1702.1385125199822;1648.4339262107042;1487.6399044880147;0.000255167;54.99894973244859;1487.6399044880147;1487.6399044880147;0;0;True;optimal;True;False;False;False;1.716711291;1.716711291;1.716303208;1.716303208;0.002764430420289855;2.1194539249146755;0.015516586941350758;212;16;196;16;0;0;0;131;65;10838;0;0;0;278;a598cf953a86ed11c69f7876c34260d15ce999ec3405bb49aab5f9874da6d595;4.3083e-05;0.000215916;6.6167e-05;1.6967200929999993;0.009370036999999998;0.06651386699999998;0.09050570000000005;1.4451836240000002;0;0;0.000266375;0.016031205000000024;0.000105959;0.015860663000000025;6.4583e-05;0.0034560770000007374
progressive_10s;10.0;10000000;free_order_v1;unordered-final-consolidated;128;0;50;295;4;11;214.20813806359016;10824;10824;0;0;0;785;6259;10825;85611;10031;74787;1;75581;74788;793;6257;1;85607;74787;6258;85611;13.680249280920421;36;79419;6259;12.688768173829684;35;1;4;4;4;9;8;389.16369923208407;1101.4322844787473;1101.4322844787473;1101.4322844787473;1064.8120567238311;1001.3708999200355;0.000191917;64.66748753272147;1001.3708999071935;1001.3708999200355;1.2842065189033747e-08;1.282448410479998e-11;True;optimal;True;False;False;False;5.377792125;5.377792125;5.377208958;5.377208958;0.0004968396272172949;1.7293497363796133;0.0011753522362116218;63;52;11;52;0;0;0;1;10;293532;0;0;0;3925;f596ac5e770a378c0e7ae82d6e36f9067ea2e9b7484f2d2f7aadc80d92317704;3.5292e-05;0.000162084;4.8291e-05;5.095288032999985;0.0569947329999997;1.7018486479999955;1.5455702410000036;0.47423079000000007;0;0;6.3208e-05;0.21587654500000128;6.387500000000001e-05;0.2157660450000013;4.6625e-05;0.06609167200001348
unlimited_1b_calls;;1000000000;free_order_v1;unordered-final-consolidated;129;0;60;911;10;18;272.1329303702744;13899846;13899846;0;0;0;1928840;8755742;13899847;249332852;11970994;235433006;1;237361859;235433007;1928852;8755622;119;249332218;235433006;8755741;249332852;28.476499247750706;49;240582232;8755742;27.477080982970946;49;15;79;4;6;13;12;410.73416268920215;1273.9676919587325;1273.9676919587325;1273.9676919587325;1242.2101834332184;1062.1128964832574;0.000468958;67.75945219947485;1062.1128962413156;1062.1128964832574;2.419417342025554e-07;2.2779285987736731e-10;True;optimal;True;False;False;False;20862.645174292;20862.645174292;20862.005578208;20862.005578208;0.0015009263537374444;1.5875120578016118;1.4066217277261386e-05;0;0;0;0;0;0;0;0;0;755594070;0;0;0;4814041;d872a42ac28fce7d12f75a659a69b8a0128bd51727ea5984d5d745ecf83cfa80;4.7292e-05;0.0004255;0.000204083;19372.50753253608;102.45499028854526;5980.6332760759;5667.931396109672;0;0;0;0.002934585;1325.2557237079736;0.00022745800000000002;1325.2552943339738;0.000201916;164.23981675294658
progressive_600s;600.0;10000000;free_order_v1;unordered-final-consolidated;130;0;60;380;4;17;272.1329303702744;540047;540047;0;0;0;72508;386076;540048;6819838;467521;6279791;0;6352317;6279791;72526;386074;2;6819834;6279791;386076;6819838;17.66449610957428;51;6433849;386076;16.664721453807022;51;2;4;2;2;19;18;931.9494446052319;3214.064288209346;3214.064288209346;3214.064288209346;3070.224461099044;2718.0524425599738;0.000548375;71.00401980059803;2718.0524425599733;2718.0524425599738;4.547473508864641e-13;1.6730631968902127e-16;True;optimal;True;False;False;False;530.852044333;530.852044333;530.837260125;530.837260125;0.0009829737862315686;1.3988100788445799;1.2307195704989514e-05;0;0;0;0;0;0;0;0;0;17292288;0;0;0;224030;b2ee165384b008ca0df3a26922894b161b271369a97b29332d5255f338d483d9;7.7625e-05;0.00048025;7.8e-05;499.7918583539987;3.1290825349997546;180.00012365500191;171.23557674499384;0;0;0;6.5333e-05;23.69090206592061;0.000230459;23.69059577392061;7.5833e-05;7.354740664080644
progressive_10s;10.0;10000000;free_order_v1;unordered-final-consolidated;131;0;51;278;4;8;219.8805634055617;3316;3316;0;0;0;601;1073;3317;11673;2711;8357;1;8963;8358;605;1072;0;11673;8357;1072;11673;10.888992537313433;24;10624;1073;9.90121155638397;23;0;0;;0;5;4;87.34559634005596;252.90022779768506;252.90022779768506;252.90022779768506;233.17026683087892;225.1342609293613;0.000189584;65.46242876066896;225.1342609293613;225.1342609293613;0;0;True;optimal;True;False;False;False;3.459347666;3.459347666;3.458983666;3.458983666;0.0010432290910735826;3.0904007455731595;0.0;261;3;258;3;0;0;0;71;187;86826;0;0;0;1648;e31e612a4dfa4ae5fe1084fa930f67b13c6e57af3161512b1bd023a9174e99cb;3.3042e-05;0.00016025;3.5959e-05;3.411747451999998;0.05322465200000001;0.9235909779999995;0.6692024880000017;1.424273708;0;0;0;0.03375777000000002;6.308299999999999e-05;0.03366022900000002;3.4458e-05;0.013575985000001976
progressive_10s;10.0;10000000;free_order_v1;unordered-final-consolidated;132;0;10;51;4;6;21.791061114716957;10;10;0;0;0;1;5;11;15;8;5;0;7;5;2;5;0;15;5;5;15;3.0;5;10;5;2.0;4;0;0;;0;2;1;10962.583045249874;15285.251963700062;15285.251963700062;15285.251963700062;13753.686368386861;13753.686368386861;2.6292e-05;28.279997796018076;13753.68636838686;13753.686368386861;1.8189894035458565e-12;1.322546810233249e-16;True;optimal;True;False;False;False;0.015148083;0.015148083;0.015112625;0.015112625;0.0015148083;2.0;0.0;6;0;6;0;0;0;0;6;0;77;0;0;0;4;69113399e1fb938d7f6fcbfcf63dee3f5b2aa9f57c05d8ffd29a8f5f8fb70a3a;1.1e-05;1.6708e-05;3.25e-06;0.015040667;9.7625e-05;0.0009002500000000001;0.0007206690000000001;0.012980334;0;0;0;2.875e-05;5.417e-06;2.0583000000000003e-05;2.75e-06;5.13749999999987e-05
progressive_10s;10.0;10000000;free_order_v1;unordered-final-consolidated;133;0;15;77;3;9;40.25014046988262;12;12;0;0;0;1;5;13;15;8;3;0;7;3;4;5;0;15;3;5;15;3.0;5;10;5;2.0;4;0;0;;0;4;3;11526.987823156578;20756.754246553806;20756.754246553806;20756.754246553806;20535.2338789467;14923.314079745773;3.7e-05;44.46632799022335;14923.314079745769;14923.314079745773;3.637978807091713e-12;2.4377821090217837e-16;True;optimal;True;False;False;False;0.002269458;0.002269458;0.002220416;0.002220416;0.00018912149999999997;2.4;0.0;0;0;0;0;0;0;0;0;0;90;0;0;0;4;52f54c2c2bf6d3f42700627d59d365eee98bbf31210c7e9fa2ca7a706ab48bf1;1.275e-05;2.6167e-05;4.459e-06;0.0021414169999999996;1.5541e-05;0.0010964599999999998;0.000592583;0;0;0;0;5.704099999999999e-05;9.792e-06;4.329099999999999e-05;3.958e-06;3.570800000000018e-05
progressive_10s;10.0;10000000;free_order_v1;unordered-final-consolidated;134;0;20;104;3;7;61.07738392090622;90;90;0;0;0;35;24;91;163;54;73;0;109;73;36;24;0;163;73;24;163;6.791666666666667;10;139;24;5.791666666666667;9;0;0;;0;2;1;12106.006292151016;22311.73751160857;22311.73751160857;22311.73751160857;20597.92066423464;20597.92066423464;5.7084e-05;45.741534984210055;20597.920664234636;20597.92066423464;3.637978807091713e-12;1.7661874061921918e-16;True;optimal;True;False;False;False;0.111768542;0.111768542;0.111692417;0.111692417;0.0012418726888888888;3.75;0.0;20;1;19;1;0;0;0;15;4;2076;0;0;0;36;f580d4699498fca1c466d3e7b31c3e3cce86e892a33e7f1dc3b0ad95d87e2d4b;1.7250999999999998e-05;4.1792e-05;7.458e-06;0.11109641700000006;0.0009048779999999999;0.018746584;0.013038877999999997;0.073080332;0;0;0;0.0003844999999999999;1.7582999999999998e-05;0.00036012499999999993;6.792e-06;0.00023587499999994387
progressive_10s;10.0;10000000;free_order_v1;unordered-final-consolidated;135;0;25;134;3;7;83.68151360887518;125;125;0;0;0;69;33;126;259;53;134;0;206;134;72;33;0;259;134;33;259;7.848484848484849;11;226;33;6.848484848484849;10;0;0;;0;4;3;13460.247886276093;27069.64676732017;27069.64676732017;27069.64676732017;23831.11584328244;22791.43845592552;6.8375e-05;50.275494904034076;22791.43845592552;22791.43845592552;0;0;True;optimal;True;False;False;False;0.291354125;0.291354125;0.2912485;0.2912485;0.002330833;3.787878787878788;0.0;45;0;45;0;0;0;0;6;39;2868;0;0;0;29;4749bfa85361a1ad2e75c4237569372e4e41e73849190596abd198062508fbdf;2.0209e-05;5.0334e-05;1.7875e-05;0.29015503399999987;0.001769208000000001;0.03952309000000001;0.030299549999999995;0.209281086;0;0;0;0.0006919109999999999;2.4333e-05;0.0006509109999999999;1.6667e-05;0.00044255500000015403
progressive_10s;10.0;10000000;free_order_v1;unordered-final-consolidated;136;0;30;163;3;8;107.70906734197344;51;51;0;0;0;12;29;52;169;38;118;0;131;118;13;29;0;169;118;29;169;5.827586206896552;10;140;29;4.827586206896552;9;0;0;;0;2;1;13133.866174375311;24620.965431482055;24620.965431482055;24620.965431482055;23016.041856663436;23016.041856663436;9.0291e-05;46.65576290691896;23016.041856663436;23016.041856663436;0;0;True;optimal;True;False;False;False;0.012716;0.012716;0.012592792;0.012592792;0.00024933333333333334;1.7586206896551724;0.0;0;0;0;0;0;0;0;0;0;743;0;0;0;20;25b9869168ec131234e249dee7d517abf49d8a0a409577737a97d923514b9b65;2.4375e-05;6.8375e-05;1.4459e-05;0.012021044000000005;0.00029908500000000004;0.005094079999999999;0.003942082;0;0;0;0;0.00044750099999999994;3.3166999999999996e-05;0.0004011669999999999;1.3167e-05;0.00017058099999999528
progressive_10s;10.0;10000000;free_order_v1;unordered-final-consolidated;137;0;35;192;4;8;132.92440362991408;86;86;0;0;0;26;38;87;238;57;152;0;181;152;29;38;0;238;152;38;238;6.2631578947368425;13;200;38;5.2631578947368425;12;0;0;;0;4;3;13031.919179859888;27872.325170022013;27872.325170022013;27872.325170022013;27280.145906284553;25801.309843248582;0.000115917;53.244233839965645;25801.309843248582;25801.309843248582;0;0;True;optimal;True;False;False;False;0.073262958;0.073262958;0.073096125;0.073096125;0.0008518948604651163;2.263157894736842;0.0;12;1;11;0;0;1;0;1;10;1434;0;0;0;35;7bd7dc0859c0655dfd796c6cb3899acb395660b14f655ad885586fa27272f456;2.7667e-05;9.0667e-05;2.4584e-05;0.07199966799999999;0.001102373;0.015312043000000003;0.010659533999999998;0.038642333;0;0;0;0.0008287919999999994;4.4708e-05;0.0007607919999999995;2.3292e-05;0.0003356650000000095
progressive_10s;10.0;10000000;free_order_v1;unordered-final-consolidated;138;0;40;220;3;8;159.15903982417854;669;669;0;0;0;193;201;670;2001;471;1332;1;1531;1333;198;200;0;2001;1332;200;2001;10.005;16;1817;201;9.039800995024876;16;0;0;;0;6;5;13233.225744435858;27758.639003788347;27758.639003788347;27758.639003788347;24925.489184251648;24181.977819484233;0.000136209;52.32754119310439;24181.977819484233;24181.977819484233;0;0;True;optimal;True;False;False;False;1.307994333;1.307994333;1.307782;1.307782;0.0019551484798206275;3.328358208955224;0.0;176;2;174;2;0;0;0;3;171;14456;0;0;0;296;52b271cf2758786cfcf8f3331d4444d81cbecf6a16ba5d47bb7c7d995bfb1920;3.0958e-05;0.000108584;2.9625e-05;1.2992408219999991;0.011102114000000007;0.13983134199999997;0.11386098699999998;0.9734119519999993;0;0;0;0.005874840999999998;5.3708e-05;0.005792799999999997;2.8333e-05;0.0027483780000008735
progressive_10s;10.0;10000000;free_order_v1;unordered-final-consolidated;139;0;45;247;3;9;186.28645872124443;1836;1836;0;0;0;341;521;1837;5064;1489;3228;1;3576;3229;347;520;0;5064;3228;520;5064;9.738461538461538;22;4566;521;8.763915547024952;22;0;0;;0;7;6;12005.217143892067;32449.452176449075;32449.452176449075;32449.452176449075;31712.096096366367;27567.057900828288;0.000381959;63.00332875078513;27567.057900828284;27567.057900828288;3.637978807091713e-12;1.3196833772320714e-16;True;optimal;True;False;False;False;4.076789292;4.076789292;4.076269334;4.076269334;0.002220473470588235;3.523992322456814;0.0;411;8;403;8;0;0;0;120;283;37651;0;0;0;970;448cd1e64bc8ad8b282b933ee1a83a629218e5f8346facde2aa88cd648f0afc7;8.9583e-05;0.000303375;3.6667e-05;4.055878267999999;0.026722250000000034;0.5133144559999999;0.40136995200000036;2.952266613000002;0;0;0;0.013267718000000062;0.000166417;0.013066342000000062;3.4959e-05;0.007324724000001006
progressive_600s;600.0;10000000;free_order_v1;unordered-final-consolidated;140;0;50;280;3;8;214.20813806359016;30321;30321;0;0;0;13415;9396;30322;128405;16895;98084;0;111510;98084;13426;9396;0;128405;98084;9396;128405;13.665921668795232;24;119009;9396;12.665921668795232;23;0;0;;0;12;11;14376.482115955907;36220.19558104314;36220.19558104314;36220.19558104314;33984.386503583344;33110.403396592454;0.00018125;60.308104676606874;33110.40339627616;33110.403396592454;3.162931534461677e-07;9.55268196698319e-12;True;optimal;True;False;False;False;118.531486125;118.531486125;118.530687292;118.530687292;0.003909220874146631;3.2270114942528734;0.0;7508;92;7416;88;0;4;0;644;6772;984391;0;0;0;8819;c6e3c571e2dcf07caa9e2a225a388fad838e09c21d9436da54a2a0280e9587fa;3.5e-05;0.000150416;4.0167e-05;117.58232794099953;1.2469359009999923;18.14545717199992;13.77383521199984;77.82108973299991;0;0;0;0.611439388999999;7.2042e-05;0.611328805999999;3.8541e-05;0.3370305450004635
progressive_600s;600.0;10000000;free_order_v1;unordered-final-consolidated;141;0;60;335;4;10;272.1329303702744;25090;25090;0;0;0;14923;7745;25091;103541;10161;78451;3;93383;78454;14929;7742;0;103541;78451;7742;103541;13.373934383880135;27;95874;7745;12.378825048418335;27;0;0;;0;7;6;13795.21745145034;42374.60993335475;42374.60993335475;42374.60993335475;35698.477471090846;34609.814177605556;0.000256709;67.44461489286401;34609.814177605556;34609.814177605556;0;0;True;optimal;True;False;False;False;108.54307125;108.54307125;108.542115708;108.542115708;0.004326148714627342;3.2395093608779857;0.0;7659;21;7638;21;0;0;0;1483;6155;869801;0;0;0;4831;f02d5a710b8096d7987823e3b6d0ee3dc9f9073b3356cd338b679515b8c7a68c;5.1958e-05;0.000210625;0.000135;107.75453317599958;1.0050563450000007;11.722262888000007;10.326086425999923;79.91428673500025;0;0;0;0.5315965359999989;8.6833e-05;0.5313779119999988;0.000131791;0.2562046200004151
progressive_10s;10.0;10000000;free_order_v1;unordered-final-consolidated;142;0;4;16;4;4;4.584962500721156;1;1;0;0;0;0;2;2;3;1;2;0;2;2;0;2;0;3;2;2;3;1.5;2;1;2;0.5;1;0;0;;0;1;0;50.77894150137437;55.46956885282304;55.46956885282304;55.46956885282304;;55.46956885282304;1.3709e-05;8.456217433191657;55.469568852670676;55.46956885282304;1.5236167882903828e-10;2.746761548359936e-12;True;optimal;True;False;False;False;7.0167e-05;7.0167e-05;5.2542e-05;5.2542e-05;7.0167e-05;0.5;0.0;0;0;0;0;0;0;0;0;0;2;0;0;0;1;26371ac533ba3b8f587051cada0c32c7bf006348e3af00c861dddf82e1b56443;6.376e-06;8.791e-06;1.166e-06;4.5959e-05;1.584e-06;8.583e-06;1.1416e-05;0;0;0;0;3.4590000000000003e-06;1.167e-06;1.417e-06;8.75e-07;5.166000000000001e-06
progressive_10s;10.0;10000000;free_order_v1;unordered-final-consolidated;143;0;5;20;4;4;6.906890595608517;3;3;0;0;0;0;3;4;6;2;3;0;4;3;1;3;0;6;3;3;6;2.0;3;3;3;1.0;2;0;0;;0;2;1;254.01266602277929;398.8074050878526;398.8074050878526;398.8074050878526;398.8034501174035;398.8034501174035;1.6542e-05;36.306933426468525;398.8034501174035;398.8034501174035;0;0;True;optimal;True;False;False;False;0.000498333;0.000498333;0.000462083;0.000462083;0.000166111;1.0;0.0;0;0;0;0;0;0;0;0;0;12;0;0;0;1;d4fac4f5249a3dd8138687e93d6085482a0d4f9719a8a0e5e1724c36b556cb96;6.417e-06;1.1459e-05;1.6333e-05;0.00044641600000000004;3.5819999999999998e-06;0.000280459;8.0333e-05;0;0;0;0;2.2165999999999997e-05;1.792e-06;4.541e-06;1.5833e-05;1.1125999999999971e-05
progressive_10s;10.0;10000000;free_order_v1;unordered-final-consolidated;144;0;10;42;4;6;21.791061114716957;8;8;0;0;0;1;5;9;15;6;7;0;9;7;2;5;0;15;7;5;15;3.0;5;10;5;2.0;4;0;0;;0;2;1;181.3817281315844;244.70528474197627;244.70528474197627;244.70528474197627;225.8454242016219;225.8454242016219;2.5625e-05;25.8774781579245;225.8454242016219;225.8454242016219;0;0;True;optimal;True;False;False;False;0.001125042;0.001125042;0.001090709;0.001090709;0.00014063025;1.6;0.0;0;0;0;0;0;0;0;0;0;56;0;0;0;2;ccb6e6bc8ebcb36d0116bb873570b77ed8801c775b6e91fbaeaca186c5ff0124;7.833e-06;1.925e-05;3.375e-06;0.001044084;1.0206999999999999e-05;0.00042650100000000003;0.000315126;0;0;0;0;2.5667e-05;4.416000000000001e-06;1.8584e-05;2.667e-06;2.8041000000000008e-05
progressive_10s;10.0;10000000;free_order_v1;unordered-final-consolidated;145;0;10;50;4;11;21.791061114716957;6;6;0;0;0;0;6;7;20;5;14;0;15;14;1;6;0;20;14;6;20;3.3333333333333335;5;14;6;2.3333333333333335;4;0;0;;0;2;1;163.47005627942997;265.53411047792275;265.53411047792275;265.53411047792275;262.65031375288766;262.65031375288766;2.9167e-05;38.43726669044228;262.65031375288766;262.65031375288766;0;0;True;optimal;True;False;False;False;0.00107675;0.00107675;0.001031625;0.001031625;0.00017945833333333334;1.0;0.0;0;0;0;0;0;0;0;0;0;36;0;0;0;2;65c13b8945ed6867864571ea05d80467a3aadbfa52f9e9f190f63c5511b64578;1.7165999999999998e-05;2.0584e-05;3.584e-06;0.000962334;1.221e-05;0.00028779200000000004;0.000390999;0;0;0;0;3.5416e-05;5.083e-06;2.7333e-05;3e-06;4.1957999999999967e-05
progressive_10s;10.0;10000000;free_order_v1;unordered-final-consolidated;146;0;15;68;4;8;40.25014046988262;65;65;0;0;0;8;39;66;286;55;221;0;231;221;10;39;0;286;221;39;286;7.333333333333333;12;247;39;6.333333333333333;11;0;0;;0;3;2;150.98021227962292;287.67502198267607;287.67502198267607;287.67502198267607;279.64926420756615;276.4777643267413;5.7958e-05;47.51709368472212;276.47776432477855;276.4777643267413;1.96274640984484e-09;7.0991112599032276e-12;True;optimal;True;False;False;False;0.019250125;0.019250125;0.019171041;0.019171041;0.00029615576923076924;1.6666666666666667;0.0;0;0;0;0;0;0;0;0;0;1013;0;0;0;20;35bf70c8ba593c81218569e7bdb9299cb81ee63dcbffb68df56699c464a6ca27;1.7626e-05;4.5292e-05;6.25e-06;0.018428460000000008;0.000401331;0.0077602090000000006;0.005876332;0;0;0;0;0.00044016500000000007;2.4457e-05;0.00041004100000000004;5.667e-06;0.0003325399999999921
progressive_10s;10.0;10000000;free_order_v1;unordered-final-consolidated;147;0;15;82;4;14;40.25014046988262;22;22;0;0;0;1;15;23;78;19;56;0;59;56;3;15;0;78;56;15;78;5.2;10;63;15;4.2;9;0;0;;0;3;2;421.67453610575063;796.4514088083304;796.4514088083304;796.4514088083304;787.2050215962594;785.3986108023142;4.6084e-05;47.05583649645744;785.3986108023141;785.3986108023142;1.1368683772161603e-13;1.4475049504541477e-16;True;optimal;True;False;False;False;0.003000958;0.003000958;0.002939625;0.002939625;0.00013640718181818183;1.4666666666666666;0.0;0;0;0;0;0;0;0;0;0;244;0;0;0;9;78135ebd5c79f301cec4f66b7eb08de1d30f4bbfaa83a1665738ea084d1d9e9c;1.3583999999999999e-05;3.4333e-05;6.459e-06;0.0027502520000000003;2.5627e-05;0.0009437059999999999;0.0008503340000000001;0;0;0;0;9.821099999999999e-05;9.207999999999999e-06;8.400299999999999e-05;5e-06;0.00010536999999999964
progressive_10s;10.0;10000000;free_order_v1;unordered-final-consolidated;148;0;20;118;4;12;61.07738392090622;120;120;0;0;0;21;75;121;555;98;435;0;457;435;22;75;0;555;435;75;555;7.4;13;480;75;6.4;12;0;0;;0;2;1;141.01557431716537;247.15674813311665;247.15674813311665;247.15674813311665;244.00829898842838;244.00829898842838;6.3166e-05;42.944881989944484;244.00829898645418;244.00829898842838;1.9742003587452928e-09;8.090709893596346e-12;True;optimal;True;False;False;False;0.031524708;0.031524708;0.031433125;0.031433125;0.0002627059;1.6;0.0;0;0;0;0;0;0;0;0;0;1768;0;0;0;29;20a9a776816e789e589cef8e79aedf3c29323c973ad4cae286dfe6c0fe05b874;1.7998999999999998e-05;4.7625e-05;1.1375e-05;0.030036418999999995;0.000746158;0.011164838999999996;0.010192957;0;0;0;0;0.0009527149999999996;1.85e-05;0.0009233819999999996;1.0833e-05;0.0004733240000000049
progressive_10s;10.0;10000000;free_order_v1;unordered-final-consolidated;149;0;20;104;4;12;61.07738392090622;40;40;0;0;0;9;22;41;133;29;93;0;104;93;11;22;0;133;93;22;133;6.045454545454546;12;111;22;5.045454545454546;11;0;0;;0;3;2;646.5364232585817;1182.8213516803846;1182.8213516803846;1182.8213516803846;1128.59781697659;1125.9086165886763;6.45e-05;45.339469706048625;1125.9086165886763;1125.9086165886763;0;0;True;optimal;True;False;False;False;0.011175709;0.011175709;0.011084791;0.011084791;0.00027939272500000003;1.8181818181818181;0.0;0;0;0;0;0;0;0;0;0;538;0;0;0;14;1e562314f642aaf87745be4dfada3e3b9177caa7c42864cbdc2c4567c3701229;1.9709e-05;4.7667e-05;1.1333e-05;0.010722167;7.0921e-05;0.004277667000000001;0.003126994999999999;0;0;0;0;0.00023941499999999998;1.5334e-05;0.000213456;1.0625e-05;0.00014916800000000063
progressive_10s;10.0;10000000;free_order_v1;unordered-final-consolidated;150;0;30;135;4;6;107.70906734197344;120;120;0;0;0;13;95;121;824;106;704;0;718;704;14;93;2;820;704;95;824;8.673684210526316;17;761;95;8.010526315789473;17;1;2;2;2;2;1;278.3905045076071;449.99560047602785;449.99560047602785;449.99560047602785;439.19162377114907;439.19162377114907;8.5375e-05;38.13483860439709;439.191623771149;439.19162377114907;5.684341886080802e-14;1.2942737471338385e-16;True;optimal;True;False;False;False;0.052010375;0.052010375;0.051884833;0.051884833;0.0004334197916666666;1.263157894736842;0.0433413525666754;8;1;7;0;0;1;0;2;5;2224;0;0;0;38;6373aec1a0ee383db90cba934c5bdf79e45e1a7517f66d922facd6c6d1cdeaa3;2.1374999999999998e-05;6.6208e-05;1.7667e-05;0.049885835;0.000853123;0.012563372;0.010846207000000002;0.017317665000000003;0;0;2.2542e-05;0.0014227800000000007;2.9375e-05;0.0013771130000000006;1.6292e-05;0.0005993429999999944
progressive_10s;10.0;10000000;free_order_v1;unordered-final-consolidated;151;0;30;120;4;4;107.70906734197344;204;204;0;0;0;7;70;205;580;191;376;0;389;376;13;70;0;580;376;70;580;8.285714285714286;20;510;70;7.285714285714286;19;0;0;;0;7;6;181.7581802835845;402.23610484873757;402.23610484873757;402.23610484873757;401.1170980163139;374.19556572473664;7.8083e-05;54.813061758358224;374.1955657247366;374.19556572473664;5.684341886080802e-14;1.5190831764859237e-16;True;optimal;True;False;False;False;0.067210666;0.067210666;0.067095959;0.067095959;0.00032946404901960783;2.914285714285714;0.0;0;0;0;0;0;0;0;0;0;3572;0;0;0;124;574913721de2b0ae5a41f2e3dd3777d11915ea405ec6337fcfb249a0b6d96342;1.7166e-05;6.2875e-05;1.475e-05;0.06553070400000002;0.0003073750000000001;0.025019632000000007;0.019581371999999996;0;0;0;0;0.0010787060000000002;2.0957999999999998e-05;0.0010442890000000003;1.3459e-05;0.0005209659999999734
progressive_10s;10.0;10000000;free_order_v1;unordered-final-consolidated;152;0;40;191;4;12;159.15903982417854;6098;6098;0;0;0;554;2705;6099;34600;5539;28502;0;29061;28502;559;2705;0;34600;28502;2705;34600;12.791127541589649;28;31895;2705;11.791127541589649;27;0;0;;0;6;5;288.6262863981727;776.3005853434336;776.3005853434336;776.3005853434336;744.6593383174163;725.675115366812;0.000136875;62.82029257127443;725.6751153587306;725.675115366812;8.081315172603354e-09;1.1136271592444556e-11;True;optimal;True;False;False;False;2.756419209;2.756419209;2.756024167;2.756024167;0.0004520202048212529;2.254343807763401;0.0;0;0;0;0;0;0;0;0;0;158192;0;0;0;2841;6f9305f61e0b72bcaa2836fcc9d42e6e914a7fae2bf62388f089da0940237bc5;2.4084e-05;0.000116125;3.225e-05;2.6794506190000082;0.04116715199999994;1.0031368109999994;0.8473767359999997;0;0;0;0;0.05041265799999978;4.7125999999999996e-05;0.05033474099999977;3.0791e-05;0.026238806999992058
progressive_10s;10.0;10000000;free_order_v1;unordered-final-consolidated;153;0;40;237;4;10;159.15903982417854;400;400;0;0;0;19;354;401;4809;378;4409;0;4431;4409;22;353;1;4807;4409;354;4809;13.584745762711865;30;4484;354;12.666666666666666;30;1;2;2;2;4;3;416.60877967224843;954.1971415244665;954.1971415244665;954.1971415244665;951.3273111518669;925.7530311744379;0.000155125;56.33933895393396;925.7530311744379;925.7530311744379;0;0;True;optimal;True;False;False;False;0.170213792;0.170213792;0.169970416;0.169970416;0.00042553448;1.1299435028248588;0.016620862309442;0;0;0;0;0;0;0;0;0;10688;0;0;0;123;34f4b66b03245e8a2912c3cf348ecf5c34ea12b42ed51a453172702298ba6747;2.7833999999999998e-05;0.000130667;4.1959e-05;0.15827495600000002;0.001051642;0.06020233800000002;0.05371525099999999;0;0;0;2.8291e-05;0.008927120000000005;5.3875e-05;0.008832745000000005;4.05e-05;0.0028344239999999864
progressive_10s;10.0;10000000;free_order_v1;unordered-final-consolidated;154;0;50;206;4;6;214.20813806359016;2738;2738;0;0;0;249;1420;2739;17079;2486;14341;3;14596;14344;252;1417;0;17079;14341;1417;17079;12.052928722653494;33;15759;1420;11.097887323943661;33;0;0;;0;4;3;285.13948446330613;757.5487441880971;757.5487441880971;757.5487441880971;737.243559600737;719.5153440461736;0.000157916;62.36024590484875;719.5153440364786;719.5153440461736;9.694986147223972e-09;1.3474328556642725e-11;True;optimal;True;False;False;False;1.247505667;1.247505667;1.247152667;1.247152667;0.00045562661322132945;1.9281690140845071;0.0;5;0;5;0;0;0;0;2;3;65319;0;0;0;1385;c4b45bbd21ea17155af5c1a003397d4aaea7ab8a26dbe079dd185c437b97dcea;2.3958e-05;0.000137042;3.1208e-05;1.2000866709999982;0.01859806399999998;0.4533124950000003;0.4334424749999993;0.032633457000000005;0;0;0;0.03487416500000019;5.1584000000000006e-05;0.03479299800000019;2.9583e-05;0.012272998000001527
progressive_10s;10.0;10000000;free_order_v1;unordered-final-consolidated;155;0;50;203;4;5;214.20813806359016;11105;11105;0;0;0;830;6180;11106;87641;10258;76536;0;77383;76536;847;6179;1;87639;76536;6180;87641;14.181391585760517;36;81491;6180;13.186245954692557;35;1;2;2;2;18;17;302.69128993084684;872.5371832678942;872.5371832678942;872.5371832678942;866.7248962809944;761.1968042102069;0.000151208;65.3090669675321;761.1968042005208;761.1968042102069;9.686118573881686e-09;1.2724854492698099e-11;True;optimal;True;False;False;False;6.287387708;6.287387708;6.286865041;6.286865041;0.0005661762906798739;1.7969255663430421;0.00032274135050047405;108;7;101;7;0;0;0;100;1;313140;0;0;0;4568;4a326f56800e1744be04aa069a31c95c1527851316ab9d56c083fadf55f04fb4;2.2958e-05;0.000132;3.425e-05;6.0752922869999955;0.0594777189999997;2.3480847109999954;1.7686264820000004;0.7476999570000002;0;0;2.0292e-05;0.15389441399999962;5.1001e-05;0.1538109549999996;3.2458e-05;0.057741507000005354
progressive_600s;600.0;10000000;free_order_v1;unordered-final-consolidated;156;0;59;646;4;32;266.2260397746658;111077;111077;0;0;0;5885;59141;111078;991883;105180;880806;1;886704;880807;5897;59132;8;991856;880806;59140;991883;16.771778829895165;45;933083;59141;15.777261121726044;44;4;13;2;4;13;12;1566.9647968285697;4867.515875541444;4867.515875541444;4867.515875541444;4770.143571117486;4477.492080114753;0.000817208;67.80771060856033;4477.492080114753;4477.492080114753;0;0;True;optimal;True;False;False;False;149.602408333;149.602408333;149.595814292;149.595814292;0.0013468351533890905;1.878172503001302;0.00015454831414568815;7158;910;6248;752;0;158;0;1440;4808;3442895;0;0;0;47216;5947307de301d80834f6a75a5383f8bc75107250c6e2ae7b152b03e8a965980f;9.704100000000001e-05;0.00072925;0.000125166;142.61161883399993;1.9793682820000402;22.945051884000108;29.082024849000412;64.66842935599985;0;0;0.000231208;5.910336067000142;0.000450834;5.909762108000143;0.000123125;1.0742021419999306
progressive_60s;60.0;10000000;free_order_v1;unordered-final-consolidated;157;0;60;445;4;15;272.1329303702744;18432;18432;0;0;0;1336;10699;18433;166252;17094;147820;0;149158;147820;1338;10696;3;166243;147820;10699;166252;15.539022338536311;38;155661;10699;14.549116739882232;38;1;3;3;3;3;2;316.5800753363989;808.2569252549243;808.2569252549243;808.2569252549243;799.6531614650856;793.6949618352813;0.000300959;60.831752201003475;793.6949618352813;793.6949618352813;0;0;True;optimal;True;False;False;False;11.886018833;11.886018833;11.885022208;11.885022208;0.0006448577925889757;1.7227778297037106;0.0003179449783057566;86;7;79;7;0;0;0;77;2;550090;0;0;0;7465;e4e75071486fe11198f3ce87abbf92ecd793e4850286e4c7ddf50c112237d319;6.1709e-05;0.0002445;8.1875e-05;11.204630840999993;0.11649100899999877;3.362378949999997;3.388999724000006;1.0662797510000002;0;0;3.7791e-05;0.5476343010000023;0.000117541;0.5474367190000022;8.0041e-05;0.13291685700000522
progressive_10s;10.0;10000000;free_order_v1;unordered-final-consolidated;158;0;5;20;4;4;6.906890595608517;3;3;0;0;0;0;3;4;6;2;3;0;4;3;1;3;0;6;3;3;6;2.0;3;3;3;1.0;2;0;0;;0;2;1;75.81781650773121;83.16699281037137;83.16699281037137;83.16699281037137;82.1532546311033;82.1532546311033;1.5834e-05;8.836650279512899;82.1532546311033;82.1532546311033;0;0;True;optimal;True;False;False;False;0.000176792;0.000176792;0.00015575;0.00015575;5.893066666666667e-05;1.0;0.0;0;0;0;0;0;0;0;0;0;12;0;0;0;1;8c7a9f966daad62cd9ccc0b54fa8081883a40540911814e8ae67f47e4b0d5c68;6.584e-06;1.0917e-05;1.542e-06;0.000140459;2.7919999999999997e-06;3.3332e-05;3.8834e-05;0;0;0;0;7.499e-06;1.833e-06;4.625e-06;1.041e-06;1.0665999999999986e-05
progressive_10s;10.0;10000000;free_order_v1;unordered-final-consolidated;159;0;5;28;4;8;6.906890595608517;8;8;0;0;0;0;6;9;17;7;9;0;10;9;1;6;0;17;9;6;17;2.8333333333333335;4;11;6;1.8333333333333333;3;0;0;;0;2;1;377.9376427401748;798.802298093736;798.802298093736;798.802298093736;740.2160837420251;740.2160837420251;1.9667e-05;52.686961011243184;740.216083742025;740.2160837420251;1.1368683772161603e-13;1.5358601389325845e-16;True;optimal;True;False;False;False;0.000590625;0.000590625;0.000565458;0.000565458;7.3828125e-05;1.3333333333333333;0.0;0;0;0;0;0;0;0;0;0;44;0;0;0;3;2458717d15511d2765314c5bf33c71045f1ad61adc72a27271cb971a1b499c72;9.708e-06;1.1166e-05;1.75e-06;0.000525585;8.541999999999999e-06;0.000165377;0.000166334;0;0;0;0;1.8499e-05;2.208e-06;1.4916e-05;1.375e-06;2.4957000000000056e-05
progressive_10s;10.0;10000000;free_order_v1;unordered-final-consolidated;160;0;10;64;4;17;21.791061114716957;17;17;0;0;0;2;10;18;49;13;32;0;36;32;4;10;0;49;32;10;49;4.9;9;39;10;3.9;8;0;0;;0;3;2;157.2108065623989;270.3962834462051;270.3962834462051;270.3962834462051;268.8911664365296;263.23703847555004;3.1542e-05;41.859109689399354;263.23703847555004;263.23703847555004;0;0;True;optimal;True;False;False;False;0.004807333;0.004807333;0.004762958;0.004762958;0.000282784294117647;1.7;0.0;0;0;0;0;0;0;0;0;0;204;0;0;0;6;6e43b24d25baf88431506cbcb801e79810ef8b7b1aeffffc378a0f5c16713071;1.0416e-05;2.2959e-05;4.667e-06;0.004607044;3.0415999999999998e-05;0.001669164;0.0011546269999999999;0;0;0;0;8.333399999999999e-05;6.125e-06;7.316799999999999e-05;4.041e-06;8.274600000000006e-05
progressive_10s;10.0;10000000;free_order_v1;unordered-final-consolidated;161;0;10;40;4;4;21.791061114716957;12;12;0;0;0;1;8;13;30;8;18;0;22;18;4;8;0;30;18;8;30;3.75;6;22;8;2.75;5;0;0;;0;4;3;113.61733186446511;156.55477934423072;156.55477934423072;156.55477934423072;155.1378967929088;152.27374188319502;3.4792e-05;27.426468651816293;152.273741883195;152.27374188319502;2.842170943040401e-14;1.8664878841819961e-16;True;optimal;True;False;False;False;0.001656208;0.001656208;0.001614041;0.001614041;0.00013801733333333334;1.5;0.0;0;0;0;0;0;0;0;0;0;88;0;0;0;3;70a5cc352a683d40561c2f02f3e4d794d7d03d07be887524513cb412066eac83;8.542e-06;2.7667e-05;2.667e-06;0.001536207;1.3582e-05;0.0006613319999999999;0.00048245799999999995;0;0;0;0;3.5170000000000004e-05;4.459e-06;2.8461e-05;2.25e-06;4.937300000000015e-05
progressive_10s;10.0;10000000;free_order_v1;unordered-final-consolidated;162;0;15;66;4;8;40.25014046988262;44;44;0;0;0;5;30;45;198;37;154;0;161;154;7;30;0;198;154;30;198;6.6;11;168;30;5.6;10;0;0;;0;3;2;300.97640056987854;732.103808182567;732.103808182567;732.103808182567;707.6794718055319;706.5095572903639;3.9625e-05;58.88883554409499;706.5095572903639;706.5095572903639;0;0;True;optimal;True;False;False;False;0.008114542;0.008114542;0.008057208;0.008057208;0.0001844214090909091;1.4666666666666666;0.0;0;0;0;0;0;0;0;0;0;600;0;0;0;16;c7c7294ff439940027071ca032e01b948d0f7d49d47e4f8171fd7c4f0aa8f353;1.2333999999999999e-05;2.9584e-05;7.333e-06;0.007608711;7.566600000000002e-05;0.0030411260000000003;0.002382374000000001;0;0;0;0;0.00021295900000000011;8.626e-06;0.0001975000000000001;6.833e-06;0.0002509969999999999
progressive_10s;10.0;10000000;free_order_v1;unordered-final-consolidated;163;0;15;60;4;4;40.25014046988262;12;12;0;0;0;2;6;13;19;9;7;0;10;7;3;6;0;19;7;6;19;3.1666666666666665;5;13;6;2.1666666666666665;4;0;0;;0;2;1;90.71913800295944;165.10879420444792;165.10879420444792;165.10879420444792;133.1315622845218;133.1315622845218;3.1917e-05;45.05493275505035;133.1315622845218;133.1315622845218;0;0;True;optimal;True;False;False;False;0.0016475;0.0016475;0.001604708;0.001604708;0.00013729166666666667;2.0;0.0;0;0;0;0;0;0;0;0;0;94;0;0;0;6;3a54b0f12b694db8031b0146c884be0f5d55f3fc1478f925bc77f7d93be841b0;1.1541999999999999e-05;2.1875e-05;4.209e-06;0.001537916;4.129e-05;0.000678002;0.00047387699999999994;0;0;0;0;4.224899999999999e-05;6.708e-06;3.187399999999999e-05;3.667e-06;3.4917999999999987e-05
progressive_10s;10.0;10000000;free_order_v1;unordered-final-consolidated;164;0;20;97;4;10;61.07738392090622;113;113;0;0;0;9;77;114;567;102;454;1;466;455;11;75;1;563;454;76;567;7.4605263157894735;14;515;77;6.688311688311688;14;1;4;4;4;3;2;246.53037074567507;560.0451521548481;560.0451521548481;560.0451521548481;511.84842350642384;507.09765503231574;5.6542e-05;55.98026876991672;507.09765503231574;507.09765503231574;0;0;True;optimal;True;False;False;False;0.034217125;0.034217125;0.034132542;0.034132542;0.00030280641592920354;1.4675324675324675;0.183995587005045;0;0;0;0;0;0;0;0;0;1752;0;0;0;53;9a170e8ba4586466966cb1d0325dbb94425be8c003eafc12a1b423ca2fb75ebe;1.5e-05;4.3542e-05;1.2334e-05;0.032856666999999985;0.00018442199999999998;0.014824583000000002;0.010000131;0;0;0;6.2958e-05;0.000803373999999999;1.4208999999999999e-05;0.0007775399999999989;1.1625e-05;0.0004353770000000176
progressive_10s;10.0;10000000;free_order_v1;unordered-final-consolidated;165;0;20;85;4;8;61.07738392090622;83;83;0;0;0;7;38;84;227;72;144;0;155;144;11;38;0;227;144;38;227;5.973684210526316;11;189;38;4.973684210526316;10;0;0;;0;5;4;175.3382379858997;422.1146686202268;422.1146686202268;422.1146686202268;417.96356450174454;400.75481646195294;5.6458e-05;58.461941500628086;400.7548164619528;400.75481646195294;1.1368683772161603e-13;2.836817751194995e-16;True;optimal;True;False;False;False;0.02189425;0.02189425;0.021813584;0.021813584;0.00026378614457831325;2.1842105263157894;0.0;0;0;0;0;0;0;0;0;0;994;0;0;0;36;2fdf00fafcf2a3aecabd56bae02af1421810a2c406428aa23f849190af0eb106;1.4999999999999999e-05;4.3209e-05;1.2083e-05;0.021220919;0.00012813200000000007;0.010267999000000002;0.006653413000000001;0;0;0;0;0.00033167000000000006;1.1208999999999999e-05;0.0003091280000000001;1.1333e-05;0.00028353699999999907
progressive_10s;10.0;10000000;free_order_v1;unordered-final-consolidated;166;0;30;123;4;6;107.70906734197344;146;146;0;0;0;16;89;147;655;128;509;0;527;509;18;89;0;655;509;89;655;7.359550561797753;15;566;89;6.359550561797753;14;0;0;;0;3;2;224.87032907878267;436.56145419834104;436.56145419834104;436.56145419834104;402.4787512661704;401.3463013727963;8.775e-05;48.490567154694716;401.3463013727963;401.3463013727963;0;0;True;optimal;True;False;False;False;0.048443;0.048443;0.0483255;0.0483255;0.0003318013698630137;1.6404494382022472;0.0;0;0;0;0;0;0;0;0;0;2203;0;0;0;58;285515d5113a19979335c2ee09e7f1864202c14939e7d2122f79aee1e14400fd;1.8917e-05;7.0958e-05;1.1541e-05;0.046517084999999986;0.000289628;0.019141254;0.014554380000000002;0;0;0;0;0.0012651230000000006;2.4417e-05;0.0012303310000000005;1.0375e-05;0.0005780840000000141
progressive_10s;10.0;10000000;free_order_v1;unordered-final-consolidated;167;0;30;123;4;7;107.70906734197344;612;612;0;0;0;7;96;613;923;601;311;0;322;311;11;96;0;923;311;96;923;9.614583333333334;20;827;96;8.614583333333334;19;0;0;;0;5;4;262.7187250654205;761.0387613642496;761.0387613642496;761.0387613642496;740.3540149119947;619.9897669680498;7.7917e-05;65.4789297992566;619.9897669680498;619.9897669680498;0;0;True;optimal;True;False;False;False;0.291192458;0.291192458;0.291048084;0.291048084;0.0004758046699346405;6.375;0.0;0;0;0;0;0;0;0;0;0;12304;0;0;0;507;7de4872cb9d40bd20813f2fedc3fccc077a63707751f1323c52fc2acad1b0cde;1.7417e-05;6.2459e-05;1.6875e-05;0.2879442180000001;0.0015667940000000011;0.11826829599999997;0.10356386800000002;0;0;0;0;0.0014911790000000007;2.0707e-05;0.0014546800000000007;1.5792e-05;0.001649185999999899
progressive_10s;10.0;10000000;free_order_v1;unordered-final-consolidated;168;0;40;161;4;5;159.15903982417854;319;319;0;0;0;49;182;320;1842;267;1523;0;1575;1523;52;182;0;1842;1523;182;1842;10.12087912087912;22;1660;182;9.12087912087912;21;0;0;;0;4;3;196.20132619327526;492.451253574835;492.451253574835;492.451253574835;481.75841252737183;457.6111198914186;0.000112542;60.158223830481184;457.61111988729846;457.6111198914186;4.1201246858690865e-09;9.003550190927844e-12;True;optimal;True;False;False;False;0.145238125;0.145238125;0.145069875;0.145069875;0.00045529192789968653;1.7527472527472527;0.0;1;0;1;0;0;0;0;1;0;7383;0;0;0;111;88f51ac977383ed1d496ce6d98276bef247e13e36221445819efae1240ceeb8e;2.1000000000000002e-05;9.425e-05;2.0958e-05;0.140278176;0.002612146999999999;0.057515585000000015;0.04521963100000006;0.004060709;0;0;0;0.0032357889999999963;3.5167000000000004e-05;0.0031815809999999963;1.9041e-05;0.0016101179999999863
progressive_10s;10.0;10000000;free_order_v1;unordered-final-consolidated;169;0;40;184;4;8;159.15903982417854;1397;1397;0;0;0;189;782;1398;9525;1202;8128;0;8323;8128;195;778;4;9514;8128;782;9525;12.180306905370845;28;8823;782;11.282608695652174;27;2;5;2;3;7;6;218.42509219409752;512.1373830012894;512.1373830012894;512.1373830012894;507.86100886977897;480.8723795726654;0.000275542;57.35029321350135;480.8723795726654;480.8723795726654;0;0;True;optimal;True;False;False;False;0.672867917;0.672867917;0.67248275;0.67248275;0.0004816520522548318;1.7864450127877238;0.01179042691672874;0;0;0;0;0;0;0;0;0;33372;0;0;0;563;fddd06117869159a3f6ef981c2cbfa5835405ced90fc674fa817f76d366a60cb;5.3208e-05;0.000229125;2.925e-05;0.6470513930000004;0.0033912700000000044;0.2475117369999999;0.21349862699999997;0;0;0;7.9334e-05;0.01856195900000003;9.9583e-05;0.01843466700000003;2.7709e-05;0.006917355999999625
progressive_10s;10.0;10000000;free_order_v1;unordered-final-consolidated;170;0;50;203;4;7;214.20813806359016;30416;30416;0;0;0;777;11657;30417;151123;29631;120707;0;121492;120707;785;11652;5;151113;120707;11657;151123;12.964141717423008;35;139621;11657;11.9774384490006;35;1;2;2;2;9;8;349.9574998481959;1118.142110187191;1118.142110187191;1118.142110187191;1079.6197360378358;1024.3224109558832;0.000164333;68.70187638406637;1024.322410955883;1024.3224109558832;2.2737367544323206e-13;2.2197471519836235e-16;True;optimal;True;False;False;False;9.893645583;9.893645583;9.892079542;9.892079542;0.00032527766908863753;2.6092476623488032;0.00030448836828926866;0;0;0;0;0;0;0;0;0;769588;0;0;0;17999;ace9c894965a5fd04a2a419953e75af42c19a519d97e979fc225fb00152a6f1b;2.4874999999999998e-05;0.000143125;2.9833e-05;9.474075170000019;0.06292275299999875;3.4841555889999953;3.2969291099999984;0;0;0;3.0125e-05;0.2910983209999867;4.0917e-05;0.29102911299998674;2.8291e-05;0.12694513399999413
progressive_10s;10.0;10000000;free_order_v1;unordered-final-consolidated;171;0;50;207;4;8;214.20813806359016;14144;14144;0;0;0;1012;7230;14145;96867;13117;82723;1;83751;82724;1027;7229;0;96867;82723;7229;96867;13.399778669248859;36;89669;7230;12.402351313969572;35;0;0;;0;16;15;285.5342173890898;780.0271029523536;780.0271029523536;780.0271029523536;770.4754807009842;703.7684357109899;0.000168834;63.39432100392913;703.7684357109898;703.7684357109899;1.1368683772161603e-13;1.615401202339554e-16;True;optimal;True;False;False;False;5.587610833;5.587610833;5.586940958;5.586940958;0.000395051670885181;1.956293222683264;0.0;0;0;0;0;0;0;0;0;0;362155;0;0;0;6470;d47dbd202ace1935cd9c1d774c657d3ec2e7968b5c63510d3caa669dd38cb1c7;2.0416999999999998e-05;0.000151416;3.5167e-05;5.329237305999992;0.03604592099999959;2.086580286999996;1.857479463000007;0;0;0;0;0.19029482099999845;5.6583e-05;0.19020473799999846;3.35e-05;0.06749891400000954
progressive_10s;10.0;10000000;free_order_v1;unordered-final-consolidated;172;0;60;242;4;6;272.1329303702744;8917;8917;0;0;0;801;5410;8918;76246;8110;67329;1;68137;67330;807;5409;0;76246;67329;5409;76246;14.096136069513774;36;70870;5410;13.099815157116451;35;0;0;;0;7;6;320.0786506469933;954.8093784813408;954.8093784813408;954.8093784813408;946.1856300580165;875.8383397824306;0.000222959;66.47721965654651;875.8383397824305;875.8383397824306;1.1368683772161603e-13;1.2980344951541776e-16;True;optimal;True;False;False;False;3.758937708;3.758937708;3.758410375;3.758410375;0.00042154734865986317;1.6482439926062846;0.0;0;0;0;0;0;0;0;0;0;243808;0;0;0;3452;fde134c04638c20a43234d90261dd1d396e43a0ae4fcbd5c3d291dd7d0d18b25;2.8167e-05;0.000198875;4.5625e-05;3.538261407999989;0.026023828000000006;1.4028205300000032;1.2119938339999963;0;0;0;0;0.1696172979999998;6.154100000000001e-05;0.1695121729999998;4.3584e-05;0.05063679400001139
progressive_600s;600.0;10000000;free_order_v1;unordered-final-consolidated;173;0;60;248;4;8;272.1329303702744;457760;457760;0;0;0;53425;227516;457761;3625683;404329;3167923;0;3221354;3167923;53431;227516;0;3625683;3167923;227516;3625683;15.935947361943775;37;3398167;227516;14.935947361943775;36;0;0;;0;7;6;254.79500034341334;808.7779328427863;808.7779328427863;808.7779328427863;788.2582933382776;761.611521129054;0.000435;68.49629669694;761.6115211290538;761.611521129054;2.2737367544323206e-13;2.9854285174961775e-16;True;optimal;True;False;False;False;305.354290167;305.354290167;305.330610292;305.330610292;0.0006670619760726145;2.011990365512755;0.0;0;0;0;0;0;0;0;0;0;13465018;0;0;0;209895;1acabfaf520761a898f8b88f0568e165ea35ec3af8300f4ed15a5bc198450bfd;5.3416e-05;0.00038925;4.8166e-05;292.01995571499776;1.6851241339999121;109.07944867600254;104.2209564390006;0;0;0;0;9.442902179004147;0.000194416;9.442661846004148;4.5917e-05;3.8679927309981057
progressive_10s;10.0;10000000;free_order_v1;unordered-final-consolidated;174;0;5;20;4;4;6.906890595608517;2;2;0;0;0;0;2;3;3;1;1;0;2;1;1;2;0;3;1;2;3;1.5;2;1;2;0.5;1;0;0;;0;2;1;89.23724838877541;94.01852083865874;94.01852083865874;94.01852083865874;94.01844359262623;94.01844359262623;1.7625e-05;5.085458064255521;94.0184435926262;94.01844359262623;2.842170943040401e-14;3.022992972905701e-16;True;optimal;True;False;False;False;0.000339458;0.000339458;0.00031725;0.00031725;0.000169729;1.0;0.0;0;0;0;0;0;0;0;0;0;6;0;0;0;1;06be96e54ed55ad00db7ddc0d7c209037b830157c4fa561fbcd27381e8b6e1de;6.8330000000000005e-06;1.1875e-05;1.334e-06;0.000307;2.542e-06;0.00015658399999999998;8.7416e-05;0;0;0;0;5.6660000000000005e-06;1.7500000000000002e-06;3.083e-06;8.33e-07;7.167000000000005e-06
progressive_10s;10.0;10000000;free_order_v1;unordered-final-consolidated;175;0;5;20;4;4;6.906890595608517;0;0;0;0;0;0;0;1;0;0;0;0;0;0;0;0;0;0;0;0;0;;0;0;0;;0;0;0;;0;1;0;47.45852294372424;47.45852294372424;47.45852294372424;47.45852294372424;;47.45852294372424;7.5e-06;0;47.45852294372424;47.45852294372424;0;0;True;optimal;True;False;False;False;1.2333e-05;1.2333e-05;1.66e-07;1.66e-07;;;0.0;0;0;0;0;0;0;0;0;0;0;0;0;0;1;a7693acfccc19456cab8a76f4590b51505356691fbd30095f8dca4abe8c556f3;5.916000000000001e-06;3.417e-06;1.292e-06;0;0;0;0;0;0;0;0;1.4170000000000002e-06;6.67e-07;0;7.5e-07;1.66e-07
progressive_10s;10.0;10000000;free_order_v1;unordered-final-consolidated;176;0;10;40;4;4;21.791061114716957;2;2;0;0;0;0;2;3;3;1;1;0;2;1;1;2;0;3;1;2;3;1.5;2;1;2;0.5;1;0;0;;0;2;1;72.62108233839537;86.09081354812814;86.09081354812814;86.09081354812814;72.69041978971406;72.69041978971406;1.9375e-05;15.645956466891397;72.69041978971404;72.69041978971406;1.4210854715202004e-14;1.954983167838699e-16;True;optimal;True;False;False;False;0.00012225;0.00012225;9.6541e-05;9.6541e-05;6.1125e-05;1.0;0.0;0;0;0;0;0;0;0;0;0;6;0;0;0;1;c1db6988cfd42fd0f3a501536ce856f9a4bb171bcc308dc3aa327f322e8d9be0;7.542e-06;1.3167e-05;2.125e-06;8.5e-05;2.25e-06;2.1000999999999998e-05;2.2e-05;0;0;0;0;9.794000000000001e-06;3.6670000000000002e-06;4.627e-06;1.5e-06;6.91399999999999e-06
progressive_10s;10.0;10000000;free_order_v1;unordered-final-consolidated;177;0;10;40;4;4;21.791061114716957;16;16;0;0;0;2;7;17;24;10;8;0;14;8;6;7;0;24;8;7;24;3.4285714285714284;5;17;7;2.4285714285714284;4;0;0;;0;5;4;85.51909494376095;140.61726256467472;140.61726256467472;140.61726256467472;137.23813143469215;103.52990413134826;2.0458e-05;39.183075118940124;103.52990413083512;103.52990413134826;5.131397529112292e-10;4.956439950530712e-12;True;optimal;True;False;False;False;0.002205375;0.002205375;0.002176125;0.002176125;0.0001378359375;2.2857142857142856;0.0;0;0;0;0;0;0;0;0;0;149;0;0;0;7;ff5d65138372b58111b6c8557e9a22f228fc090f6aecb62c27c4c27dada3d092;8.458e-06;1.3541e-05;3.542e-06;0.0020914599999999994;8.5127e-05;0.0008064580000000001;0.000615331;0;0;0;0;3.6836000000000004e-05;3.876e-06;3.0085e-05;2.875e-06;5.4580000000000694e-05
progressive_10s;10.0;10000000;free_order_v1;unordered-final-consolidated;178;0;15;60;4;4;40.25014046988262;10;10;0;0;0;0;7;11;26;9;16;0;17;16;1;7;0;26;16;7;26;3.7142857142857144;6;19;7;2.7142857142857144;5;0;0;;0;2;1;96.31511823177087;119.63251261780435;119.63251261780435;119.63251261780435;115.10295842259659;115.10295842259659;3.1125e-05;19.490850669104198;115.10295842259656;115.10295842259659;2.842170943040401e-14;2.4692423044466566e-16;True;optimal;True;False;False;False;0.001351375;0.001351375;0.0013085;0.0013085;0.0001351375;1.4285714285714286;0.0;0;0;0;0;0;0;0;0;0;89;0;0;0;5;30b81ebfb934c2a33c84b131d210f6bcf48522a4734e25666d0603f67e3e32d6;1.0958e-05;2.1791e-05;4.625e-06;0.001225791;4.0414e-05;0.000490833;0.00036862600000000004;0;0;0;0;4.4164999999999995e-05;7.167e-06;3.3039999999999995e-05;3.958e-06;4.966900000000004e-05
progressive_10s;10.0;10000000;free_order_v1;unordered-final-consolidated;179;0;15;60;4;4;40.25014046988262;21;21;0;0;0;4;18;22;101;17;80;0;84;80;4;18;0;101;80;18;101;5.611111111111111;9;83;18;4.611111111111111;8;0;0;;0;1;0;132.93662399805405;213.8902132017689;213.8902132017689;213.8902132017689;;213.8902132017689;3.0916e-05;37.848196975402956;213.89021302935572;213.8902132017689;1.7241316641047888e-07;8.060825403350105e-10;True;optimal;True;False;False;False;0.003418875;0.003418875;0.003372333;0.003372333;0.00016280357142857142;1.1666666666666667;0.0;0;0;0;0;0;0;0;0;0;278;0;0;0;4;e383a756bb93242a77cfbd591d4d2b867251aea5a8cf60fb2e3e341b40909515;9.333999999999999e-06;2.3042e-05;6.958e-06;0.003191751000000001;9.420800000000002e-05;0.001249295;0.001032377;0;0;0;0;9.9999e-05;7.793e-06;8.5831e-05;6.375e-06;9.475099999999901e-05
progressive_10s;10.0;10000000;free_order_v1;unordered-final-consolidated;180;0;20;82;4;6;61.07738392090622;22;22;0;0;0;2;11;23;40;18;18;0;22;18;4;11;0;40;18;11;40;3.6363636363636362;5;29;11;2.6363636363636362;4;0;0;;0;3;2;118.20824379035497;223.90008448384717;223.90008448384717;223.90008448384717;205.49265469872665;195.40311386677868;4.2833e-05;47.204913270641086;195.40311386677863;195.40311386677868;5.684341886080802e-14;2.90903341998749e-16;True;optimal;True;False;False;False;0.002302333;0.002302333;0.002246083;0.002246083;0.0001046515;2.0;0.0;0;0;0;0;0;0;0;0;0;160;0;0;0;9;1d1b48f1146e373823154067c66d874453c7d8d956b444843d0612c250d3eba8;1.3833000000000001e-05;3.075e-05;5.25e-06;0.002124417;2.0460000000000007e-05;0.0007601219999999998;0.000705417;0;0;0;0;7.079200000000001e-05;1.1584e-05;5.475e-05;4.458e-06;6.691599999999987e-05
progressive_10s;10.0;10000000;free_order_v1;unordered-final-consolidated;181;0;20;80;4;4;61.07738392090622;288;288;0;0;0;33;108;289;1086;252;798;1;835;799;36;107;0;1086;798;107;1086;10.149532710280374;15;994;108;9.203703703703704;15;0;0;;0;4;3;119.06438300348262;285.9015927190639;285.9015927190639;285.9015927190639;195.05073340058271;190.0004629646404;3.8125e-05;58.35476750194984;190.0004629646404;190.0004629646404;0;0;True;optimal;True;False;False;False;0.167104708;0.167104708;0.1670305;0.1670305;0.0005802246805555555;2.6666666666666665;0.0;22;0;22;0;0;0;0;0;22;7861;0;0;0;148;c867e685ea1dd7877b7332135aa3348b5e6e93ec8fe7c40fa642f10cb11dd1f3;1.2875e-05;2.7125e-05;1.1792e-05;0.16524184000000003;0.0023151150000000013;0.05533358699999997;0.036632661999999996;0.0508795;0;0;0;0.0008604630000000018;9.000999999999999e-06;0.0008402950000000019;1.1167e-05;0.0009483649999999679
progressive_10s;10.0;10000000;free_order_v1;unordered-final-consolidated;182;0;30;137;4;9;107.70906734197344;92;92;0;0;0;6;41;93;311;82;219;0;229;219;10;39;2;305;219;41;311;7.585365853658536;13;290;41;7.073170731707317;12;1;3;3;3;5;4;357.9127460708825;591.3005785743007;591.3005785743007;591.3005785743007;553.5650477133629;543.4327458190751;8.0292e-05;39.47025268707589;543.4327458190751;543.4327458190751;0;0;True;optimal;True;False;False;False;0.034612958;0.034612958;0.034500291;0.034500291;0.00037622780434782606;2.2439024390243905;0.1250745457813805;0;0;0;0;0;0;0;0;0;1780;0;0;0;43;0254414df7cbb778741aea5c48820d1efd6a080f569a1a421b1a38d53def1baf;2.1375e-05;6.1333e-05;1.2708e-05;0.033392714000000004;0.000703335;0.013414463;0.011722957;0;0;0;4.3292e-05;0.0007088749999999998;2.4083e-05;0.0006732919999999997;1.15e-05;0.0003909929999999989
progressive_10s;10.0;10000000;free_order_v1;unordered-final-consolidated;183;0;30;132;4;6;107.70906734197344;328;328;0;0;0;43;212;329;1874;284;1546;0;1590;1546;44;212;0;1874;1546;212;1874;8.839622641509434;18;1662;212;7.839622641509434;17;0;0;;0;2;1;312.19475604180155;748.0776538552066;748.0776538552066;748.0776538552066;744.1385810617782;744.1385810617782;9.1792e-05;58.267065667192334;744.138581061778;744.1385810617782;1.1368683772161603e-13;1.527764325287386e-16;True;optimal;True;False;False;False;0.114847;0.114847;0.114714;0.114714;0.00035014329268292686;1.5471698113207548;0.0;0;0;0;0;0;0;0;0;0;6064;0;0;0;76;9ce1a949721baec6a3c0df40de6512ad8e55a74e67e4c2174ddcd2c6eaf1e2ec;2.2499999999999998e-05;7.2e-05;1.6625e-05;0.11070029299999996;0.000714329;0.048592678999999986;0.036160084000000016;0;0;0;0;0.0025863149999999975;2.4417e-05;0.0025464389999999976;1.5459e-05;0.0014672680000000354
progressive_60s;60.0;10000000;free_order_v1;unordered-final-consolidated;184;0;40;160;4;4;159.15903982417854;3072;3072;0;0;0;1474;1098;3073;21549;1593;18477;0;19956;18477;1479;1098;0;21549;18477;1098;21549;19.62568306010929;28;20451;1098;18.62568306010929;27;0;0;;0;6;5;170.5793917798982;399.16611646832274;399.16611646832274;399.16611646832274;216.8258215745765;190.07475753592985;0.000108333;57.26606424184425;190.07475753592976;190.07475753592985;8.526512829121202e-14;4.485873316192149e-16;True;optimal;True;False;False;False;10.189689708;10.189689708;10.18945475;10.18945475;0.00331695628515625;2.797814207650273;0.0;738;0;738;0;0;0;0;123;615;132290;0;0;0;726;689b41bca2dd98b86718bb15a7c0440d56cebc44bd1c783619723137307e4723;2.5124999999999997e-05;8.6417e-05;3.05e-05;10.133350737000008;0.06781920799999983;1.9642574329999978;1.437665734000001;6.193230217000005;0;0;0;0.033848428;3.6792e-05;0.033782761;2.8875e-05;0.02232125199999168
progressive_10s;10.0;10000000;free_order_v1;unordered-final-consolidated;185;0;40;184;4;15;159.15903982417854;1058;1058;0;0;0;149;841;1059;9033;907;7975;1;8127;7976;151;840;0;9033;7975;840;9033;10.753571428571428;29;8222;841;9.776456599286563;29;0;0;;0;3;2;326.4918648297381;828.85979166346;828.85979166346;828.85979166346;811.6273396528306;783.5446535501944;0.000124042;60.60951826671514;783.5446535501943;783.5446535501944;1.1368683772161603e-13;1.4509299145429388e-16;True;optimal;True;False;False;False;0.376647334;0.376647334;0.376452167;0.376452167;0.00035599937051039696;1.258026159334126;0.0;0;0;0;0;0;0;0;0;0;22712;0;0;0;367;f61a66640bfe308226c3f825cdf591e384afbc5b15a7016f388f33f9050a6b32;2.4375000000000003e-05;0.000102875;2.9125e-05;0.3565355489999998;0.0021350409999999977;0.14054164300000005;0.12858126399999997;0;0;0;0;0.014543436000000024;3.3167e-05;0.014482894000000024;2.7375e-05;0.005433724000000195
progressive_10s;10.0;10000000;free_order_v1;unordered-final-consolidated;186;0;50;200;4;4;214.20813806359016;533;533;0;0;0;6;130;534;996;524;463;0;472;463;9;130;0;996;463;130;996;7.661538461538462;20;866;130;6.661538461538462;19;0;0;;0;4;3;261.33681734497344;636.1434010113506;636.1434010113506;636.1434010113506;635.6300973229155;549.1413411340823;0.000133833;58.918568214415785;549.1413411340822;549.1413411340823;1.1368683772161603e-13;2.0702655073615636e-16;True;optimal;True;False;False;False;0.277805625;0.277805625;0.277616959;0.277616959;0.0005212113039399624;4.1;0.0;38;0;38;0;0;0;0;0;38;7267;0;0;0;397;fc7f89db6746287c8d5f79bf907ca71955115ddf41a4d14510e8df45ae3efe30;2.0917e-05;0.000115125;1.5666e-05;0.272468416;0.0014788269999999998;0.04130804399999999;0.04453011800000002;0.157072705;0;0;0;0.0038335530000000013;4.5042e-05;0.003774844000000001;1.3667e-05;0.0013736990000000043
progressive_10s;10.0;10000000;free_order_v1;unordered-final-consolidated;187;0;50;235;4;12;214.20813806359016;7809;7809;0;0;0;649;3730;7810;44602;7150;36793;0;37452;36793;659;3730;0;44602;36793;3730;44602;11.957640750670242;35;40872;3730;10.957640750670242;34;0;0;;0;11;10;310.8071726971564;942.8065283809798;942.8065283809798;942.8065283809798;903.206359501497;835.7527184088257;0.000175417;67.03383320532525;835.7527184088254;835.7527184088257;2.2737367544323206e-13;2.720585532478131e-16;True;optimal;True;False;False;False;3.292611;3.292611;3.292117166;3.292117166;0.0004216431041106416;2.0935656836461125;0.0;0;0;0;0;0;0;0;0;0;182560;0;0;0;3422;836c20eabe68cd73c0ce8c89aee00781e90409a87967406d01c3903d48e7f3d6;2.5708000000000002e-05;0.000152917;3.75e-05;3.1491456759999994;0.01973432199999996;1.156909944000001;1.0062652150000007;0;0;0;0;0.10653251299999986;5.5875e-05;0.10644080499999986;3.5833e-05;0.036530685000000895
progressive_600s;600.0;10000000;free_order_v1;unordered-final-consolidated;188;0;60;240;4;4;272.1329303702744;132252;132252;0;0;0;38457;47412;132253;936247;93778;803995;1;842470;803996;38474;47411;0;936247;803995;47411;936247;19.74746366876885;37;888873;47412;18.747848645912427;37;0;0;;0;18;17;182.4185763566858;588.7869582254193;588.7869582254193;588.7869582254193;569.0890869955672;474.1739456377414;0.000180542;69.01789793264304;474.17394563774127;474.1739456377414;1.1368683772161603e-13;2.397576643919409e-16;True;optimal;True;False;False;False;411.180109;411.180109;411.173103667;411.173103667;0.003109065337386202;2.7894203998987597;0.0;30338;20;30318;20;0;0;0;26197;4121;6027222;0;0;0;46718;e0873d28041b3fdfac9d6bfa5c575fb099a2bce87f150e3e76d3c8aba179dc50;2.5875000000000002e-05;0.000158042;0.000106208;407.0401456449978;3.9207731550000875;65.68751018600058;58.97156817500003;255.21893462500003;0;0;0;2.816847692999996;5.9000000000000004e-05;2.816685150999996;0.000103542;1.316272871002246
progressive_10s;10.0;10000000;free_order_v1;unordered-final-consolidated;189;0;60;261;4;10;272.1329303702744;3579;3579;0;0;0;234;1092;3580;17408;3335;13829;2;14075;13831;244;1090;0;17408;13829;1090;17408;15.970642201834863;38;16388;1092;15.007326007326007;38;0;0;;0;11;10;320.442438044651;983.4297062821745;983.4297062821745;983.4297062821745;979.4860983866521;823.344507417155;0.000193;67.4158268763231;823.344507417155;823.344507417155;0;0;True;optimal;True;False;False;False;2.569252459;2.569252459;2.568804;2.568804;0.0007178688066499021;3.2774725274725274;0.0;2;0;2;0;0;0;0;2;0;135914;0;0;0;2253;8ded8058d96478aff94c94c56d61ca149303d5395c4ec88f305e9d5f36824066;2.9209e-05;0.000168125;5.3375e-05;2.519644774999998;0.05024246899999993;1.1635009310000013;0.8491264380000003;0.012383042;0;0;0;0.03324006300000005;6.5334e-05;0.033123479000000046;5.125e-05;0.016035746000002092
progressive_10s;10.0;10000000;free_order_v1;unordered-final-consolidated;190;0;4;17;4;5;4.584962500721156;0;0;0;0;0;0;0;1;0;0;0;0;0;0;0;0;0;0;0;0;0;;0;0;0;;0;0;0;;0;1;0;89.09354409832397;89.09354409832397;89.09354409832397;89.09354409832397;;89.09354409832397;8.916e-06;0;89.09354409832397;89.09354409832397;0;0;True;optimal;True;False;False;False;1.6833e-05;1.6833e-05;2.91e-07;2.91e-07;;;0.0;0;0;0;0;0;0;0;0;0;0;0;0;0;1;979b12d6493ee2f176e29f3739b2077012cb40f0012c2a6160dba9ac6e675892;9.5e-06;4.584e-06;9.17e-07;0;0;0;0;0;0;0;0;1.2499999999999999e-06;6.67e-07;0;5.83e-07;2.91e-07
progressive_10s;10.0;10000000;free_order_v1;unordered-final-consolidated;191;0;5;20;4;4;6.906890595608517;1;1;0;0;0;0;2;2;3;1;2;0;2;2;0;2;0;3;2;2;3;1.5;2;1;2;0.5;1;0;0;;0;1;0;74.91413818499149;77.68504752490445;77.68504752490445;77.68504752490445;;77.68504752490445;1.5292e-05;3.566850286117992;77.68504752467945;77.68504752490445;2.2500046270579332e-10;2.8963162136659847e-12;True;optimal;True;False;False;False;7.4666e-05;7.4666e-05;5.4375e-05;5.4375e-05;7.4666e-05;0.5;0.0;0;0;0;0;0;0;0;0;0;2;0;0;0;1;e35c9f5bbb7bca10393b1a2e92a450dfd1ceb0e17258f8a218b8cd225d58fc45;5.749e-06;1.0959e-05;1.625e-06;4.7084e-05;1.625e-06;8.625e-06;1.1583e-05;0;0;0;0;4.041000000000001e-06;1.458e-06;1.291e-06;1.292e-06;6.000000000000002e-06
progressive_10s;10.0;10000000;free_order_v1;unordered-final-consolidated;192;0;10;42;4;6;21.791061114716957;10;10;0;0;0;1;6;11;17;5;7;0;12;7;5;6;0;17;7;6;17;2.8333333333333335;4;11;6;1.8333333333333333;3;0;0;;0;5;4;105.82888310853515;149.1964380528273;149.1964380528273;149.1964380528273;144.64727294667912;136.01407669743597;2.5583e-05;29.067419779108;136.01407669743594;136.01407669743597;2.842170943040401e-14;2.0896152898665225e-16;True;optimal;True;False;False;False;0.001466417;0.001466417;0.001433;0.001433;0.0001466417;1.6666666666666667;0.0;0;0;0;0;0;0;0;0;0;58;0;0;0;2;81da3b82ebcae9406bb6d4267fac4cdf5ea354afcab476b23084d9ac37682629;8.083e-06;1.9042e-05;2.916e-06;0.0013755409999999999;1.0168000000000002e-05;0.000663083;0.00039812399999999997;0;0;0;0;3.2833e-05;4.458e-06;2.6000000000000005e-05;2.375e-06;3.145900000000015e-05
progressive_10s;10.0;10000000;free_order_v1;unordered-final-consolidated;193;0;10;56;4;10;21.791061114716957;8;8;0;0;0;3;4;9;10;4;2;0;6;2;4;4;0;10;2;4;10;2.5;4;6;4;1.5;3;0;0;;0;2;1;143.4304085610858;161.07207260170287;161.07207260170287;161.07207260170287;155.2209510032723;155.2209510032723;3.0625e-05;10.952652285192318;155.2209510032723;155.2209510032723;0;0;True;optimal;True;False;False;False;0.001090417;0.001090417;0.001050042;0.001050042;0.000136302125;2.0;0.0;0;0;0;0;0;0;0;0;0;48;0;0;0;2;8f6edbd10089e53f6b1fae6bb8c6af37303c529942088d06c748ce3254deded5;9.958999999999999e-06;2.25e-05;3.459e-06;0.001009582;8.707e-06;0.000352332;0.000273835;0;0;0;0;2.8958e-05;6.082999999999999e-06;1.9959e-05;2.916e-06;2.0500999999999975e-05
progressive_10s;10.0;10000000;free_order_v1;unordered-final-consolidated;194;0;15;133;4;35;40.25014046988262;42;42;0;0;0;6;17;43;117;34;75;0;83;75;8;17;0;117;75;17;117;6.882352941176471;12;100;17;5.882352941176471;11;0;0;;0;3;2;233.0006987113987;334.5671330078787;334.5671330078787;334.5671330078787;320.3219374871781;299.60027675514584;5.9416e-05;30.35756482812919;299.6002767551458;299.60027675514584;5.684341886080802e-14;1.897308623224818e-16;True;optimal;True;False;False;False;0.01896425;0.01896425;0.018849;0.018849;0.0004515297619047619;2.4705882352941178;0.0;0;0;0;0;0;0;0;0;0;686;0;0;0;22;8381c00f3c97baca8dff3e3c747ea6d7d287d80acfc3a142b7aad41e34653c1b;1.8125e-05;4.3833e-05;3.8083e-05;0.018220838000000003;0.0004616690000000001;0.005363040999999999;0.004047164999999999;0;0;0;0;0.0003982889999999999;1.4209e-05;0.00034749699999999994;3.6583e-05;0.00028066499999999814
progressive_10s;10.0;10000000;free_order_v1;unordered-final-consolidated;195;0;15;64;4;6;40.25014046988262;18;18;0;0;0;2;13;19;73;14;55;0;59;55;4;13;0;73;55;13;73;5.615384615384615;11;60;13;4.615384615384615;10;0;0;;0;3;2;179.62892695777035;201.03946238532296;201.03946238532296;201.03946238532296;199.83687608037022;199.45618197759606;3.9791e-05;10.649916774307743;199.45618197759606;199.45618197759606;0;0;True;optimal;True;False;False;False;0.004227166;0.004227166;0.004167875;0.004167875;0.00023484255555555555;1.3846153846153846;0.0;0;0;0;0;0;0;0;0;0;216;0;0;0;4;52519180047093f4898400c5ebf956cf8fb81d9e4cfc4082c49a74b1f5edfbcf;1.3749999999999999e-05;2.9667e-05;7.292e-06;0.003978954999999999;2.7124e-05;0.0014155429999999998;0.001080289;0;0;0;0;9.471299999999999e-05;8.708e-06;7.9296e-05;6.709e-06;0.00010962400000000041
progressive_10s;10.0;10000000;free_order_v1;unordered-final-consolidated;196;0;20;107;4;10;61.07738392090622;28;28;0;0;0;4;22;29;119;23;91;0;96;91;5;22;0;119;91;22;119;5.409090909090909;10;97;22;4.409090909090909;9;0;0;;0;2;1;190.05337592371254;397.0766994816321;397.0766994816321;397.0766994816321;395.31384978121497;395.31384978121497;6.1292e-05;52.13686016534848;395.31384978121497;395.31384978121497;0;0;True;optimal;True;False;False;False;0.006411417;0.006411417;0.006326791;0.006326791;0.00022897917857142856;1.2727272727272727;0.0;0;0;0;0;0;0;0;0;0;270;0;0;0;7;321e100a5dcee6259361a586e1834ba8da430fb05bbcb1ee9749b8cda8d0bd88;1.6125e-05;4.7e-05;1.0334e-05;0.0059857090000000005;4.4171e-05;0.0021309569999999997;0.002214917;0;0;0;0;0.00020883299999999998;1.6208e-05;0.00018287499999999999;9.75e-06;0.0001582069999999995
progressive_10s;10.0;10000000;free_order_v1;unordered-final-consolidated;197;0;20;110;4;9;61.07738392090622;60;60;0;0;0;2;39;61;272;56;212;0;216;212;4;39;0;272;212;39;272;6.9743589743589745;13;233;39;5.9743589743589745;12;0;0;;0;3;2;228.00657644024216;420.629383555157;420.629383555157;420.629383555157;382.13329700022484;380.95861104297916;6.425e-05;45.79394941144341;380.9586110429782;380.95861104297916;9.663381206337363e-13;2.536596083202108e-15;True;optimal;True;False;False;False;0.0154545;0.0154545;0.015357708;0.015357708;0.000257575;1.5384615384615385;0.0;0;0;0;0;0;0;0;0;0;838;0;0;0;27;dd1beb444fa39a9a7fa0208687d78eb0fb4ef327caf26d5e6985996d62a60c18;1.8457e-05;4.7959e-05;1.4e-05;0.014479661999999999;0.00012487;0.005128877;0.004437954;0;0;0;0;0.0005264119999999999;1.7624999999999998e-05;0.0004955369999999999;1.325e-05;0.0003825090000000005
progressive_10s;10.0;10000000;free_order_v1;unordered-final-consolidated;198;0;30;141;4;9;107.70906734197344;87;87;0;0;0;7;43;88;408;76;321;0;332;321;11;43;0;408;321;43;408;9.488372093023257;21;365;43;8.488372093023257;20;0;0;;0;5;4;247.0441227797172;530.0186296738094;530.0186296738094;530.0186296738094;524.3212263991238;517.345093703117;8.3875e-05;53.38953973528135;517.345093703117;517.345093703117;0;0;True;optimal;True;False;False;False;0.034006042;0.034006042;0.033882916;0.033882916;0.0003908740459770115;2.0232558139534884;0.0;0;0;0;0;0;0;0;0;0;1920;0;0;0;35;d1c11d492703b39b9762f41e9da3687341bb7723e136b402043d855de22c4b5f;1.8874999999999998e-05;6.7167e-05;1.7083e-05;0.032930376;0.00019083099999999995;0.013831870000000001;0.010062829999999998;0;0;0;0;0.0006569519999999997;2.5957999999999998e-05;0.0006150359999999998;1.5958e-05;0.0003375040000000019
progressive_10s;10.0;10000000;free_order_v1;unordered-final-consolidated;199;0;30;164;4;12;107.70906734197344;763;763;0;0;0;47;234;764;2115;708;1352;1;1408;1353;55;230;3;2108;1352;233;2115;9.07725321888412;20;1952;234;8.341880341880342;20;3;7;2;3;9;8;196.53220092391985;486.93440204478094;486.93440204478094;486.93440204478094;477.1292856365044;428.6284230402093;0.000116958;59.6388753600848;428.6284230402093;428.6284230402093;0;0;True;optimal;True;False;False;False;0.404311417;0.404311417;0.404125791;0.404125791;0.0005298970078636959;3.2606837606837606;0.017179331841623457;5;0;5;0;0;0;0;3;2;14507;0;0;0;476;e2c988fe0791fe6ee408efa2e6f635793f276fb11bba97b96986d8ae84320350;2.4208000000000003e-05;9.6417e-05;2.0584e-05;0.39623504400000037;0.0034720360000000043;0.16188761099999982;0.11574617599999991;0.03786716500000001;0;0;6.9458e-05;0.005581911000000002;4.4376e-05;0.005518035000000002;1.95e-05;0.002303253999999641
progressive_10s;10.0;10000000;free_order_v1;unordered-final-consolidated;200;0;40;191;4;8;159.15903982417854;888;888;0;0;0;96;644;889;6585;787;5697;0;5798;5697;101;644;0;6585;5697;644;6585;10.225155279503106;23;5941;644;9.225155279503106;22;0;0;;0;6;5;245.27994638779586;615.0283275650308;615.0283275650308;615.0283275650308;604.4516538062325;599.0308875941606;0.000125667;60.11891885388631;599.0308875941605;599.0308875941606;1.1368683772161603e-13;1.8978460055408378e-16;True;optimal;True;False;False;False;0.256517667;0.256517667;0.256321917;0.256321917;0.0002888712466216216;1.3788819875776397;0.0;0;0;0;0;0;0;0;0;0;17332;0;0;0;327;beff07b4cd4a9ae3068c400bf55ebd72e456f8710e7c0d24dd4dbea7dd287be8;2.475e-05;0.000104542;2.9834e-05;0.241672194;0.0014445470000000013;0.0929291729999999;0.08036374800000007;0;0;0;0;0.010839576999999984;3.7499e-05;0.010775868999999985;2.6209e-05;0.0038738540000000186
progressive_10s;10.0;10000000;free_order_v1;unordered-final-consolidated;201;0;40;178;4;8;159.15903982417854;3764;3764;0;0;0;257;1824;3765;21858;3500;18094;0;18358;18094;264;1824;0;21858;18094;1824;21858;11.983552631578947;31;20034;1824;10.983552631578947;30;0;0;;0;8;7;307.5928680902729;718.0777168189047;718.0777168189047;718.0777168189047;648.1453151512712;617.0759090135037;0.0001355;57.164404230100054;617.0759090135036;617.0759090135037;1.1368683772161603e-13;1.8423476927395034e-16;True;optimal;True;False;False;False;1.591145125;1.591145125;1.590815583;1.590815583;0.00042272718517534535;2.06359649122807;0.0;0;0;0;0;0;0;0;0;0;89026;0;0;0;2007;e655c9c91a7bd9003db52aaefcf6812aae217501d68b55e32d95bf0d406e2c63;2.275e-05;0.000116083;3.45e-05;1.5336753119999946;0.008410858999999996;0.6191367999999992;0.5271921899999992;0;0;0;0;0.04059923199999983;4.5375000000000005e-05;0.04052127299999983;3.2584e-05;0.016618998000005464
progressive_60s;60.0;10000000;free_order_v1;unordered-final-consolidated;202;0;50;202;4;6;214.20813806359016;82903;82903;0;0;0;5656;41625;82904;724556;77233;641653;0;647323;641653;5670;41625;0;724556;641653;41625;724556;17.40675075075075;40;682931;41625;16.40675075075075;39;0;0;;0;15;14;576.7407602207425;1568.7074468027088;1568.7074468027088;1568.7074468027088;1528.8959962274464;1453.887211598541;0.000153917;63.23465147078649;1453.8872115985407;1453.887211598541;2.2737367544323206e-13;1.5639017499386075e-16;True;optimal;True;False;False;False;36.503718291;36.503718291;36.49882525;36.49882525;0.0004403184238326719;1.9916636636636638;0.0;0;0;0;0;0;0;0;0;0;2741336;0;0;0;39706;44b9f0ab7cb829d1b1294dc705ec82c61cb89ad96458de0010e28b03640d337f;2.2083e-05;0.0001345;4.775e-05;34.723870113;0.23638466399999772;12.135022565000055;12.165716571000003;0;0;0;0;1.2784218079999714;5.2001e-05;1.2783237239999714;4.6083e-05;0.4966314130000349
progressive_10s;10.0;10000000;free_order_v1;unordered-final-consolidated;203;0;50;264;4;10;214.20813806359016;5955;5955;0;0;0;671;2994;5956;38472;5276;32517;3;33199;32520;679;2991;0;38472;32517;2991;38472;12.86258776328987;32;35565;2994;11.87875751503006;31;0;0;;0;9;8;319.83184034739253;871.648744780689;871.648744780689;871.648744780689;859.5912688936891;771.4185222412272;0.000186583;63.30725624714072;771.418522241227;771.4185222412272;1.1368683772161603e-13;1.4737374647333849e-16;True;optimal;True;False;False;False;3.154924375;3.154924375;3.154494417;3.154494417;0.0005297941855583543;1.9889779559118237;0.0;0;0;0;0;0;0;0;0;0;144206;0;0;0;2981;f7bbb44c60477e988b38bd4a7959a658d8ab46d042fe36a5f0565dd7b3954a7f;3.1542e-05;0.000158833;4.5083e-05;3.024374744999997;0.016637087000000005;1.0464821519999978;0.9445643860000005;0;0;0;0;0.0985744909999998;5.6501e-05;0.0984746569999998;4.3333e-05;0.03164501500000305
progressive_60s;60.0;10000000;free_order_v1;unordered-final-consolidated;204;0;60;300;4;18;272.1329303702744;32611;32611;0;0;0;3678;18043;32612;267841;28912;235230;0;238929;235230;3699;18043;0;267841;235230;18043;267841;14.844593471152248;43;249798;18043;13.844593471152248;42;0;0;;0;22;21;371.76668301503304;1000.9229713104633;1000.9229713104633;1000.9229713104633;989.1764500533034;929.6584980821835;0.000235292;62.857613056048095;929.6584980821834;929.6584980821835;1.1368683772161603e-13;1.2228881676028728e-16;True;optimal;True;False;False;False;18.510124542;18.510124542;18.5088925;18.5088925;0.0005676037086259237;1.807404533614144;0.0;0;0;0;0;0;0;0;0;0;886388;0;0;0;12672;bb0609bf0734e9998cdb59b95b4a5609e7c223cb81d280181b8e8e85b8d57ac4;3.0042e-05;0.000209;5.4334e-05;17.66117397499998;0.10279926999999837;6.985258369000033;6.834253278000041;0;0;0;0;0.6451405840000121;8.5959e-05;0.6450024580000121;5.2167e-05;0.20271606700001044
progressive_60s;60.0;10000000;free_order_v1;unordered-final-consolidated;205;0;60;290;4;12;272.1329303702744;86238;86238;0;0;0;4685;56537;86239;804456;81544;718218;1;722913;718219;4694;56530;6;804438;718218;56536;804456;14.229092967312862;41;748179;56537;13.233440048110086;41;1;3;3;3;11;10;402.788126562837;1370.5354530642405;1370.5354530642405;1370.5354530642405;1341.5785225562693;1265.691262574725;0.000368875;70.61089330726293;1265.6912625747248;1265.691262574725;2.2737367544323206e-13;1.7964386905910885e-16;True;optimal;True;False;False;False;36.942404667;36.942404667;36.938835584;36.938835584;0.0004283773355945175;1.5253373896740188;0.00010906436752881775;0;0;0;0;0;0;0;0;0;2231892;0;0;0;43174;b471e959cb1464e5a4d44938072196dcb1928a35b921c6c0c031ddc45f611f35;3.2251e-05;0.000341541;4.925e-05;34.563449304000216;0.228280980000003;12.719197969000172;12.477539188999973;0;0;0;4.0291e-05;1.798063644000103;0.00012216699999999998;1.797894185000103;4.7292e-05;0.5774518039996848
progressive_10s;10.0;10000000;free_order_v1;unordered-final-consolidated;206;0;10;52;4;8;21.791061114716957;4;4;0;0;0;0;3;5;6;3;2;0;3;2;1;3;0;6;2;3;6;2.0;3;3;3;1.0;2;0;0;;0;2;1;25695.86696568925;27929.605134048874;27929.605134048874;27929.605134048874;26233.55746549617;26233.55746549617;2.5416e-05;7.997743461243861;26233.55746549617;26233.55746549617;0;0;True;optimal;True;False;False;False;0.000343833;0.000343833;0.000311;0.000311;8.595825e-05;1.3333333333333333;0.0;0;0;0;0;0;0;0;0;0;16;0;0;0;2;4fd1666ab572780382f98f014c1f747abd1981115e741749d2256f91f18ddb18;1.0375e-05;1.675e-05;2.5e-06;0.000291584;5.6249999999999995e-06;4.7166e-05;6.1666e-05;0;0;0;0;1.4334e-05;5.125e-06;7.209e-06;2e-06;1.2207000000000019e-05
progressive_10s;10.0;10000000;free_order_v1;unordered-final-consolidated;207;0;15;78;3;6;40.25014046988262;19;19;0;0;0;4;9;20;35;13;16;0;22;16;6;9;0;35;16;9;35;3.888888888888889;6;26;9;2.888888888888889;5;0;0;;0;3;2;21902.54547880679;33335.05308514571;33335.05308514571;33335.05308514571;30086.312986971912;29436.17824465592;3.675e-05;34.295753413494054;29436.17824465592;29436.17824465592;0;0;True;optimal;True;False;False;False;0.003753875;0.003753875;0.003704334;0.003704334;0.00019757236842105262;2.111111111111111;0.0;0;0;0;0;0;0;0;0;0;202;0;0;0;7;35ef19299e24a9939bc21bdbc5ad0888f57c60535fd94b58673f6db969c48f3b;1.1792000000000002e-05;2.7166e-05;4.75e-06;0.0035991670000000003;9.624899999999999e-05;0.001678289;0.000986581;0;0;0;0;6.3915e-05;1.0749e-05;4.9333000000000004e-05;3.833e-06;5.583399999999976e-05
progressive_10s;10.0;10000000;free_order_v1;unordered-final-consolidated;208;0;20;106;4;7;61.07738392090622;96;96;0;0;0;24;36;97;221;68;125;0;153;125;28;36;0;221;125;36;221;6.138888888888889;9;185;36;5.138888888888889;8;0;0;;0;5;4;26725.964712511315;64101.04551609477;64101.04551609477;64101.04551609477;56127.50892453302;43521.97214866124;5.1625e-05;58.306507331770675;43521.972148661225;43521.97214866124;1.4551915228366852e-11;3.3435790038789583e-16;True;optimal;True;False;False;False;0.091032208;0.091032208;0.090957542;0.090957542;0.0009482521666666667;2.6666666666666665;0.0;20;0;20;0;0;0;0;10;10;1448;0;0;0;37;d52cd4b80ba4ddbd7d969d4eea2bf9479610722dbac6fefc29c48744f1a2789c;1.6125e-05;3.7458e-05;9.25e-06;0.09028108;0.000977459;0.015425121;0.010586795000000001;0.05782766199999999;0;0;0;0.0003731640000000001;1.4875e-05;0.0003497480000000001;8.541e-06;0.0003267140000000026
progressive_10s;10.0;10000000;free_order_v1;unordered-final-consolidated;209;0;25;137;4;8;83.68151360887518;170;170;0;0;0;58;68;171;436;110;266;1;327;267;60;67;0;436;266;67;436;6.507462686567164;12;381;68;5.602941176470588;12;0;0;;0;3;2;26887.503753974637;57638.63980008697;57638.63980008697;57638.63980008697;52567.60075390349;52304.77439614824;7.375e-05;53.3515991230347;52304.774396148234;52304.77439614824;7.275957614183426e-12;1.391069495697745e-16;True;optimal;True;False;False;False;0.133652875;0.133652875;0.133548167;0.133548167;0.0007861933823529412;2.5;0.0;15;5;10;5;0;0;0;1;9;3178;0;0;0;50;f39fd853daa7d7bf47cea9cbe7605ede77b8cb1444ef4ce6ca5f38f8639f3709;1.9166999999999998e-05;5.6792e-05;1.3375e-05;0.132165538;0.0020312960000000006;0.040999125000000025;0.027231403999999994;0.049008167;0;0;0;0.0008667469999999993;2.2541e-05;0.0008321649999999994;1.2041e-05;0.0005504639999999969
progressive_10s;10.0;10000000;free_order_v1;unordered-final-consolidated;210;0;30;162;4;7;107.70906734197344;241;241;0;0;0;22;51;242;363;215;122;1;149;123;26;50;0;363;122;50;363;7.26;14;327;51;6.411764705882353;14;0;0;;0;5;4;22898.08266314016;57544.58597637837;57544.58597637837;57544.58597637837;50249.15360692648;45030.87913777827;9.2042e-05;60.20810250934874;45030.87913777827;45030.87913777827;0;0;True;optimal;True;False;False;False;0.152926833;0.152926833;0.152794;0.152794;0.0006345511742738589;4.7254901960784315;0.0;4;0;4;0;0;0;0;1;3;4460;0;0;0;166;23292e684b5d34faebb1eb73707eb68f1aae550386e667b40c0d2331697777c2;2.2375000000000002e-05;7.1917e-05;1.4416e-05;0.15089099700000005;0.002357372;0.067059279;0.03974679499999997;0.022652832999999997;0;0;0;0.001370002;3.4166e-05;0.001322461;1.3375e-05;0.0005805419999999587
progressive_10s;10.0;10000000;free_order_v1;unordered-final-consolidated;211;0;35;195;3;8;132.92440362991408;168;168;0;0;0;50;74;169;524;115;356;0;409;356;53;74;0;524;356;74;524;7.081081081081081;14;450;74;6.081081081081081;13;0;0;;0;4;3;28268.1415411201;72562.0443842242;72562.0443842242;72562.0443842242;62068.367560721745;57456.116830122664;0.000110458;61.04279891641819;57456.11683012266;57456.116830122664;7.275957614183426e-12;1.2663503932393916e-16;True;optimal;True;False;False;False;0.081927833;0.081927833;0.081769583;0.081769583;0.00048766567261904767;2.27027027027027;0.0;8;0;8;0;0;0;0;0;8;3325;0;0;0;71;5261a15a16e0ccfe947eeba3000f75a0002c8dc239fc4b2871ef10b4c0dc02a4;2.5416000000000002e-05;8.775e-05;1.975e-05;0.07986175000000001;0.001728374;0.02661036999999998;0.018079166;0.020807959;0;0;0;0.0013497980000000004;4.0209e-05;0.0012917560000000002;1.7833e-05;0.0006160769999999974
progressive_10s;10.0;10000000;free_order_v1;unordered-final-consolidated;212;0;40;221;3;8;159.15903982417854;2021;2021;0;0;0;929;671;2022;7574;1086;5553;0;6488;5553;935;671;0;7574;5553;671;7574;11.2876304023845;18;6903;671;10.2876304023845;17;0;0;;0;7;6;27557.7668246177;76097.61152248518;76097.61152248518;76097.61152248518;70954.7437559789;59621.4077586047;0.000130292;63.786292009342525;59621.407758604684;59621.4077586047;1.4551915228366852e-11;2.4407198312533446e-16;True;optimal;True;False;False;False;7.34863575;7.34863575;7.348415875;7.348415875;0.0036361384215734785;3.0119225037257826;0.0;1174;0;1174;0;0;0;0;178;996;45283;0;0;0;449;1b8adbdecdd0e2e6b873c73f81ed9296eb951feaca9ad27606cc5c1e94e866b6;2.9458e-05;0.000104167;2.9417e-05;7.321237733000003;0.041113798999999986;0.43452412099999943;0.44754122100000066;6.210352101000004;0;0;0;0.01660544999999997;4.725e-05;0.016530407999999972;2.7792e-05;0.010647733999996824
progressive_60s;60.0;10000000;free_order_v1;unordered-final-consolidated;213;0;45;254;3;9;186.28645872124443;13407;13407;0;0;0;5295;3483;13408;42405;8095;28998;0;34310;28998;5312;3483;0;42405;28998;3483;42405;12.174849267872524;23;38922;3483;11.174849267872524;22;0;0;;0;18;17;31598.631083918805;79381.02844323327;79381.02844323327;79381.02844323327;78861.26554616433;68529.98420048167;0.000156459;60.193724239141694;68529.98420048167;68529.98420048167;0;0;True;optimal;True;False;False;False;31.08691725;31.08691725;31.086372;31.086372;0.002318707932423361;3.8492678725236864;0.0;2762;22;2740;22;0;0;0;529;2211;414360;0;0;0;4660;802ea043817d812d96be9c46fa4101ecd58bf87bb1a0ff81e9934855caa2cd15;3.3542e-05;0.000126458;3.5833e-05;30.90482201600004;0.31317990600000095;4.98444365599998;3.848428281000027;20.170739911000037;0;0;0;0.11553524199999908;5.7459e-05;0.11544382499999908;3.3958e-05;0.06610615899996194
progressive_60s;60.0;10000000;free_order_v1;unordered-final-consolidated;214;0;50;283;3;8;214.20813806359016;12009;12009;0;0;0;6818;3512;12010;46720;5186;34711;0;41534;34711;6823;3512;0;46720;34711;3512;46720;13.302961275626423;27;43208;3512;12.302961275626423;26;0;0;;0;6;5;26207.536371998038;67349.29508438944;67349.29508438944;67349.29508438944;66345.01384572322;60438.079414920096;0.000187875;61.0871407946294;60438.07941492008;60438.079414920096;1.4551915228366852e-11;2.407739519395529e-16;True;optimal;True;False;False;False;23.473068666;23.473068666;23.472667083;23.472667083;0.001954623088183862;3.4194191343963554;0.0;2212;59;2153;35;0;24;0;537;1616;452336;0;0;0;2732;225506cce489f7b62e88ea124b765183986fd9bf05d9021409023c631b46420b;3.7291e-05;0.000154833;4.4833e-05;23.294299098000057;0.287816055000001;4.169764677000014;3.3413736379999945;14.026781526999997;0;0;0;0.11861638600000025;7.358299999999999e-05;0.11849984500000026;4.2958e-05;0.059868139999944184
progressive_3600s;3600.0;10000000;free_order_v1;unordered-final-consolidated;215;0;60;341;4;8;272.1329303702744;292532;292532;0;0;0;188073;67761;292533;1155473;104428;862941;2;1051047;862943;188104;67759;0;1155473;862941;67759;1155473;17.05268672796234;33;1087777;67761;16.053142663183838;33;0;0;;0;32;31;28864.990795079077;88080.13493290849;88080.13493290849;88080.13493290849;87231.37374892722;74177.80316079211;0.000235292;67.22871642162467;74177.80316079211;74177.80316079211;0;0;True;optimal;True;False;False;False;1683.030874584;1683.030874584;1683.024056542;1683.024056542;0.005753322284686804;4.317114564424964;0.0;183042;7150;175892;7128;0;22;0;14537;161355;8955443;0;0;0;47621;6e3209647030a7adcf6b4017ae2abf2aea2137ed8fbceb6231b2877958d732c6;4.625e-05;0.000195083;5.6333e-05;1678.1904912799919;8.911835713999922;104.06628776400193;116.12039693099928;1410.357200076008;0;0;0;3.1641225630000553;8.7333e-05;3.163980605000055;5.4625e-05;1.669584657007996
progressive_10s;10.0;10000000;free_order_v1;unordered-final-consolidated;216;0;4;44;6;16;4.584962500721156;2;2;0;0;0;0;3;3;6;2;4;0;4;4;0;3;0;6;4;3;6;2.0;3;3;3;1.0;2;0;0;;0;1;0;80.97445152639196;97.7553979573066;97.7553979573066;97.7553979573066;;97.7553979573066;2.0458e-05;17.166260668534647;97.75539795698272;97.7553979573066;3.2387958981416887e-10;3.3131632276267656e-12;True;optimal;True;False;False;False;0.000143209;0.000143209;0.000116625;0.000116625;7.16045e-05;0.6666666666666666;0.0;0;0;0;0;0;0;0;0;0;6;0;0;0;1;3730cce8ff464bf9d42ba345ef43178657ced094b28cd35c1d61b79c524feab7;7.376e-06;1.4417e-05;2.292e-06;0.000100667;3.291e-06;2.2292e-05;2.7666999999999998e-05;0;0;0;0;1.0915e-05;2.75e-06;6.3320000000000005e-06;1.833e-06;9.625999999999999e-06
progressive_10s;10.0;10000000;free_order_v1;unordered-final-consolidated;217;0;5;59;10;18;6.906890595608517;1;1;0;0;0;0;2;2;3;1;2;0;2;2;0;2;0;3;2;2;3;1.5;2;1;2;0.5;1;0;0;;0;1;0;69.70888178704347;74.09454068119932;74.09454068119932;74.09454068119932;;74.09454068119932;5.3959e-05;5.919004091037813;74.09454065823299;74.09454068119932;2.296633283549454e-08;3.099598516213219e-10;True;optimal;True;False;False;False;0.000263875;0.000263875;0.000190666;0.000190666;0.000263875;0.5;0.0;0;0;0;0;0;0;0;0;0;2;0;0;0;1;55689ecaf5c16eb404c1f51fce22953fc0322e3ca0d47113e6b47fff2d09578c;1.8166000000000002e-05;3.9292e-05;7.708e-06;0.000166083;4.708e-06;2.4292e-05;6.2792e-05;0;0;0;0;2.6084e-05;7.709e-06;1.1292e-05;7.083e-06;1.3291000000000005e-05
progressive_10s;10.0;10000000;free_order_v1;unordered-final-consolidated;218;0;10;65;4;10;21.791061114716957;5;5;0;0;0;1;4;6;8;3;3;0;5;3;2;3;1;6;3;4;8;2.0;3;5;4;1.25;2;1;2;2;2;2;1;160.25682949565675;169.27075716979337;169.27075716979337;169.27075716979337;169.135056853295;169.135056853295;3.9125e-05;5.32515351431604;169.135056853295;169.135056853295;0;0;True;optimal;True;False;False;False;0.000471792;0.000471792;0.000422208;0.000422208;9.435840000000001e-05;1.25;4.892622172482789;0;0;0;0;0;0;0;0;0;20;0;0;0;1;e40f4c157f0941476df029aae94ab7227c7b48dd5830953ac98d6cec0fff8c60;1.5583e-05;2.5375e-05;4.167e-06;0.00036733299999999996;5.459e-06;0.00014575;0.00010729199999999999;0;0;0;2.3083e-05;2.6833e-05;5.833e-06;1.7417e-05;3.583e-06;1.4375000000000024e-05
progressive_10s;10.0;10000000;free_order_v1;unordered-final-consolidated;219;0;10;84;4;14;21.791061114716957;11;11;0;0;0;1;9;12;40;9;29;0;31;29;2;9;0;40;29;9;40;4.444444444444445;8;31;9;3.4444444444444446;7;0;0;;0;2;1;129.86358766028297;209.27895196210352;209.27895196210352;209.27895196210352;208.5727812200495;208.5727812200495;3.9709e-05;37.947133984215085;208.5727812200495;208.5727812200495;0;0;True;optimal;True;False;False;False;0.002471791;0.002471791;0.0024165;0.0024165;0.00022470827272727274;1.2222222222222223;0.0;0;0;0;0;0;0;0;0;0;104;0;0;0;3;a50021701a769627cbba976e95c55221ee914a9f280117a190a26c76cde0668a;1.2083e-05;2.9292e-05;6.583e-06;0.0023072500000000003;1.9832e-05;0.000708832;0.0006729160000000001;0;0;0;0;7.0125e-05;8.333e-06;5.5709e-05;6.083e-06;5.354099999999954e-05
progressive_10s;10.0;10000000;free_order_v1;unordered-final-consolidated;220;0;15;164;4;18;40.25014046988262;42;42;0;0;0;3;29;43;161;37;119;0;124;119;5;29;0;161;119;29;161;5.551724137931035;9;132;29;4.551724137931035;8;0;0;;0;3;2;187.0676660997298;410.4144285392697;410.4144285392697;410.4144285392697;370.80381696614114;368.73601698247217;6.2459e-05;54.41981248916287;368.73601698247205;368.73601698247217;1.1368683772161603e-13;3.083149800552847e-16;True;optimal;True;False;False;False;0.007918834;0.007918834;0.007834708;0.007834708;0.00018854366666666667;1.4482758620689655;0.0;0;0;0;0;0;0;0;0;0;456;0;0;0;18;6389dd02de5eb2c9de264d2dd3c85015d500a08389544fa41ebc31ace336773b;1.9376e-05;4.5e-05;9.083e-06;0.0072937889999999984;5.225299999999999e-05;0.002246544000000001;0.0022094569999999997;0;0;0;0;0.00039845600000000005;1.3875e-05;0.00037603900000000005;8.542e-06;0.00016488000000000077
progressive_10s;10.0;10000000;free_order_v1;unordered-final-consolidated;221;0;15;90;4;10;40.25014046988262;39;39;0;0;0;3;21;40;112;35;73;1;78;74;4;20;0;112;73;20;112;5.6;10;102;21;4.857142857142857;10;0;0;;0;2;1;134.01799021026991;280.6211003937143;280.6211003937143;280.6211003937143;247.36761657686245;247.36761657686245;4.6666e-05;52.242368794705285;247.36761657686245;247.36761657686245;0;0;True;optimal;True;False;False;False;0.006550084;0.006550084;0.006483333;0.006483333;0.0001679508717948718;1.8571428571428572;0.0;0;0;0;0;0;0;0;0;0;448;0;0;0;22;b9728500ed90c643653544ef607f23d3e82e522bad3fbc01729e5d4a0d055369;1.3709e-05;3.5125e-05;7.833e-06;0.006176582999999999;5.3707000000000006e-05;0.0019697070000000002;0.002294458;0;0;0;0;0.000180672;1.0334e-05;0.000163088;7.25e-06;0.0001436620000000006
progressive_10s;10.0;10000000;free_order_v1;unordered-final-consolidated;222;0;20;208;6;17;61.07738392090622;31;31;0;0;0;3;23;32;137;26;106;0;111;106;5;23;0;137;106;23;137;5.956521739130435;11;114;23;4.956521739130435;10;0;0;;0;3;2;176.50956801261512;359.89321993369225;359.89321993369225;359.89321993369225;357.87533609586046;354.77710380022216;8.8083e-05;50.955017145047705;354.77710380022216;354.77710380022216;0;0;True;optimal;True;False;False;False;0.007557709;0.007557709;0.007439166;0.007439166;0.00024379706451612904;1.3478260869565217;0.0;0;0;0;0;0;0;0;0;0;364;0;0;0;7;b22c699a91732aa2839d3fe255bf0105f35f64c8709b5fd04cd6a11f309b64bc;2.3500000000000002e-05;6.6917e-05;1.3209e-05;0.006884873999999999;5.3997e-05;0.00224154;0.0023286690000000002;0;0;0;0;0.0004267509999999999;2.5792e-05;0.0003883749999999999;1.2584e-05;0.00016591700000000061
progressive_10s;10.0;10000000;free_order_v1;unordered-final-consolidated;223;0;20;136;4;9;61.07738392090622;72;72;0;0;0;3;35;73;199;68;127;0;131;127;4;35;0;199;127;35;199;5.685714285714286;10;164;35;4.685714285714286;9;0;0;;0;2;1;212.29594461505852;491.9972634596318;491.9972634596318;491.9972634596318;473.26455871711397;473.26455871711397;6.9833e-05;56.850177758666064;473.2645587171139;473.26455871711397;5.684341886080802e-14;1.2010918166975022e-16;True;optimal;True;False;False;False;0.012217333;0.012217333;0.01212325;0.01212325;0.00016968518055555557;2.057142857142857;0.0;0;0;0;0;0;0;0;0;0;794;0;0;0;35;1ef0f466d334784a24bee33cd6293191e3f634336fa832e097383170395fe55f;1.7167e-05;5.4791e-05;9.334e-06;0.011596500999999999;0.00010479400000000004;0.0038167490000000012;0.003944996;0;0;0;0;0.0003390809999999998;1.8375e-05;0.00031191399999999983;8.792e-06;0.00021483500000000187
progressive_10s;10.0;10000000;free_order_v1;unordered-final-consolidated;224;0;30;156;4;11;107.70906734197344;399;399;0;0;0;21;140;400;1664;371;1265;0;1293;1265;28;140;0;1664;1265;140;1664;11.885714285714286;25;1524;140;10.885714285714286;24;0;0;;0;8;7;319.39607151622886;929.8526504783196;929.8526504783196;929.8526504783196;901.4554715313924;749.6582898374138;8.4541e-05;65.65089411188639;749.6582898307062;749.6582898374138;6.707637112413067e-09;8.94759279440213e-12;True;optimal;True;False;False;False;0.255693792;0.255693792;0.255480542;0.255480542;0.0006408365714285713;2.85;0.0;18;10;8;4;0;6;0;2;6;11938;0;0;0;240;6e533c2c386e11fc8f112cad7094d8660787a8437997c98407f40cdf14693bb3;2.1167999999999998e-05;6.5416e-05;1.9125e-05;0.2509043870000002;0.00440467;0.057710162;0.053631041;0.08964095700000001;0;0;0;0.0030450819999999993;2.1833e-05;0.0030056239999999993;1.7625e-05;0.0015705309999998049
progressive_10s;10.0;10000000;free_order_v1;unordered-final-consolidated;225;0;30;170;4;15;107.70906734197344;48;48;0;0;0;1;32;49;217;46;169;0;171;169;2;32;0;217;169;32;217;6.78125;13;185;32;5.78125;12;0;0;;0;2;1;269.5397002298549;607.2230601598983;607.2230601598983;607.2230601598983;593.7113863065285;593.7113863065285;9.45e-05;55.611089579029205;593.7113863065285;593.7113863065285;0;0;True;optimal;True;False;False;False;0.009912416;0.009912416;0.00977925;0.00977925;0.00020650866666666666;1.5;0.0;0;0;0;0;0;0;0;0;0;626;0;0;0;18;71b2edd43d942c3ca97f0c0388dbefe9d78939611a0cc195f67aff229fe5be16;2.1458e-05;7.5333e-05;1.6417e-05;0.009201417;0.000228707;0.0034966660000000007;0.002951375;0;0;0;0;0.0004308349999999999;3.2125e-05;0.00038329299999999994;1.5417e-05;0.00019453999999999988
progressive_10s;10.0;10000000;free_order_v1;unordered-final-consolidated;226;0;40;414;4;29;159.15903982417854;1092;1092;0;0;0;98;512;1093;5695;992;4603;2;4705;4605;100;505;5;5677;4603;510;5695;11.166666666666666;24;5333;512;10.416015625;24;2;7;3;4;3;2;252.44837650497973;591.3228705618673;591.3228705618673;591.3228705618673;524.6932580351079;497.3952030472309;0.000205459;57.30786190205925;497.3952030472309;497.3952030472309;0;0;True;optimal;True;False;False;False;0.783779542;0.783779542;0.78340375;0.78340375;0.0007177468333333333;2.1328125;0.02647428120801857;1;0;1;0;0;0;0;0;1;25205;0;0;0;645;a1121360883e3ba033f06ce0bdb8869ac2ac5a7a9b40a263c0981a28d5b8dc89;4.0625e-05;0.000168542;6.425e-05;0.753478809;0.010758539000000004;0.25417228899999994;0.20465521500000017;0.013126166;0;0;0.0002075;0.024218164000000004;8.3459e-05;0.024072122;6.2583e-05;0.005645318999999982
progressive_10s;10.0;10000000;free_order_v1;unordered-final-consolidated;227;0;40;353;4;15;159.15903982417854;2520;2520;0;0;0;104;1111;2521;12438;2413;9918;0;10025;9918;107;1109;2;12432;9918;1111;12438;11.195319531953196;22;11365;1111;10.229522952295229;21;1;3;3;3;4;3;257.3737237947961;636.078617225973;636.078617225973;636.078617225973;634.7597122965111;612.1280760069857;0.000188375;59.5374350237965;612.1280760069856;612.1280760069857;1.1368683772161603e-13;1.8572393944616033e-16;True;optimal;True;False;False;False;1.032496875;1.032496875;1.032163958;1.032163958;0.0004097209821428572;2.2682268226822684;0.006501230330600274;3;3;0;3;0;0;0;0;0;55964;0;0;0;1306;d6f353794d8c12817074d285389b6df7fe84f2856e815f0528c3f46a9eca89a6;3.8333e-05;0.000154042;3.125e-05;0.9856061129999992;0.012202423999999993;0.34617485199999976;0.33912165399999955;0.02151325;0;0;6.7125e-05;0.03591831399999997;7.5209e-05;0.03581302199999997;3.0083e-05;0.010677698000000735
progressive_60s;60.0;10000000;free_order_v1;unordered-final-consolidated;228;0;50;422;4;18;214.20813806359016;32532;32532;0;0;0;1504;11667;32533;153522;31015;120990;0;122507;120990;1517;11659;8;153502;120990;11667;153522;13.158652609925431;30;142057;11667;12.175966400959972;29;2;5;2;3;14;13;281.8351583816327;794.3090372185867;794.3090372185867;794.3090372185867;778.9776998653055;716.0573795813893;0.000253583;64.5181981853652;716.0573795813891;716.0573795813893;2.2737367544323206e-13;3.1753555221532085e-16;True;optimal;True;False;False;False;15.594187;15.594187;15.592367541;15.592367541;0.00047934916390015984;2.7883774749292876;0.000549089221515684;56;4;52;4;0;0;0;6;46;822495;0;0;0;19386;d199263f52abaaa09e185fb59609f1edc3dc0719369117cd222e19609001354e;4.4e-05;0.000213834;4.7834e-05;14.913826892000035;0.1462698199999987;5.249989240999998;5.210355550999991;0.33219796200000007;0;0;8.5626e-05;0.5190040710000069;0.000100541;0.5188572800000069;4.625e-05;0.159597742999958
progressive_10s;10.0;10000000;free_order_v1;unordered-final-consolidated;229;0;50;322;4;26;214.20813806359016;10788;10788;0;0;0;1562;6634;10789;108337;9220;97549;1;99118;97550;1568;6632;1;108335;97549;6633;108337;16.33303181064375;31;101762;6634;15.339463370515526;30;1;2;2;2;7;6;336.28416748339487;933.3638884276501;933.3638884276501;933.3638884276501;914.1909432539446;882.9100358327548;0.000238625;63.97073299569141;882.9100358223299;882.9100358327548;1.0424969332234468e-08;1.1807510288861659e-11;True;optimal;True;False;False;False;7.514330375;7.514330375;7.513771167;7.513771167;0.0006965452702076381;1.6261682242990654;0.00029389178939314336;8;0;8;0;0;0;0;8;0;329129;0;0;0;4481;dfe52d131f0ba3936410461475978ab1e778d20544685060579641f2d3ed486b;3.4708e-05;0.0002085;5.1916e-05;7.141102416000011;0.047646459999999904;2.840229833999995;2.5774130869999996;0.063665291;0;0;2.2084e-05;0.29421695900000044;0.000100792;0.29406579200000044;5.0375e-05;0.078580874999988
progressive_600s;600.0;10000000;free_order_v1;unordered-final-consolidated;230;0;60;649;4;20;272.1329303702744;499023;499023;0;0;0;64324;330999;499024;5856905;434682;5357882;0;5422223;5357882;64341;330976;23;5856820;5357882;330999;5856905;17.694630497373105;42;5526714;330999;16.697071592361308;42;5;19;3;5;19;18;391.29633910886514;1130.6833239733326;1130.6833239733326;1130.6833239733326;1083.0197380442505;1022.3337154964813;0.00038825;65.39293267952239;1022.3337154964811;1022.3337154964813;2.2737367544323206e-13;2.224065116866574e-16;True;optimal;True;False;False;False;575.652252709;575.652252709;575.634757958;575.634757958;0.001153558558841977;1.5076269112595506;5.9888586968541886e-05;5929;0;5929;0;0;0;0;5604;325;15925159;0;0;0;196833;43eabfb0f624fa09161be04d8af45f6bcf2e23bccbad7f08418c17921b1f62c1;5e-05;0.000343542;0.000132959;528.2679443869959;7.329838119999986;139.35858741599884;162.56377825099895;84.55277770699993;0;0;0.00034475;40.65057967601367;0.00016958299999999998;40.65027913501367;0.000130958;6.716189685990507
progressive_60s;60.0;10000000;free_order_v1;unordered-final-consolidated;231;0;60;359;4;25;272.1329303702744;16481;16481;0;0;0;3012;8675;16482;125778;13456;109297;0;112322;109297;3025;8623;52;125311;109297;8675;125778;14.498904899135447;34;117852;8675;13.585244956772334;34;5;26;2;10;14;13;628.253917854875;1686.428171637847;1686.428171637847;1686.428171637847;1580.3972051473163;1486.1322454356289;0.000264041;62.74647634445533;1486.1322454356289;1486.1322454356289;0;0;True;optimal;True;False;False;False;32.188461791;32.188461791;32.187686958;32.187686958;0.0019530648498877496;1.8998270893371758;0.0052665113698411835;3417;1483;1934;1472;0;11;0;314;1620;374251;0;0;0;6169;3a4c102c5566ce41d6ddfd72ba07fc5499c726df79789a0819d43b66ef74e882;4.0583e-05;0.000228625;6.5958e-05;31.707984745000022;0.18042859799999922;2.797888484000002;2.7478517119999912;23.44685930100002;0;0;0.001695209;0.3677565729999934;0.00011220900000000001;0.36758065599999346;6.3708e-05;0.11042634799998474
progressive_10s;10.0;10000000;free_order_v1;unordered-final-consolidated;232;0;5;22;4;6;6.906890595608517;3;3;0;0;0;0;4;4;10;3;7;0;7;7;0;4;0;10;7;4;10;2.5;4;6;4;1.5;3;0;0;;0;1;0;103.99498112889871;113.85039830900314;113.85039830900314;113.85039830900314;;113.85039830900314;1.6291e-05;8.65646262681987;113.85039830848316;113.85039830900314;5.199751740292413e-10;4.567179226004714e-12;True;optimal;True;False;False;False;0.000183208;0.000183208;0.00016175;0.00016175;6.106933333333333e-05;0.75;0.0;0;0;0;0;0;0;0;0;0;12;0;0;0;1;36d17f81c5a0ceb4ffbfd1afa83f4e92dadd68149895c6da3ee7cea06d449ae1;7.166e-06;1.0667e-05;1.625e-06;0.000143333;3.708e-06;3.5959e-05;4.0417e-05;0;0;0;0;8.04e-06;1.583e-06;5.291e-06;1.166e-06;1.312600000000001e-05
progressive_10s;10.0;10000000;free_order_v1;unordered-final-consolidated;233;0;4;38;7;12;4.584962500721156;1;1;0;0;0;0;2;2;3;1;2;0;2;2;0;2;0;3;2;2;3;1.5;2;1;2;0.5;1;0;0;;0;1;0;207.03041346623448;320.91615506871244;320.91615506871244;320.91615506871244;;320.91615506871244;1.9084e-05;35.48769353106997;320.9161550680857;320.91615506871244;6.267555363592692e-10;1.9530195861441515e-12;True;optimal;True;False;False;False;8.2542e-05;8.2542e-05;5.775e-05;5.775e-05;8.2542e-05;0.5;0.0;0;0;0;0;0;0;0;0;0;2;0;0;0;1;079d06216c284c0569aa9dcdc42c17af2488351555c1c3c447f717d552517205;7.959e-06;1.2583e-05;1.958e-06;4.9459e-05;1.916e-06;8.083e-06;1.2792e-05;0;0;0;0;6.334e-06;2.125e-06;2.709e-06;1.5e-06;5.581999999999999e-06
progressive_10s;10.0;10000000;free_order_v1;unordered-final-consolidated;234;0;10;118;4;20;21.791061114716957;29;29;0;0;0;5;12;30;52;21;23;0;31;23;8;11;1;48;23;12;52;4.333333333333333;8;44;12;3.6666666666666665;7;1;4;4;4;4;3;201.63348952988937;321.2982527815351;321.2982527815351;321.2982527815351;316.73948683741617;279.94799129945835;4.15e-05;37.244137562432094;279.9479912994575;279.94799129945835;8.526512829121202e-13;3.0457488869782435e-15;True;optimal;True;False;False;False;0.010536792;0.010536792;0.010479167;0.010479167;0.0003633376551724138;2.4166666666666665;0.9676474585433594;0;0;0;0;0;0;0;0;0;292;0;0;0;11;6c0a626e12fa556051c306ec3457b8d6d9242b77f19471bc5b029f6f0a94d213;1.2625e-05;3.05e-05;6.417e-06;0.010169207;4.0418e-05;0.004643001000000001;0.0033354170000000002;0;0;0;0.000101959;0.00013670699999999996;1.0124999999999999e-05;0.00012066599999999999;5.916e-06;8.733499999999977e-05
progressive_10s;10.0;10000000;free_order_v1;unordered-final-consolidated;235;0;10;52;4;12;21.791061114716957;15;15;0;0;0;3;9;16;43;10;28;0;33;28;5;9;0;43;28;9;43;4.777777777777778;8;34;9;3.7777777777777777;7;0;0;;0;3;2;261.403108053443;452.79147895099146;452.79147895099146;452.79147895099146;452.39192044093534;441.53476585939114;2.5875e-05;42.26854519015002;441.53476585939114;441.53476585939114;0;0;True;optimal;True;False;False;False;0.003444417;0.003444417;0.003408583;0.003408583;0.0002296278;1.6666666666666667;0.0;0;0;0;0;0;0;0;0;0;162;0;0;0;4;cd47e1cb6937fddb14d90df9baa195c5bd791b7974d775e578a43434f0a15cc1;8.417000000000001e-06;1.8958e-05;3.875e-06;0.003300417;2.0163999999999995e-05;0.001311707;0.000856999;0;0;0;0;4.825000000000001e-05;5.292e-06;3.9625e-05;3.333e-06;6.854100000000025e-05
progressive_10s;10.0;10000000;free_order_v1;unordered-final-consolidated;236;0;15;66;4;8;40.25014046988262;25;25;0;0;0;5;13;26;79;18;54;0;61;54;7;13;0;79;54;13;79;6.076923076923077;11;66;13;5.076923076923077;10;0;0;;0;3;2;549.5875335194568;805.7480324281252;805.7480324281252;805.7480324281252;781.6777864034933;768.3137156534297;3.6834e-05;31.791638154762552;768.3137156534294;768.3137156534297;2.2737367544323206e-13;2.9593858707814035e-16;True;optimal;True;False;False;False;0.005538333;0.005538333;0.005485083;0.005485083;0.00022153332000000002;1.9230769230769231;0.0;0;0;0;0;0;0;0;0;0;358;0;0;0;9;39256d8b99e45226fbca0a6aa47d22745c0ad2e51016094edb92b7e19e9b5bb6;1.1750000000000001e-05;2.7291e-05;6.417e-06;0.005305587;4.0874999999999984e-05;0.002062796;0.0019440009999999999;0;0;0;0;7.683399999999998e-05;7.25e-06;6.400099999999997e-05;5.583e-06;0.00011549500000000037
progressive_10s;10.0;10000000;free_order_v1;unordered-final-consolidated;237;0;15;72;4;12;40.25014046988262;33;33;0;0;0;3;22;34;148;28;115;0;120;115;5;22;0;148;115;22;148;6.7272727272727275;11;126;22;5.7272727272727275;10;0;0;;0;3;2;234.70246121419348;350.46393843846334;350.46393843846334;350.46393843846334;347.66955566107794;343.9662074766534;4.1e-05;33.03092402033141;343.9662074766533;343.9662074766534;5.684341886080802e-14;1.6525873072768711e-16;True;optimal;True;False;False;False;0.00695975;0.00695975;0.006899625;0.006899625;0.00021090151515151513;1.5;0.0;0;0;0;0;0;0;0;0;0;454;0;0;0;8;74af5f2b07024da0f93b51ee71a0e9f232e77bf6e68f75aca05a4e8c3d620d62;1.1293e-05;3.1541e-05;7.334e-06;0.006582415000000001;5.712500000000001e-05;0.0022776249999999993;0.0021446229999999996;0;0;0;0;0.00017707499999999998;1.0209e-05;0.00016019899999999998;6.667e-06;0.00015701099999999922
progressive_10s;10.0;10000000;free_order_v1;unordered-final-consolidated;238;0;20;120;4;13;61.07738392090622;7;7;0;0;0;0;5;8;15;5;8;0;10;8;2;5;0;15;8;5;15;3.0;5;10;5;2.0;4;0;0;;0;3;2;200.98499098191388;210.65925622087877;210.65925622087877;210.65925622087877;210.21491134039502;210.18502912831656;5.85e-05;4.592376054352594;210.18502912831647;210.18502912831656;8.526512829121202e-14;4.056669908643124e-16;True;optimal;True;False;False;False;0.001491042;0.001491042;0.001413209;0.001413209;0.00021300599999999999;1.4;0.0;0;0;0;0;0;0;0;0;0;50;0;0;0;1;12770df713d76b475256e101d09ef616629e73f6b6f7eb547f01476260b215d3;1.7291e-05;4.375e-05;7.5e-06;0.001344708;3.341600000000001e-05;0.0006454990000000001;0.000362374;0;0;0;0;6.9045e-05;1.8293e-05;4.371e-05;7.042e-06;2.4790999999999892e-05
progressive_10s;10.0;10000000;free_order_v1;unordered-final-consolidated;239;0;20;141;4;20;61.07738392090622;21;21;0;0;0;0;17;22;92;19;71;0;73;71;2;17;0;92;71;17;92;5.411764705882353;10;75;17;4.411764705882353;9;0;0;;0;3;2;418.25071261146707;619.5824172703093;619.5824172703093;619.5824172703093;603.2440352270843;595.087214721795;6.6625e-05;32.49474146568719;595.087214721795;595.087214721795;0;0;True;optimal;True;False;False;False;0.003658;0.003658;0.003564792;0.003564792;0.00017419047619047617;1.2352941176470589;0.0;0;0;0;0;0;0;0;0;0;230;0;0;0;7;9749ce4d542dc0d42b52b66a8f4352e5500452e4149147ed96e7b4558018f1b5;1.7041999999999997e-05;5.15e-05;1.1667e-05;0.0032655410000000003;2.9043e-05;0.001109124;0.0011398730000000002;0;0;0;0;0.00022587599999999994;1.7749e-05;0.00019712699999999993;1.1e-05;0.00010212399999999958
progressive_10s;10.0;10000000;free_order_v1;unordered-final-consolidated;240;0;30;139;4;9;107.70906734197344;400;400;0;0;0;29;275;401;3055;368;2655;0;2687;2655;32;275;0;3055;2655;275;3055;11.10909090909091;24;2780;275;10.10909090909091;23;0;0;;0;4;3;610.9267420894258;886.4619287816655;886.4619287816655;886.4619287816655;865.7891472475181;847.8630977507466;8.75e-05;31.08257419141839;847.8630977507464;847.8630977507466;2.2737367544323206e-13;2.6817262839533913e-16;True;optimal;True;False;False;False;0.162371;0.162371;0.162233167;0.162233167;0.00040592749999999995;1.4545454545454546;0.0;0;0;0;0;0;0;0;0;0;9208;0;0;0;156;9e009a280258badf427288e2531519453436a82bed8edaa22a870d98caf08183;1.7542000000000002e-05;7.2042e-05;2.0875e-05;0.15559704300000007;0.0008614670000000003;0.06258928299999998;0.050105752000000024;0;0;0;0;0.0044565570000000025;2.7833e-05;0.004409224000000002;1.95e-05;0.0022268999999999354
progressive_10s;10.0;10000000;free_order_v1;unordered-final-consolidated;241;0;30;203;4;20;107.70906734197344;744;744;0;0;0;32;282;745;2593;708;1849;0;1885;1849;36;280;2;2589;1849;282;2593;9.195035460992909;21;2349;282;8.329787234042554;21;1;2;2;2;5;4;328.08632187276567;837.2094405043259;837.2094405043259;837.2094405043259;807.7075028253878;739.0305842471997;0.000112125;60.81191802195517;739.0305842471996;739.0305842471997;1.1368683772161603e-13;1.538323854856712e-16;True;optimal;True;False;False;False;0.235719584;0.235719584;0.235545042;0.235545042;0.00031682739784946235;2.6382978723404253;0.017411366210454537;0;0;0;0;0;0;0;0;0;13360;0;0;0;432;c86f1a6a9c54b8d8884dca03cb1c474354ec5fbb2b631c79e3baa7301f9b4c2f;2.3999999999999997e-05;9.0583e-05;2.125e-05;0.22716421099999995;0.0013989720000000007;0.09362449400000006;0.07592340500000003;0;0;0;4.1042e-05;0.006059244000000003;3.9417e-05;0.006000161000000003;1.9666e-05;0.002339628000000058
progressive_10s;10.0;10000000;free_order_v1;unordered-final-consolidated;242;0;40;492;4;32;159.15903982417854;7555;7555;0;0;0;314;2676;7556;32549;7232;24994;1;25318;24995;323;2674;1;32538;24994;2675;32549;12.16785046728972;29;29919;2676;11.1804932735426;29;1;11;11;11;10;9;433.63219633694183;1174.9524768578917;1174.9524768578917;1174.9524768578917;1147.633714017208;1069.2552517602576;0.00025425;63.09363954050467;1069.2552517602576;1069.2552517602576;0;0;True;optimal;True;False;False;False;2.99489425;2.99489425;2.994208208;2.994208208;0.00039641221045665125;2.8232436472346785;0.03044905508767129;0;0;0;0;0;0;0;0;0;173390;0;0;0;4826;264979398561e70ca035c48d29cca928ab207e57565abed25ca3ac8905ec1463;4.4958e-05;0.00021275;7.2583e-05;2.8371210949999943;0.021920984999999928;0.975828921999995;1.0266675450000002;0;0;0;0.000911917;0.12470589999999794;0.000107001;0.12452752399999795;7.1375e-05;0.03164767200000759
progressive_10s;10.0;10000000;free_order_v1;unordered-final-consolidated;243;0;40;486;4;46;159.15903982417854;2882;2882;0;0;0;88;1103;2883;11714;2791;8832;0;8923;8832;91;1100;3;11698;8832;1103;11714;10.620126926563916;27;10675;1103;9.678150498640072;27;3;16;3;7;4;3;673.5265519636177;1781.2348583803346;1781.2348583803346;1781.2348583803346;1680.2981802811555;1634.1091380222526;0.000350875;62.18766162166559;1634.1091380222526;1634.1091380222526;0;0;True;optimal;True;False;False;False;1.176744584;1.176744584;1.176180042;1.176180042;0.00040830832199861204;2.612873980054397;0.33018703062923976;0;0;0;0;0;0;0;0;0;62144;0;0;0;1690;95bbb0ec53811da735c6500d41f2c16167c0b3a09582b047d745ab12388fe8b7;4.4250000000000005e-05;0.000310916;6.3583e-05;1.1134518069999986;0.007689193000000002;0.3865775879999995;0.3965832000000004;0;0;0;0.003885458;0.046265584999999276;0.000124375;0.04607908499999927;6.2125e-05;0.012763692000002082
progressive_60s;60.0;10000000;free_order_v1;unordered-final-consolidated;244;0;50;255;4;14;214.20813806359016;81904;81904;0;0;0;9219;38210;81905;619791;72676;537887;1;547116;537888;9228;38209;0;619791;537887;38209;619791;16.22107356905441;38;581619;38210;15.221643548809212;37;0;0;;0;10;9;439.7252687758574;1443.3667479788674;1443.3667479788674;1443.3667479788674;1362.5003774641013;1164.0912082577843;0.000173042;69.53475134496479;1164.0912082577843;1164.0912082577843;0;0;True;optimal;True;False;False;False;46.011656458;46.011656458;46.006922542;46.006922542;0.0005617754500146512;2.1435226380528656;0.0;0;0;0;0;0;0;0;0;0;2573690;0;0;0;35008;06baf1fd29333fab86175838bb1b5bbbb0b8fa24534c0f02dfa8ea0818c45cbd;2.8207999999999998e-05;0.000149333;4.5959e-05;44.25588147600025;0.26804296600000166;15.092773082000011;14.641953980000173;0;0;0;0;1.238143886000204;5.1667e-05;1.2380481350002042;4.4084e-05;0.5129929309995462
progressive_60s;60.0;10000000;free_order_v1;unordered-final-consolidated;245;0;50;589;4;38;214.20813806359016;20219;20219;0;0;0;1254;12014;20220;164554;18958;144335;1;145597;144336;1261;12002;11;164470;144335;12013;164554;13.69799384000666;38;152867;12014;12.724071916097886;37;5;43;6;12;8;7;450.3382748556911;1329.7118357722388;1329.7118357722388;1329.7118357722388;1313.352373486867;1290.9854815648048;0.000288333;66.13264146858148;1290.9854815648034;1290.9854815648048;1.3642420526593924e-12;1.056744690115177e-15;True;optimal;True;False;False;False;10.525639625;10.525639625;10.524680375;10.524680375;0.0005205816125921164;1.6829532212418845;0.028647104664672574;0;0;0;0;0;0;0;0;0;522668;0;0;0;9153;27aeecd60c9498b4d5ff26da74b3d856e20f9f523a2ab43c99021be3022a2c49;4.9291999999999995e-05;0.000243167;7.2833e-05;9.680269533000008;0.06440124099999957;3.483575094999987;3.4610814579999922;0;0;0;0.003015291;0.7021243430000096;0.000112251;0.7019413000000095;7.0792e-05;0.13945425099998365
progressive_600s;600.0;10000000;free_order_v1;unordered-final-consolidated;246;0;60;423;4;20;272.1329303702744;143503;143503;0;0;0;13892;87970;143504;1373801;129604;1230298;0;1244197;1230298;13899;87956;14;1373746;1230298;87970;1373801;15.616698874616347;43;1286350;87970;14.622598613163579;43;3;13;2;6;8;7;400.8950143117272;1339.6506816924245;1339.6506816924245;1339.6506816924245;1149.9172214619064;1055.531273647027;0.000301;70.07466052230396;1055.531273647027;1055.531273647027;0;0;True;optimal;True;False;False;False;98.045817375;98.045817375;98.0369345;98.0369345;0.0006832318305192226;1.6312720245538253;0.00041723656444758153;0;0;0;0;0;0;0;0;0;4254016;0;0;0;56293;95ce26289c45bbe3928a1466f46997a5b7b40019abf67c319a778a4af56a5ba6;4.2334e-05;0.000263667;9.3584e-05;90.3361202419995;0.6771547730000208;34.895631844000015;31.482280498000005;0;0;0;0.00040908299999999997;6.236529622000414;0.00011637600000000001;6.236321912000413;9.1334e-05;1.4640832630000924
progressive_600s;600.0;10000000;free_order_v1;unordered-final-consolidated;247;0;60;787;4;44;272.1329303702744;311895;311895;0;0;0;19344;180317;311896;3022507;292535;2710612;0;2729972;2710612;19360;180301;16;3022426;2710612;180317;3022507;16.76218548445238;51;2842820;180317;15.765679331399701;50;6;36;2;11;17;16;754.2890706486473;2509.526822526238;2509.526822526238;2509.526822526238;2508.978801987287;2283.4780220932184;0.000410917;69.9429763460613;2283.4780220932184;2283.4780220932184;0;0;True;optimal;True;False;False;False;236.558574625;236.558574625;236.534376583;236.534376583;0.0007584558092467017;1.7297037994199105;0.0010504269413776697;0;0;0;0;0;0;0;0;0;9724456;0;0;0;145822;ecdf49617c35c550eb502ebda69fb3c10f83cf533443fdbf94ed031ae3c5f36f;0.00013099999999999999;0.0003515;0.000129542;210.2580664449974;1.6961138630000663;72.72303861000012;75.21071311600066;0;0;0;0.0024848749999999997;22.618573883035594;0.00017579099999999998;22.618270342035594;0.00012775;3.655554920967006
progressive_10s;10.0;10000000;free_order_v1;unordered-final-consolidated;248;0;5;34;4;10;6.906890595608517;2;2;0;0;0;0;2;3;3;1;1;0;2;1;1;2;0;3;1;2;3;1.5;2;1;2;0.5;1;0;0;;0;2;1;72.47908387942;88.68612466456369;88.68612466456369;88.68612466456369;88.68585184721633;88.68585184721633;1.9625e-05;18.27460704416092;88.68585184721633;88.68585184721633;0;0;True;optimal;True;False;False;False;0.000130167;0.000130167;0.000105;0.000105;6.50835e-05;1.0;0.0;0;0;0;0;0;0;0;0;0;6;0;0;0;1;ba1c04022b29287d1a3af42c6e9eaca90604166fb8d82ebab9eaf2b26bb99f19;8.084e-06;1.3041e-05;1.75e-06;9.4709e-05;3.084e-06;2.0708e-05;2.4208000000000003e-05;0;0;0;0;6.209000000000001e-06;1.8340000000000001e-06;3.2500000000000002e-06;1.125e-06;7.041e-06
progressive_10s;10.0;10000000;free_order_v1;unordered-final-consolidated;249;0;5;23;4;6;6.906890595608517;2;2;0;0;0;0;3;3;6;2;4;0;4;4;0;3;0;6;4;3;6;2.0;3;3;3;1.0;2;0;0;;0;1;0;106.35267838658318;144.27417634350803;144.27417634350803;144.27417634350803;;144.27417634350803;1.7417e-05;26.28432815768504;144.27417634308262;144.27417634350803;4.254161467542872e-10;2.9486645326007424e-12;True;optimal;True;False;False;False;0.000127875;0.000127875;0.000104166;0.000104166;6.39375e-05;0.6666666666666666;0.0;0;0;0;0;0;0;0;0;0;6;0;0;0;1;3d18f04f7709c0996cd193cc98821fb69c0ef8a947ebb0b8cf53484cbc49d462;7.25e-06;1.1709e-05;2.292e-06;9.162499999999999e-05;2.4999999999999998e-06;1.9667e-05;2.45e-05;0;0;0;0;7.124999999999999e-06;2.1669999999999998e-06;3.4159999999999996e-06;1.542e-06;9.125000000000015e-06
progressive_10s;10.0;10000000;free_order_v1;unordered-final-consolidated;250;0;10;62;4;20;21.791061114716957;27;27;0;0;0;10;15;28;76;16;49;0;60;49;11;14;1;67;49;15;76;5.066666666666666;9;60;15;4.0;7;1;9;9;9;2;1;156.205829916812;233.29404786657744;233.29404786657744;233.29404786657744;232.6617682555508;232.6617682555508;2.9417e-05;33.04337108242587;232.6617682555508;232.6617682555508;0;0;True;optimal;True;False;False;False;0.006121625;0.006121625;0.006075458;0.006075458;0.00022672685185185187;1.8;2.7307618483654257;0;0;0;0;0;0;0;0;0;292;0;0;0;6;cc5dc833919bf514acedf682b20a28c2cb6b86c8fc7083ccee78d3bb6dd3bf6e;1.2624e-05;2.1417e-05;5.458e-06;0.0057115820000000015;3.9165e-05;0.0017262080000000003;0.0017116220000000003;0;0;0;0.000167167;0.000106;6.041e-06;9.4959e-05;5e-06;0.00010174999999999823
progressive_10s;10.0;10000000;free_order_v1;unordered-final-consolidated;251;0;10;150;4;35;21.791061114716957;10;10;0;0;0;1;7;11;28;7;18;0;21;18;3;7;0;28;18;7;28;4.0;7;21;7;3.0;6;0;0;;0;3;2;758.357890774534;1213.245765303531;1213.245765303531;1213.245765303531;1164.8251543516617;1163.9740464256563;4.8e-05;37.49346484759357;1163.9740464256552;1163.9740464256563;1.1368683772161603e-12;9.767128233720224e-16;True;optimal;True;False;False;False;0.002308542;0.002308542;0.002241292;0.002241292;0.00023085419999999997;1.4285714285714286;0.0;0;0;0;0;0;0;0;0;0;84;0;0;0;2;d0002be2e4935edf3030ee5852a3216bf7545a92cd3b8d3a88e165c84a38983a;1.8166999999999997e-05;3.1875e-05;7.75e-06;0.002137961;1.8126000000000002e-05;0.0009335839999999999;0.00067;0;0;0;0;8.041500000000001e-05;1.1874e-05;6.112500000000001e-05;7.416e-06;4.2206000000000334e-05
progressive_10s;10.0;10000000;free_order_v1;unordered-final-consolidated;252;0;15;105;4;36;40.25014046988262;18;18;0;0;0;2;14;19;72;15;54;0;57;54;3;14;0;72;54;14;72;5.142857142857143;9;58;14;4.142857142857143;8;0;0;;0;2;1;367.29236556182326;535.9027507725525;535.9027507725525;535.9027507725525;514.6370799562951;514.6370799562951;5.0958e-05;31.462869889669733;514.637079956295;514.6370799562951;1.1368683772161603e-13;2.20906814043152e-16;True;optimal;True;False;False;False;0.003181834;0.003181834;0.003110625;0.003110625;0.00017676855555555555;1.2857142857142858;0.0;0;0;0;0;0;0;0;0;0;202;0;0;0;5;aa136318999f2bb7ad5d56e37f262c704703769be059187c0edc85fc5ce6c51d;1.4582999999999999e-05;3.825e-05;8.542e-06;0.002902915;1.9291e-05;0.0012600400000000002;0.0008805020000000001;0;0;0;0;0.00014958000000000001;1.3334e-05;0.00012807900000000002;8.167e-06;7.963100000000025e-05
progressive_10s;10.0;10000000;free_order_v1;unordered-final-consolidated;253;0;15;99;4;20;40.25014046988262;18;18;0;0;0;1;18;19;85;17;67;0;68;67;1;18;0;85;67;18;85;4.722222222222222;9;67;18;3.7222222222222223;8;0;0;;0;1;0;143.64545972636935;266.8493306745217;266.8493306745217;266.8493306745217;;266.8493306745217;4.7583e-05;46.169825735266734;266.8493306730622;266.8493306745217;1.4595116226701066e-09;5.4694220854175004e-12;True;optimal;True;False;False;False;0.002366334;0.002366334;0.002294625;0.002294625;0.00013146299999999998;1.0;0.0;0;0;0;0;0;0;0;0;0;150;0;0;0;6;fed2edca5049fdb43f2026efe5293a7314bc55b3c13443576a366f2a07ea6dbb;1.4709e-05;3.45e-05;1.1292e-05;0.0020997100000000003;2.2252e-05;0.000831289;0.0006612069999999999;0;0;0;0;0.00013154499999999997;1.1501e-05;0.00010925199999999999;1.0792e-05;8.566299999999951e-05
progressive_10s;10.0;10000000;free_order_v1;unordered-final-consolidated;254;0;20;122;4;10;61.07738392090622;49;49;0;0;0;4;27;50;202;43;153;0;159;153;6;25;2;195;153;27;202;7.481481481481482;15;192;27;7.111111111111111;15;2;7;3;4;3;2;309.6042100811938;464.17065964379503;464.17065964379503;464.17065964379503;441.3474607305092;437.1825685485881;6.5417e-05;33.29948723627117;437.182568548588;437.1825685485881;1.1368683772161603e-13;2.6004430620151996e-16;True;optimal;True;False;False;False;0.013754458;0.013754458;0.013653959;0.013653959;0.00028070322448979593;1.8148148148148149;0.5573901930559532;0;0;0;0;0;0;0;0;0;886;0;0;0;23;72f6456b051d0bee967f0532132af254e2f38f6452c876dcd425bd865d857237;1.8292e-05;4.9208e-05;1.4958e-05;0.012876714000000003;9.675199999999997e-05;0.004399501;0.003767455;0;0;0;7.6666e-05;0.0005169199999999999;2.0251e-05;0.00048225199999999996;1.4417e-05;0.00021832699999999765
progressive_10s;10.0;10000000;free_order_v1;unordered-final-consolidated;255;0;20;151;4;20;61.07738392090622;76;76;0;0;0;7;40;77;337;66;261;0;271;261;10;40;0;337;261;40;337;8.425;17;297;40;7.425;16;0;0;;0;4;3;276.6830527878424;559.0885577165235;559.0885577165235;559.0885577165235;515.0442940326875;512.001558609732;7.4542e-05;50.511766164935544;512.001558609732;512.001558609732;0;0;True;optimal;True;False;False;False;0.021971417;0.021971417;0.021859417;0.021859417;0.00028909759210526314;1.9;0.0;0;0;0;0;0;0;0;0;0;1418;0;0;0;37;f0c2c50e5a94bc0fad7e4f5939f6227c0aecbc94306d693645561bd219c1532e;2.0583000000000003e-05;5.6125e-05;1.575e-05;0.020901795;0.000139164;0.007877382;0.006983086999999998;0;0;0;0;0.0006337539999999997;1.9543000000000002e-05;0.0005991269999999998;1.5084e-05;0.0003584949999999985
progressive_10s;10.0;10000000;free_order_v1;unordered-final-consolidated;256;0;30;203;4;14;107.70906734197344;267;267;0;0;0;16;159;268;1489;250;1222;0;1239;1222;17;158;1;1486;1222;159;1489;9.364779874213836;21;1349;159;8.484276729559749;21;1;3;3;3;2;1;212.00998702891334;498.22581475031393;498.22581475031393;498.22581475031393;492.5636313967132;492.5636313967132;0.000109792;57.4470088156387;492.5636313967132;492.5636313967132;0;0;True;optimal;True;False;False;False;0.112181958;0.112181958;0.112013958;0.112013958;0.0004201571460674157;1.679245283018868;0.03977912384092993;0;0;0;0;0;0;0;0;0;5056;0;0;0;93;3d32b12a31149f8501fa3b5090c7133ec401867854cca420145b30fac1b698aa;2.3541e-05;8.8833e-05;2.4459e-05;0.10780620399999996;0.000686131;0.03853473900000001;0.039740334;0;0;0;4.4625e-05;0.0030218319999999995;3.5499e-05;0.0029630829999999996;2.325e-05;0.0012000460000000357
progressive_10s;10.0;10000000;free_order_v1;unordered-final-consolidated;257;0;30;153;4;9;107.70906734197344;716;716;0;0;0;25;414;717;3594;688;2878;0;2906;2878;28;414;0;3594;2878;414;3594;8.681159420289855;23;3180;414;7.681159420289855;22;0;0;;0;4;3;264.5397446509692;696.0247292150659;696.0247292150659;696.0247292150659;682.376705878978;639.9386819090437;0.00010675;61.99276641373059;639.9386819090433;639.9386819090437;3.410605131648481e-13;5.32958114279649e-16;True;optimal;True;False;False;False;0.159313417;0.159313417;0.159148333;0.159148333;0.00022250477234636874;1.7294685990338163;0.0;0;0;0;0;0;0;0;0;0;12064;0;0;0;431;4d59a6435f9a48448258cfe5e8351eb42699ce102a4cb80931b6cc7b445a9003;2.4666e-05;8.4708e-05;2.2083e-05;0.149918716;0.001151780000000001;0.05497295899999999;0.05044810199999995;0;0;0;0;0.006403210000000002;2.7958999999999998e-05;0.006354376000000002;2.0875e-05;0.0028752409999999937
progressive_10s;10.0;10000000;free_order_v1;unordered-final-consolidated;258;0;40;240;4;20;159.15903982417854;3574;3574;0;0;0;319;1503;3575;16263;3248;12689;0;13015;12689;326;1496;7;16236;12689;1503;16263;10.820359281437126;25;14898;1503;9.912175648702595;24;2;7;3;4;8;7;272.47440191695074;779.2086517346889;779.2086517346889;779.2086517346889;772.2719539045593;727.4847435507667;0.000144958;65.03190752433729;727.4847435507666;727.4847435507667;1.1368683772161603e-13;1.562738445437688e-16;True;optimal;True;False;False;False;1.486423042;1.486423042;1.486112083;1.486112083;0.0004158990044767767;2.3779108449767135;0.012359065677077953;0;0;0;0;0;0;0;0;0;72854;0;0;0;1766;3974272ecb7e325337bf7b366928b6e38f2177af43fed7e6ddaa86d7f7c0660c;3.1667e-05;0.000116875;2.5542e-05;1.425491822999998;0.009047419999999997;0.48381027700000073;0.5309623609999996;0;0;0;0.000183708;0.0438553059999999;4.275e-05;0.0437884729999999;2.4083e-05;0.016648079000002196
progressive_10s;10.0;10000000;free_order_v1;unordered-final-consolidated;259;0;40;258;4;19;159.15903982417854;1140;1140;0;0;0;46;419;1141;4657;1092;3517;0;3565;3517;48;419;0;4657;3517;419;4657;11.1145584725537;27;4238;419;10.1145584725537;26;0;0;;0;3;2;291.82026060573656;808.5821509151737;808.5821509151737;808.5821509151737;738.0015995367306;710.9972548929338;0.000155416;63.90963363766477;710.9972548847627;710.9972548929338;8.17112777440343e-09;1.1492488498614368e-11;True;optimal;True;False;False;False;0.535202583;0.535202583;0.534909083;0.534909083;0.00046947595;2.720763723150358;0.0;0;0;0;0;0;0;0;0;0;25678;0;0;0;702;b02074485de2541ac1bc503afb6761792c1d4c794763062175f2aa5aaea1e394;2.725e-05;0.000132042;4.3333e-05;0.5179855989999996;0.004041739999999999;0.1989345390000001;0.17334496200000016;0;0;0;0;0.012372627000000011;5.7667e-05;0.01227308500000001;4.1875e-05;0.004650399000000312
progressive_60s;60.0;10000000;free_order_v1;unordered-final-consolidated;260;0;50;236;4;10;214.20813806359016;40979;40979;0;0;0;1880;21752;40980;355646;39088;314667;1;316559;314668;1891;21750;1;355643;314667;21751;355646;16.350788469495654;38;333958;21752;15.352979036410446;37;1;3;3;3;12;11;485.7067660636405;1412.0533387631708;1412.0533387631708;1412.0533387631708;1383.5570753528104;1306.5123208247057;0.000171208;65.60280318524829;1306.5123208247057;1306.5123208247057;0;0;True;optimal;True;False;False;False;22.23432825;22.23432825;22.231612542;22.231612542;0.0005425785951340931;1.8839187201176903;0.00020744948748339183;0;0;0;0;0;0;0;0;0;1293602;0;0;0;19833;99efc8fb8ca1d3d388a61bafbf8a762499d1cd7c4a52c3e636f104c5f71e8af3;2.5583000000000002e-05;0.00015;3.1333e-05;21.24326998300005;0.12850889899999823;8.691339496999966;7.335257410000032;0;0;0;4.6125e-05;0.7211298910000064;5.1291e-05;0.7210491420000064;2.9458e-05;0.26724729199994335
progressive_600s;600.0;10000000;free_order_v1;unordered-final-consolidated;261;0;50;397;4;39;214.20813806359016;76552;76552;0;0;0;8369;33145;76553;461228;68175;384676;2;393055;384678;8377;33140;3;461204;384676;33143;461228;13.916302084904807;32;428212;33145;12.919354352089304;32;1;8;8;8;9;8;269.4590506923083;852.0606319543159;852.0606319543159;852.0606319543159;851.6961052865137;758.6671595747696;0.000761083;68.37560138481369;758.6671595664161;758.6671595747696;8.353481462108903e-09;1.101073291058361e-11;True;optimal;True;False;False;False;150.480339542;150.480339542;150.472124041;150.472124041;0.0019657270814870936;2.30960929250264;0.00039241006619020007;6999;3189;3810;3185;0;4;0;754;3056;1806970;0;0;0;35101;f5956eab31ad2699410ad0401730c46da537bb117f4bfa5181c7fff1ad756ae8;8.625e-05;0.000686417;6.3167e-05;147.78646137600217;0.7393245490000101;20.347246407;18.515381425999948;95.3968372840004;0;0;0.0005905;2.0088450709999086;0.000252042;2.0085318619999084;6.1167e-05;0.6765403029979269
progressive_60s;60.0;10000000;free_order_v1;unordered-final-consolidated;262;0;60;288;4;9;272.1329303702744;73465;73465;0;0;0;4859;55148;73466;918427;68595;844962;1;849833;844963;4870;55147;0;918427;844962;55147;918427;16.65416069777141;43;863322;55148;15.654638427504171;42;0;0;;0;12;11;442.04973046027294;1611.9057849836986;1611.9057849836986;1611.9057849836986;1546.6726165520047;1382.9221472101092;0.000240083;72.57595731845186;1382.9221472101087;1382.9221472101092;4.547473508864641e-13;3.2883076737462483e-16;True;optimal;True;False;False;False;34.267396042;34.267396042;34.265039833;34.265039833;0.0004664451921595318;1.332142598099659;0.0;4;4;0;4;0;0;0;0;0;2276240;0;0;0;34654;6998e7279a811f177a33cb06863e24e8458f771371b3637e64d939fc3be81aa0;3.3416999999999995e-05;0.000211459;5.625e-05;31.829301828999984;0.21385884300000152;12.28574489199992;11.000472367000071;0.052401208;0;0;0;1.8469012970000027;6.9042e-05;1.8467779220000027;5.4333e-05;0.588960082000016
progressive_10s;10.0;10000000;free_order_v1;unordered-final-consolidated;263;0;60;283;4;12;272.1329303702744;11702;11702;0;0;0;432;4947;11703;64841;11260;53139;3;53584;53142;442;4944;0;64841;53139;4944;64841;13.115088996763754;38;60003;4947;12.129169193450576;38;0;0;;0;11;10;497.9897108374831;1438.970845796489;1438.970845796489;1438.970845796489;1404.5331495827065;1281.7652559519731;0.000234667;65.39264764868537;1281.7652559519731;1281.7652559519731;0;0;True;optimal;True;False;False;False;4.017995875;4.017995875;4.017234625;4.017234625;0.000343359756879166;2.365474024661411;0.0;0;0;0;0;0;0;0;0;0;297540;0;0;0;6441;a2bc40a7473680b89338b603a71648463ec8254db6364f8244c50fc96864817c;3.1958e-05;0.000207292;4.9084e-05;3.7959541680000037;0.024227814999999826;1.305536034000002;1.3049621679999963;0;0;0;0;0.16883596199999829;8.108200000000001e-05;0.1687075049999983;4.7375e-05;0.05257295199999837
progressive_10s;10.0;10000000;free_order_v1;unordered-final-consolidated;264;0;5;57;9;13;6.906890595608517;2;2;0;0;0;0;3;3;6;2;4;0;4;4;0;3;0;6;4;3;6;2.0;3;3;3;1.0;2;0;0;;0;1;0;56.01243439638344;83.29387574960897;83.29387574960897;83.29387574960897;;83.29387574960897;2.65e-05;32.753237987432236;83.29387574938492;83.29387574960897;2.240483354398748e-10;2.6898536467841887e-12;True;optimal;True;False;False;False;0.000186333;0.000186333;0.000151167;0.000151167;9.31665e-05;0.6666666666666666;0.0;0;0;0;0;0;0;0;0;0;6;0;0;0;1;85f302583f477c2bd7339a5ca48b62d3ae21858ad4366c37dff7cd43f56010bd;9.832999999999999e-06;1.8375e-05;3.375e-06;0.00013162500000000001;3.124e-06;2.1167e-05;3.6958e-05;0;0;0;0;1.5292e-05;3.625e-06;8.917e-06;2.75e-06;1.0624999999999997e-05
progressive_10s;10.0;10000000;free_order_v1;unordered-final-consolidated;265;0;5;55;8;15;6.906890595608517;13;13;0;0;0;5;6;14;19;5;6;0;14;6;8;4;2;10;6;6;19;3.1666666666666665;5;14;6;2.3333333333333335;4;2;9;4;5;4;3;34.179525217041224;44.085286032112;44.085286032112;44.085286032112;43.15531021221536;42.91609492924701;2.325e-05;22.469539627927922;42.916094929246995;42.91609492924701;1.4210854715202004e-14;3.3113112315159434e-16;True;optimal;True;False;False;False;0.002215;0.002215;0.002183209;0.002183209;0.00017038461538461538;2.1666666666666665;6.943160270880362;0;0;0;0;0;0;0;0;0;92;0;0;0;1;a7a81e531c56c5fbe4dd593be24cde0b63cc9ab28ba4cb10aed5cd23def92f48;8.666e-06;1.6125e-05;2.75e-06;0.001966791;1.3708e-05;0.0009014590000000001;0.000612376;0;0;0;0.00015379100000000002;3.9373e-05;3.6240000000000004e-06;3.3415e-05;2.334e-06;2.9212000000000323e-05
progressive_10s;10.0;10000000;free_order_v1;unordered-final-consolidated;266;0;5;46;8;12;6.906890595608517;2;2;0;0;0;0;3;3;6;2;4;0;4;4;0;3;0;6;4;3;6;2.0;3;3;3;1.0;2;0;0;;0;1;0;51.580117716319236;66.3251193631369;66.3251193631369;66.3251193631369;;66.3251193631369;2.1792e-05;22.23139858382652;66.32511936281706;66.3251193631369;3.198437070750515e-10;4.822361575014649e-12;True;optimal;True;False;False;False;0.000151292;0.000151292;0.000122125;0.000122125;7.5646e-05;0.6666666666666666;0.0;0;0;0;0;0;0;0;0;0;6;0;0;0;1;bcd60d255d5982724a916f4db48143c57a5c3af1817b2244def71de8f99e60e6;8.167e-06;1.4958e-05;2.625e-06;0.000105709;2.666e-06;2.125e-05;3.1084e-05;0;0;0;0;1.2499e-05;3.125e-06;7.207e-06;2.167e-06;9.209e-06
progressive_10s;10.0;10000000;free_order_v1;unordered-final-consolidated;267;0;5;53;8;14;6.906890595608517;4;4;0;0;0;1;4;5;9;3;5;0;6;5;1;4;0;9;5;4;9;2.25;3;5;4;1.25;2;0;0;;0;1;0;49.73666009409179;81.99932284366271;81.99932284366271;81.99932284366271;;81.99932284366271;2.425e-05;39.345035581674104;81.99932284346374;81.99932284366271;1.9896617686754325e-10;2.426436828592912e-12;True;optimal;True;False;False;False;0.000497875;0.000497875;0.000465625;0.000465625;0.00012446875;1.0;0.0;0;0;0;0;0;0;0;0;0;16;0;0;0;2;388823837b7351a203b4575d03dfb7b02f62983bd2c9d51ef958ab72fe7c29a5;9.250000000000001e-06;1.6708e-05;2.875e-06;0.0004395;5.291000000000001e-06;0.000178833;0.00013175;0;0;0;0;1.5999e-05;3.584e-06;9.957e-06;2.458e-06;1.6168e-05
progressive_10s;10.0;10000000;free_order_v1;unordered-final-consolidated;268;0;5;59;10;14;6.906890595608517;14;14;0;7;0;3;9;15;28;10;14;0;18;14;4;7;2;22;14;9;28;3.111111111111111;5;25;9;2.7777777777777777;5;2;6;3;3;2;1;50.309496546208294;91.58549655213963;91.58549655213963;91.58549655213963;90.0835960246329;90.0835960246329;2.5209e-05;45.06827124361651;90.0835960246329;90.0835960246329;0;0;True;optimal;True;False;False;False;0.002365958;0.002365958;0.002331958;0.002331958;0.000168997;1.5555555555555556;4.6510546679188725;0;0;0;0;0;0;0;0;0;102;0;0;0;4;06a7ba81df83dd0f8051867466006e42e4710ddce7bf9d2ff957f1def78fff57;1.025e-05;1.6625e-05;3e-06;0.002133668;1.725e-05;0.0007888319999999999;0.0007155809999999999;0;0;0;0.000110042;4.6835e-05;3.875e-06;4.0419e-05;2.541e-06;4.7828999999999836e-05
progressive_10s;10.0;10000000;free_order_v1;unordered-final-consolidated;269;0;5;52;8;13;6.906890595608517;5;5;0;0;0;0;6;6;17;5;12;0;12;12;0;6;0;17;12;6;17;2.8333333333333335;4;11;6;1.8333333333333333;3;0;0;;0;1;0;55.71139175058763;100.02541233458932;100.02541233458932;100.02541233458932;;100.02541233458932;2.2334e-05;44.302762217834584;100.02541233431076;100.02541233458932;2.785611741273897e-10;2.784904032143257e-12;True;optimal;True;False;False;False;0.00034825;0.00034825;0.000317667;0.000317667;6.965e-05;0.8333333333333334;0.0;0;0;0;0;0;0;0;0;0;22;0;0;0;2;694ce1b7990ba94ace39b597356b3c5542068a41d8f1c31f5801adc69ee43b6b;8.751e-06;1.5292e-05;3e-06;0.000283293;5.8339999999999995e-06;5.8667e-05;8.9292e-05;0;0;0;0;2.0955999999999997e-05;3.708e-06;1.4622999999999999e-05;2.625e-06;1.9750999999999994e-05
progressive_10s;10.0;10000000;free_order_v1;unordered-final-consolidated;270;0;5;58;9;15;6.906890595608517;7;7;0;0;0;0;6;8;13;6;6;1;8;7;1;5;0;13;6;5;13;2.6;4;12;6;2.0;4;0;0;;0;2;1;49.81167465139868;83.82710469602691;83.82710469602691;83.82710469602691;74.59441378012217;74.59441378012217;2.3542e-05;40.578080524163;74.59441378012217;74.59441378012217;0;0;True;optimal;True;False;False;False;0.000722042;0.000722042;0.000690458;0.000690458;0.00010314885714285715;1.1666666666666667;0.0;0;0;0;0;0;0;0;0;0;38;0;0;0;3;2ca91534049d3974b4b823fdc93e2ce6ddf99ed27e924c716b9a547f67d8dec7;8.959e-06;1.5958e-05;3e-06;0.000646165;6.375e-06;0.000220626;0.000207458;0;0;0;0;2.9208e-05;4.125e-06;2.2541e-05;2.542e-06;2.1752000000000045e-05
progressive_10s;10.0;10000000;free_order_v1;unordered-final-consolidated;271;0;5;57;10;13;6.906890595608517;3;3;0;0;0;0;4;4;10;3;7;0;7;7;0;4;0;10;7;4;10;2.5;4;6;4;1.5;3;0;0;;0;1;0;45.03566942497366;63.77774336062045;63.77774336062045;63.77774336062045;;63.77774336062045;2.2417e-05;29.38654293500619;63.77774336039527;63.77774336062045;2.2517809838973335e-10;3.5306689532193374e-12;True;optimal;True;False;False;False;0.000232959;0.000232959;0.000203125;0.000203125;7.7653e-05;0.75;0.0;0;0;0;0;0;0;0;0;0;12;0;0;0;1;48b599425fcbe4254a6365ed66e81c9a858879276c17fe364e794875188610d5;8.168e-06;1.5459e-05;2.75e-06;0.000176209;3.5e-06;3.4333e-05;5.4332999999999996e-05;0;0;0;0;1.8627e-05;3.376e-06;1.2834e-05;2.417e-06;1.4081999999999985e-05
progressive_10s;10.0;10000000;free_order_v1;unordered-final-consolidated;272;0;5;52;9;12;6.906890595608517;2;2;0;0;0;0;3;3;6;2;4;0;4;4;0;3;0;6;4;3;6;2.0;3;3;3;1.0;2;0;0;;0;1;0;41.877359011911985;43.604367987911424;43.604367987911424;43.604367987911424;;43.604367987911424;2.0792e-05;3.9606329725458247;43.604367987743906;43.604367987911424;1.6751755538280122e-10;3.841760885726922e-12;True;optimal;True;False;False;False;0.00014925;0.00014925;0.000120625;0.000120625;7.4625e-05;0.6666666666666666;0.0;0;0;0;0;0;0;0;0;0;6;0;0;0;1;b84e89b69583696e44832e331d324fc608114382dcc2b96ae79dc3f106d062c2;7.875e-06;1.4208e-05;3.208e-06;0.000105542;2.708e-06;2.6709e-05;2.8333e-05;0;0;0;0;1.1958e-05;3.1260000000000002e-06;6.166e-06;2.666e-06;8.917000000000005e-06
progressive_10s;10.0;10000000;free_order_v1;unordered-final-consolidated;273;0;5;52;9;12;6.906890595608517;11;11;0;5;0;5;7;12;22;6;11;0;16;11;5;6;1;18;11;7;22;3.142857142857143;5;17;7;2.4285714285714284;5;1;4;4;4;1;0;48.054646267458764;73.69656240338927;73.69656240338927;73.69656240338927;;73.69656240338927;2.625e-05;34.7939107330076;73.69656240338925;73.69656240338927;1.4210854715202004e-14;1.9282927523018976e-16;True;optimal;True;False;False;False;0.001384334;0.001384334;0.0013505;0.0013505;0.00012584854545454545;1.5714285714285714;7.47955334478529;0;0;0;0;0;0;0;0;0;80;0;0;0;2;ac73c81f45ed7ae88091211a38914b0fb99a23ea05066e3fc33affd6dd27d876;8.876e-06;1.9e-05;2.541e-06;0.0011891649999999998;1.2623000000000001e-05;0.00038029299999999997;0.00037237599999999995;0;0;0;0.000103542;2.7583e-05;3.334e-06;2.2124e-05;2.125e-06;3.5669000000000075e-05
progressive_10s;10.0;10000000;free_order_v1;unordered-final-consolidated;274;0;5;49;8;12;6.906890595608517;4;4;0;0;0;0;5;5;15;4;11;0;11;11;0;5;0;15;11;5;15;3.0;5;10;5;2.0;4;0;0;;0;1;0;44.866438082529;66.81933903116668;66.81933903116668;66.81933903116668;;66.81933903116668;2.15e-05;32.854112696921675;66.81933903089747;66.81933903116668;2.6921043172478676e-10;4.028929882099229e-12;True;optimal;True;False;False;False;0.0004235;0.0004235;0.000395209;0.000395209;0.000105875;0.8;0.0;0;0;0;0;0;0;0;0;0;20;0;0;0;1;9a57a150913a3e444586430efee136ea9df9a67fd1312d404f94540d95bfa95e;7.957999999999999e-06;1.4959e-05;2.458e-06;0.00036337399999999997;5.999999999999999e-06;0.00011462500000000001;0.00011650000000000001;0;0;0;0;1.7038999999999997e-05;3.291e-06;1.1664999999999998e-05;2.083e-06;2.0170000000000025e-05
progressive_10s;10.0;10000000;free_order_v1;unordered-final-consolidated;275;0;5;50;8;12;6.906890595608517;6;6;0;0;0;0;6;7;17;5;11;0;12;11;1;6;0;17;11;6;17;2.8333333333333335;4;11;6;1.8333333333333333;3;0;0;;0;2;1;53.06138472203491;79.24406045006006;79.24406045006006;79.24406045006006;77.05292152603324;77.05292152603324;2.4209e-05;33.040552918821696;77.05292152603324;77.05292152603324;0;0;True;optimal;True;False;False;False;0.000434583;0.000434583;0.000404166;0.000404166;7.24305e-05;1.0;0.0;0;0;0;0;0;0;0;0;0;30;0;0;0;2;aa1dc4d434ec07996ea8505721ed92bbbda895d2f69752c93167d419f32dec34;8.167e-06;1.7375e-05;2.167e-06;0.000365959;6.291e-06;8.0417e-05;0.000121458;0;0;0;0;2.0208e-05;3.166e-06;1.525e-05;1.792e-06;2.295700000000001e-05
progressive_10s;10.0;10000000;free_order_v1;unordered-final-consolidated;276;0;5;49;7;13;6.906890595608517;3;3;0;0;0;0;4;4;10;3;7;0;7;7;0;4;0;10;7;4;10;2.5;4;6;4;1.5;3;0;0;;0;1;0;47.757028694435085;69.390321288572;69.390321288572;69.390321288572;;69.390321288572;2.1583e-05;31.176239268544403;69.39032128833321;69.390321288572;2.3878499177953927e-10;3.441185850495048e-12;True;optimal;True;False;False;False;0.000238958;0.000238958;0.000210083;0.000210083;7.965266666666667e-05;0.75;0.0;0;0;0;0;0;0;0;0;0;12;0;0;0;1;69441af02157d974ee7a67012535820004d513a4839b22c498b922414c1cf371;8.458e-06;1.4625e-05;2.916e-06;0.000186084;4.249e-06;3.4665999999999996e-05;6.0584e-05;0;0;0;0;1.5458e-05;3.3750000000000003e-06;9.583e-06;2.5e-06;1.4415999999999999e-05
progressive_10s;10.0;10000000;free_order_v1;unordered-final-consolidated;277;0;5;55;10;12;6.906890595608517;8;8;0;0;0;4;5;9;14;4;6;0;10;6;4;4;1;10;6;5;14;2.8;4;10;5;2.0;4;1;4;4;4;1;0;48.895734734939026;79.65965432965963;79.65965432965963;79.65965432965963;;79.65965432965963;2.1167e-05;38.6191979535948;79.65965432965962;79.65965432965963;1.4210854715202004e-14;1.783946319474661e-16;True;optimal;True;False;False;False;0.000992666;0.000992666;0.000963625;0.000963625;0.00012408325;1.6;7.5091722694239555;0;0;0;0;0;0;0;0;0;52;0;0;0;1;b53f26c92d8ccb2c44c6e83936831bd4d83ee14e03ed7feec5c419133f8c9f90;7.917e-06;1.4625e-05;3e-06;0.000852251;1.3916999999999999e-05;0.00029658500000000003;0.000274751;0;0;0;7.4541e-05;1.8959e-05;3.7920000000000003e-06;1.2584e-05;2.583e-06;2.424899999999991e-05
progressive_10s;10.0;10000000;free_order_v1;unordered-final-consolidated;278;0;5;55;9;13;6.906890595608517;3;3;0;0;0;0;4;4;9;3;6;0;6;6;0;4;0;9;6;4;9;2.25;3;5;4;1.25;2;0;0;;0;1;0;43.76539515442735;68.98402776201212;68.98402776201212;68.98402776201212;;68.98402776201212;2.2833e-05;36.55720523392238;68.9840277618371;68.98402776201212;1.7502088667242788e-10;2.537121886768226e-12;True;optimal;True;False;False;False;0.000210459;0.000210459;0.000179375;0.000179375;7.0153e-05;0.75;0.0;0;0;0;0;0;0;0;0;0;10;0;0;0;2;edb5108c5ad7273d275ee0dcc4175b38c9eb542a6ec0ee57a280146394d4af47;8.708e-06;1.5583e-05;3.291e-06;0.00015708400000000002;3.25e-06;3.1083999999999996e-05;4.9415999999999996e-05;0;0;0;0;1.6459e-05;3.5e-06;1.0251e-05;2.708e-06;1.2039999999999993e-05
progressive_10s;10.0;10000000;free_order_v1;unordered-final-consolidated;279;0;5;54;9;14;6.906890595608517;4;4;0;0;0;1;4;5;10;3;6;0;7;6;1;4;0;10;6;4;10;2.5;4;6;4;1.5;3;0;0;;0;1;0;42.33697072789051;46.24010606905356;46.24010606905356;46.24010606905356;;46.24010606905356;2.1375e-05;8.44101727477491;46.24010606905356;46.24010606905356;0;0;True;optimal;True;False;False;False;0.0007805;0.0007805;0.000751542;0.000751542;0.000195125;1.0;0.0;0;0;0;0;0;0;0;0;0;20;0;0;0;1;a76eba4604b40bec0b843d083a80c1c615a0df0aaf1a9da929c718df0a712a7f;7.708e-06;1.5e-05;2.958e-06;0.000725333;5.168e-06;0.000350042;0.000205417;0;0;0;0;1.7041e-05;3.8329999999999996e-06;1.0541000000000001e-05;2.667e-06;1.566800000000002e-05
progressive_10s;10.0;10000000;free_order_v1;unordered-final-consolidated;280;0;5;58;9;13;6.906890595608517;1;1;0;0;0;0;2;2;3;1;2;0;2;2;0;2;0;3;2;2;3;1.5;2;1;2;0.5;1;0;0;;0;1;0;35.56510496058737;46.57119842656637;46.57119842656637;46.57119842656637;;46.57119842656637;2.2417e-05;23.632832819051128;46.571198426459674;46.57119842656637;1.0669509720173664e-10;2.2910103412943915e-12;True;optimal;True;False;False;False;9.3541e-05;9.3541e-05;6.3334e-05;6.3334e-05;9.3541e-05;0.5;0.0;0;0;0;0;0;0;0;0;0;2;0;0;0;1;d81958a004a142f9e861754376d55b260794f5926d3cab01e181f2530f081a8a;9.292e-06;1.4458e-05;2.958e-06;5.5e-05;2.041e-06;8.167e-06;1.3292e-05;0;0;0;0;9.043000000000001e-06;3.458e-06;3.001e-06;2.584e-06;5.332999999999998e-06
progressive_10s;10.0;10000000;free_order_v1;unordered-final-consolidated;281;0;5;46;8;12;6.906890595608517;5;5;0;0;0;0;4;6;10;3;5;0;7;5;2;4;0;10;5;4;10;2.5;4;6;4;1.5;3;0;0;;0;3;2;34.292831954741025;47.165026803429704;47.165026803429704;47.165026803429704;46.01099558648594;44.77020149822994;2.0583e-05;27.291821336890777;44.77020149822993;44.77020149822994;7.105427357601002e-15;1.5870885365306936e-16;True;optimal;True;False;False;False;0.002475458;0.002475458;0.002447708;0.002447708;0.0004950916;1.25;0.0;1;0;1;0;0;0;0;0;1;25;0;0;0;1;3321e45e4f8c2356ed1abfe307679d9432688baf1de00963cb5588f5b0943bae;8.541e-06;1.3458e-05;2.5e-06;0.0024132080000000005;2.4084000000000002e-05;0.000174294;0.000192958;0.001862167;0;0;0;2.0334000000000002e-05;3.334e-06;1.4917000000000001e-05;2.083e-06;1.9582999999999375e-05
progressive_10s;10.0;10000000;free_order_v1;unordered-final-consolidated;282;0;5;55;10;13;6.906890595608517;4;4;0;0;0;1;4;5;10;3;6;0;7;6;1;4;0;10;6;4;10;2.5;4;6;4;1.5;3;0;0;;0;1;0;43.90632114898702;80.21682345089208;80.21682345089208;80.21682345089208;;80.21682345089208;2.1375e-05;45.265445251810526;80.21682345089206;80.21682345089208;1.4210854715202004e-14;1.7715554049459145e-16;True;optimal;True;False;False;False;0.000467917;0.000467917;0.000438541;0.000438541;0.00011697925;1.0;0.0;0;0;0;0;0;0;0;0;0;20;0;0;0;1;212361bf77f50dcfbbce8e626c313f8c54db26f4b74f15e8fd67bf0173e033be;8.167e-06;1.4542e-05;3.417e-06;0.000412416;5.5e-06;0.00014445799999999998;0.00012479100000000002;0;0;0;0;1.7207e-05;3.334e-06;1.0873e-05;3e-06;1.5251999999999997e-05
progressive_10s;10.0;10000000;free_order_v1;unordered-final-consolidated;283;0;5;52;6;15;6.906890595608517;10;10;0;0;0;0;7;11;22;8;12;0;14;12;2;7;0;22;12;7;22;3.142857142857143;5;15;7;2.142857142857143;4;0;0;;0;3;2;48.247852024849834;98.3226961620668;98.3226961620668;98.3226961620668;92.0196918036005;89.46323885838223;2.2958e-05;50.92907954301602;89.46323885838221;89.46323885838223;1.4210854715202004e-14;1.5884574375512364e-16;True;optimal;True;False;False;False;0.000902584;0.000902584;0.000873583;0.000873583;9.02584e-05;1.4285714285714286;0.0;0;0;0;0;0;0;0;0;0;58;0;0;0;3;d3bb0aba913adf83995461258ba792fd6a509d17bdf4d64542557e12c76c89f7;9.25e-06;1.55e-05;1.75e-06;0.0008104589999999999;1.2458999999999997e-05;0.000218041;0.00027454000000000004;0;0;0;0;2.9916000000000003e-05;3.0430000000000003e-06;2.5582e-05;1.291e-06;3.754200000000012e-05
progressive_10s;10.0;10000000;free_order_v1;unordered-final-consolidated;284;0;10;101;8;12;21.791061114716957;26;26;0;0;0;0;17;27;87;25;61;0;62;61;1;17;0;87;61;17;87;5.117647058823529;9;70;17;4.117647058823529;8;0;0;;0;2;1;52.68476876451868;116.1356713503654;116.1356713503654;116.1356713503654;111.47716520751295;111.47716520751295;4.0583e-05;54.635153737066744;111.47716520751295;111.47716520751295;0;0;True;optimal;True;False;False;False;0.003672917;0.003672917;0.003617875;0.003617875;0.00014126603846153845;1.5294117647058822;0.0;0;0;0;0;0;0;0;0;0;250;0;0;0;10;06d594f92b706abee8205f6498d3d4893266a5e826b6f63f3ddb6f23c95f29d7;1.4041999999999999e-05;2.8125e-05;5.708e-06;0.0033817499999999998;4.5335e-05;0.00107375;0.0011569549999999999;0;0;0;0;0.00014800200000000005;8.167e-06;0.00013466800000000003;5.167e-06;0.00010145700000000019
progressive_10s;10.0;10000000;free_order_v1;unordered-final-consolidated;285;0;10;107;8;14;21.791061114716957;31;31;0;0;0;2;16;32;85;28;54;0;57;54;3;16;0;85;54;16;85;5.3125;8;69;16;4.3125;7;0;0;;0;2;1;47.455812262611595;108.00966741524746;108.00966741524746;108.00966741524746;102.91227673311563;102.91227673311563;4.1333e-05;56.063365994669866;102.91227673311562;102.91227673311563;1.4210854715202004e-14;1.380870695539589e-16;True;optimal;True;False;False;False;0.009477167;0.009477167;0.00941875;0.00941875;0.000305715064516129;1.9375;0.0;2;0;2;0;0;0;0;2;0;312;0;0;0;15;63c1e76254b51d28fa81444c48e83205cc1da305c4944799e01ff18b772f0c85;1.6041e-05;2.6917e-05;6.917e-06;0.009157084000000001;9.995999999999998e-05;0.0013454180000000001;0.001965873;0.004071792;0;0;0;0.00015400000000000003;8.25e-06;0.000139416;6.334e-06;0.00012224999999999893
progressive_10s;10.0;10000000;free_order_v1;unordered-final-consolidated;286;0;10;106;7;14;21.791061114716957;17;17;0;0;0;2;9;18;36;13;19;0;23;19;4;8;1;32;19;9;36;4.0;7;31;9;3.4444444444444446;7;1;4;4;4;3;2;45.772998749307014;96.01399193212376;96.01399193212376;96.01399193212376;91.48298243491968;91.24711709070816;4.2666e-05;52.32674131321836;91.24711709070816;91.24711709070816;0;0;True;optimal;True;False;False;False;0.003037833;0.003037833;0.002980541;0.002980541;0.00017869605882352943;1.8888888888888888;1.994316343261792;0;0;0;0;0;0;0;0;0;170;0;0;0;6;af23a48c3c850a27cf060e9d2878b3b662e280ae8dacbd5789bc534215aabd51;1.5125e-05;2.9084e-05;5.917e-06;0.0027686660000000004;2.8459e-05;0.0009072899999999998;0.0008304599999999999;0;0;0;6.0584e-05;0.00010045799999999999;9.376e-06;8.562399999999999e-05;5.458e-06;6.566699999999983e-05
progressive_10s;10.0;10000000;free_order_v1;unordered-final-consolidated;287;0;9;99;10;12;18.469133019829595;12;12;0;0;0;4;7;13;26;7;14;0;19;14;5;6;1;21;14;7;26;3.7142857142857144;6;21;7;3.0;6;1;5;5;5;2;1;52.942630352107784;82.27652939810751;82.27652939810751;82.27652939810751;82.23793714726604;82.23793714726604;3.9666e-05;35.65281528109091;82.23793714726604;82.23793714726604;0;0;True;optimal;True;False;False;False;0.007018958;0.007018958;0.006967083;0.006967083;0.0005849131666666666;1.7142857142857142;0.8352379370271201;2;1;1;0;0;1;0;1;0;97;0;0;0;2;df89630fc442a0916b93eea934edfd33cfe5d5fcf71fe2ff00b181d8a4c048a6;1.3583e-05;2.75e-05;4.791e-06;0.006806376;3.7293e-05;0.000467667;0.0006215409999999999;0.0050887910000000005;0;0;5.8625e-05;6.9751e-05;8.209e-06;5.7084000000000004e-05;4.458e-06;4.499799999999951e-05
progressive_10s;10.0;10000000;free_order_v1;unordered-final-consolidated;288;0;10;103;9;12;21.791061114716957;20;20;0;0;0;3;16;21;71;16;51;0;55;51;4;16;0;71;51;16;71;4.4375;7;55;16;3.4375;6;0;0;;0;2;1;47.79522550585029;105.05990391533668;105.05990391533668;105.05990391533668;96.53536481702228;96.53536481702228;3.925e-05;54.50669215882166;96.53536481663991;96.53536481702228;3.823714678219403e-10;3.960947043052102e-12;True;optimal;True;False;False;False;0.012294875;0.012294875;0.01223775;0.01223775;0.00061474375;1.25;0.0;2;0;2;0;0;0;0;2;0;170;0;0;0;7;35b4ab4e2fbcfba3f1f36efebf1e72aada79bf0e3d0c096d954172f76ab3748a;1.3168e-05;2.7666e-05;8.583e-06;0.012040999;8.250000000000001e-05;0.0013302929999999998;0.0013618329999999998;0.008474417;0;0;0;0.000124583;8.416e-06;0.00010812500000000001;8.042e-06;8.86260000000002e-05
progressive_10s;10.0;10000000;free_order_v1;unordered-final-consolidated;289;0;10;111;9;15;21.791061114716957;17;17;0;0;0;1;11;18;42;14;25;0;28;25;3;11;0;42;25;11;42;3.8181818181818183;6;31;11;2.8181818181818183;5;0;0;;0;3;2;49.29938975610336;92.0438503610939;92.0438503610939;92.0438503610939;89.49175690856366;88.43597025433907;3.7958e-05;46.4392356874482;88.43597025433904;88.43597025433907;2.842170943040401e-14;3.213817788018163e-16;True;optimal;True;False;False;False;0.012135708;0.012135708;0.012081459;0.012081459;0.0007138651764705883;1.5454545454545454;0.0;2;1;1;1;0;0;0;0;1;109;0;0;0;5;ecc0adff335fb6a794bcbedc798ed9e3a924a7b2a56dd9d673cfecaa2495b965;1.3958e-05;2.55e-05;7.292e-06;0.011934498;4.1169e-05;0.000726376;0.0006947100000000001;0.009706708;0;0;0;9.024899999999998e-05;7.750999999999999e-06;7.570599999999998e-05;6.792e-06;7.125499999999929e-05
progressive_10s;10.0;10000000;free_order_v1;unordered-final-consolidated;290;0;10;103;9;14;21.791061114716957;18;18;0;0;0;0;10;19;47;15;29;0;32;29;3;10;0;47;29;10;47;4.7;8;37;10;3.7;7;0;0;;0;4;3;51.64194871058171;113.03383327365862;113.03383327365862;113.03383327365862;109.64911661071444;109.25659672846814;4.15e-05;54.312839603028536;109.25659672846814;109.25659672846814;0;0;True;optimal;True;False;False;False;0.006657041;0.006657041;0.0066;0.0066;0.0003698356111111111;1.8;0.0;1;0;1;0;0;0;0;1;0;173;0;0;0;9;ad98bc6658fd07bef789d152e15c1d8984220bf21305f3ee96e6f8b79a9f6560;1.4000000000000001e-05;2.9209e-05;6.291e-06;0.00641804;7.8708e-05;0.001532458;0.001222627;0.002549417;0;0;0;0.00013067000000000002;1.0376e-05;0.000114585;5.709e-06;6.73750000000001e-05
progressive_10s;10.0;10000000;free_order_v1;unordered-final-consolidated;291;0;10;107;7;14;21.791061114716957;27;27;0;0;0;0;13;28;66;22;39;0;44;39;5;12;1;62;39;13;66;5.076923076923077;8;58;13;4.461538461538462;8;1;4;4;4;6;5;57.12093727408417;112.78509525084249;112.78509525084249;112.78509525084249;107.95851069642026;101.53286913457089;4.3959e-05;49.35417916078101;101.53286913457089;101.53286913457089;0;0;True;optimal;True;False;False;False;0.009505708;0.009505708;0.009443375;0.009443375;0.00035206325925925925;2.076923076923077;0.7473614800707112;0;0;0;0;0;0;0;0;0;288;0;0;0;13;7cc32caaa6a4b43fdaa5bb8cc55117c916ebfc339e82c83d913b0f147868ad9b;1.6208e-05;2.9417e-05;7.584e-06;0.009128791;4.2582e-05;0.00408496;0.0029624589999999998;0;0;0;7.1042e-05;0.00016891700000000004;9.376e-06;0.00015233200000000003;7.209e-06;9.120999999999966e-05
progressive_10s;10.0;10000000;free_order_v1;unordered-final-consolidated;292;0;10;106;8;14;21.791061114716957;14;14;0;0;0;2;6;15;21;11;7;0;10;7;3;6;0;21;7;6;21;3.5;6;15;6;2.5;5;0;0;;0;2;1;51.32388420183716;100.4559237027541;100.4559237027541;100.4559237027541;89.00907648569033;89.00907648569033;4.3042e-05;48.90905154214409;89.00907648569033;89.00907648569033;0;0;True;optimal;True;False;False;False;0.002212834;0.002212834;0.002152417;0.002152417;0.00015805957142857142;2.3333333333333335;0.0;0;0;0;0;0;0;0;0;0;108;0;0;0;7;5c81540f20b836521e7d259233432d23308cc58ac4847bce51dc55e696f39f0c;1.4750000000000001e-05;3.0041e-05;7.625e-06;0.0020478320000000003;1.8168e-05;0.000765791;0.000672957;0;0;0;0;7.9419e-05;9.209000000000001e-06;6.3502e-05;6.708e-06;4.1082999999999485e-05
progressive_10s;10.0;10000000;free_order_v1;unordered-final-consolidated;293;0;10;105;9;12;21.791061114716957;10;10;0;0;0;1;8;11;28;8;18;0;20;18;2;8;0;28;18;8;28;3.5;6;20;8;2.5;5;0;0;;0;2;1;55.494785490611804;114.14061993667512;114.14061993667512;114.14061993667512;110.59177846964167;110.59177846964167;4.3458e-05;51.380336359308245;110.59177846964165;110.59177846964167;1.4210854715202004e-14;1.2849829265656486e-16;True;optimal;True;False;False;False;0.001044167;0.001044167;0.000989667;0.000989667;0.00010441669999999999;1.25;0.0;0;0;0;0;0;0;0;0;0;74;0;0;0;3;669ddeeffc0cca1b8148c9a74201b020dc5d087bb69a393d2a57585f0a925f1a;1.5916e-05;2.8833e-05;4.333e-06;0.000912791;1.171e-05;0.000258458;0.000296499;0;0;0;0;5.079399999999999e-05;8.75e-06;3.821099999999999e-05;3.833e-06;3.866500000000004e-05
progressive_10s;10.0;10000000;free_order_v1;unordered-final-consolidated;294;0;10;103;8;12;21.791061114716957;7;7;0;0;0;0;6;8;21;6;14;0;15;14;1;6;0;21;14;6;21;3.5;6;15;6;2.5;5;0;0;;0;2;1;46.638609718202105;78.47563225129761;78.47563225129761;78.47563225129761;77.71822268276222;77.71822268276222;4.1542e-05;40.56931001351579;77.71822268276222;77.71822268276222;0;0;True;optimal;True;False;False;False;0.000687084;0.000687084;0.000629333;0.000629333;9.815485714285715e-05;1.1666666666666667;0.0;0;0;0;0;0;0;0;0;0;48;0;0;0;2;45c973176d6911b1e7d4d96f266e080d74ec65733665f1b48c2d1a3bc8b48427;1.575e-05;2.775e-05;6.958e-06;0.000556209;6.164999999999999e-06;0.00011808100000000001;0.000195752;0;0;0;0;6.025000000000001e-05;8.876e-06;4.4874000000000004e-05;6.5e-06;2.8250000000000036e-05
progressive_10s;10.0;10000000;free_order_v1;unordered-final-consolidated;295;0;10;110;10;12;21.791061114716957;26;26;0;0;0;3;14;27;65;20;39;0;45;39;6;13;1;61;39;14;65;4.642857142857143;8;55;14;3.9285714285714284;7;1;4;4;4;4;3;60.368846721601344;131.6654911254454;131.6654911254454;131.6654911254454;131.25723636549674;123.8607128296028;5.6375e-05;54.149833638577014;123.8607128296028;123.8607128296028;0;0;True;optimal;True;False;False;False;0.0069925;0.0069925;0.0069175;0.0069175;0.00026894230769230766;1.8571428571428572;0.9063282087951376;1;1;0;1;0;0;0;0;0;240;0;0;0;8;428c8099494fdcacfa9e5015ca2351985f4f569fb6d12fa751154b809af592d5;2.6209e-05;3.3916e-05;6.459e-06;0.006646119999999999;4.816600000000001e-05;0.0014770459999999999;0.0012778309999999999;0.002570541;0;0;6.3375e-05;0.000133421;9.708000000000001e-06;0.00011775400000000001;5.959e-06;9.025100000000073e-05
progressive_10s;10.0;10000000;free_order_v1;unordered-final-consolidated;296;0;10;112;8;13;21.791061114716957;23;23;0;0;0;1;18;24;94;19;71;0;75;71;4;18;0;94;71;18;94;5.222222222222222;9;76;18;4.222222222222222;8;0;0;;0;4;3;53.58903861511962;94.69923777862017;94.69923777862017;94.69923777862017;93.48273901111244;92.68736448453754;8.8e-05;43.411330574385914;92.68736448453753;92.68736448453754;1.4210854715202004e-14;1.5332030200915587e-16;True;optimal;True;False;False;False;0.013735;0.013735;0.013624208;0.013624208;0.0005971739130434783;1.2777777777777777;0.0;2;2;0;0;0;2;0;0;0;202;0;0;0;4;8ec51845236ebc4b96c5836c6305216035504227ab12fc6e5d1f81bf5c2dedcd;2.9166e-05;6.2333e-05;9.875e-06;0.013310499;9.7167e-05;0.001116919;0.0016154569999999998;0.008422666;0;0;0;0.00020724999999999997;2.0626000000000002e-05;0.00017724899999999996;9.375e-06;0.0001364600000000006
progressive_10s;10.0;10000000;free_order_v1;unordered-final-consolidated;297;0;10;108;8;13;21.791061114716957;14;14;0;0;0;0;11;15;42;13;28;1;30;29;1;10;0;42;28;10;42;4.2;7;38;11;3.4545454545454546;6;0;0;;0;2;1;52.22208679103467;125.7800292742508;125.7800292742508;125.7800292742508;118.99801233766908;118.99801233766908;4.15e-05;58.481416253156034;118.99801233766907;118.99801233766908;1.4210854715202004e-14;1.1942094187991345e-16;True;optimal;True;False;False;False;0.00208875;0.00208875;0.002033167;0.002033167;0.00014919642857142858;1.2727272727272727;0.0;0;0;0;0;0;0;0;0;0;112;0;0;0;7;47027173d963d0d2bc5abaf391ebde409d32acf66285586e82c6ed9370f9ca5e;1.625e-05;2.6875e-05;5.834e-06;0.0018882909999999998;2.0416000000000002e-05;0.00046149799999999996;0.000619709;0;0;0;0;9.137300000000001e-05;8.667e-06;7.733100000000001e-05;5.375e-06;6.754499999999994e-05
progressive_10s;10.0;10000000;free_order_v1;unordered-final-consolidated;298;0;10;104;9;13;21.791061114716957;30;30;0;0;0;11;15;31;71;16;41;0;55;41;14;12;3;58;41;15;71;4.733333333333333;8;67;15;4.466666666666667;8;2;8;3;5;4;3;48.10262953302808;90.55218508872011;90.55218508872011;90.55218508872011;85.25374819118386;85.07537511547042;4.3375e-05;46.87855463024037;85.07537511547042;85.07537511547042;0;0;True;optimal;True;False;False;False;0.027445833;0.027445833;0.027383584;0.027383584;0.0009148611;2.0;0.4952190738754404;4;1;3;1;0;0;0;3;0;316;0;0;0;5;272efa1f025f9898c9b1f750a0b5613202495e06c5fbf08c4a81a037f096f361;1.5958e-05;2.925e-05;8.459e-06;0.027004337000000003;0.00016103799999999999;0.002501002;0.00300038;0.019516751;0;0;0.000135917;0.000154247;1.0041000000000001e-05;0.000136372;7.834e-06;0.00010695799999999576
progressive_10s;10.0;10000000;free_order_v1;unordered-final-consolidated;299;0;10;108;10;13;21.791061114716957;25;25;0;0;0;4;16;26;70;20;45;0;50;45;5;15;1;67;45;16;70;4.375;8;60;16;3.75;8;1;3;3;3;2;1;50.36356008327691;86.01351645063248;86.01351645063248;86.01351645063248;83.33141946366449;83.33141946366449;4.2208e-05;41.44692350511782;83.33141946366449;83.33141946366449;0;0;True;optimal;True;False;False;False;0.006772917;0.006772917;0.006718542;0.006718542;0.00027091668;1.5625;0.9627757139206047;1;1;0;1;0;0;0;0;0;244;0;0;0;7;1ae5242235b5bfc327e9b0f8f41d4811938433e810796baa50194901a2c38cfa;1.6875e-05;2.6875e-05;4.666e-06;0.006454915;0.000118336;0.0017506250000000004;0.0015405389999999996;0.001542584;0;0;6.5208e-05;0.00012720600000000002;8.792e-06;0.00011416400000000001;4.25e-06;8.425499999999977e-05
progressive_10s;10.0;10000000;free_order_v1;unordered-final-consolidated;300;0;10;110;9;14;21.791061114716957;12;12;0;0;0;1;8;13;31;10;19;0;21;19;2;8;0;31;19;8;31;3.875;7;23;8;2.875;6;0;0;;0;2;1;54.785796274775066;112.63301264591696;112.63301264591696;112.63301264591696;106.30106536711915;106.30106536711915;4.1292e-05;51.359024332409085;106.30106536711912;106.30106536711915;2.842170943040401e-14;2.6736993963557545e-16;True;optimal;True;False;False;False;0.001931875;0.001931875;0.001876708;0.001876708;0.00016098958333333332;1.5;0.0;0;0;0;0;0;0;0;0;0;94;0;0;0;5;85656b9e2527f1a3289f5d3acabd215fdb399bd817516b483e345eacb13aea6c;1.5083e-05;2.7833e-05;5.834e-06;0.0017707079999999997;1.6376e-05;0.000697375;0.0005547900000000001;0;0;0;0;7.024800000000001e-05;7.5e-06;5.7456e-05;5.292e-06;4.854400000000019e-05
progressive_10s;10.0;10000000;free_order_v1;unordered-final-consolidated;301;0;10;112;9;14;21.791061114716957;9;9;0;0;0;0;9;10;33;8;24;0;25;24;1;9;0;33;24;9;33;3.6666666666666665;6;24;9;2.6666666666666665;5;0;0;;0;2;1;55.17993437225323;104.56622485348078;104.56622485348078;104.56622485348078;102.97086696540525;102.97086696540525;4.4542e-05;47.22967722171102;102.97086696540525;102.97086696540525;0;0;True;optimal;True;False;False;False;0.000898125;0.000898125;0.0007955;0.0007955;9.979166666666668e-05;1.0;0.0;0;0;0;0;0;0;0;0;0;60;0;0;0;3;38e8866bfd719fc23dda1789e4237ce56d2b589ebd0a3a8791f375260f7e5d9d;1.5375e-05;7.4416e-05;6.416e-06;0.000682042;1.0916e-05;0.000141206;0.000239;0;0;0;0;9.037399999999999e-05;1.0666e-05;7.374999999999999e-05;5.958e-06;3.970799999999999e-05
progressive_10s;10.0;10000000;free_order_v1;unordered-final-consolidated;302;0;10;100;7;12;21.791061114716957;14;14;0;0;0;1;8;15;31;12;17;0;19;17;2;8;0;31;17;8;31;3.875;7;23;8;2.875;6;0;0;;0;2;1;50.29655147367771;85.37909209043028;85.37909209043028;85.37909209043028;81.96879430825777;81.96879430825777;3.925e-05;41.090318200613424;81.96879430825776;81.96879430825777;1.4210854715202004e-14;1.7336908313863488e-16;True;optimal;True;False;False;False;0.002419;0.002419;0.002363791;0.002363791;0.0001727857142857143;1.75;0.0;0;0;0;0;0;0;0;0;0;120;0;0;0;7;ccbc97e906b7a6e9cd6e5ddd346cc6fadf835f3f7c2da0ca67d532b4c72bedc6;1.4917e-05;2.6e-05;6.458e-06;0.00226471;1.7539e-05;0.000911335;0.000723376;0;0;0;0;6.495799999999998e-05;7.917e-06;5.099899999999999e-05;6.042e-06;4.8082000000000005e-05
progressive_10s;10.0;10000000;free_order_v1;unordered-final-consolidated;303;0;10;110;9;14;21.791061114716957;12;12;0;0;0;0;11;13;46;11;34;0;35;34;1;11;0;46;34;11;46;4.181818181818182;7;35;11;3.1818181818181817;6;0;0;;0;2;1;57.96942392293768;116.34690613339565;116.34690613339565;116.34690613339565;113.86651085319703;113.86651085319703;4.0708e-05;50.17536275827243;113.866510853197;113.86651085319703;2.842170943040401e-14;2.4960551805303705e-16;True;optimal;True;False;False;False;0.002085709;0.002085709;0.002029166;0.002029166;0.00017380908333333332;1.0909090909090908;0.0;0;0;0;0;0;0;0;0;0;90;0;0;0;4;08de88c95f41b5528141682ddcf9e1c225aa09e16dfa3cf1fb32a7b103588b39;1.4418e-05;2.7792e-05;6.917e-06;0.001900293;1.4749e-05;0.000772835;0.0006114159999999999;0;0;0;0;8.883199999999998e-05;9.458999999999999e-06;7.283099999999998e-05;6.542e-06;5.604200000000029e-05
progressive_10s;10.0;10000000;free_order_v1;unordered-final-consolidated;304;0;15;162;9;13;40.25014046988262;46;46;0;0;0;3;25;47;132;39;86;0;93;86;7;24;1;129;86;25;132;5.28;9;113;25;4.52;8;1;3;3;3;5;4;52.05287881658444;113.38727527048835;113.38727527048835;113.38727527048835;110.75605760692652;104.63764681259332;5.9166e-05;54.092839172287256;104.63764681259332;104.63764681259332;0;0;True;optimal;True;False;False;False;0.042696916;0.042696916;0.042612041;0.042612041;0.0009281938260869566;1.84;0.12012811417105629;7;2;5;1;0;1;0;1;4;468;0;0;0;16;b541dbdca2ad2c392c734600f37a7d36d6b6ad94113823ada7d6f4db3ffacafa;2.0915999999999998e-05;4.0209e-05;1.1125e-05;0.04200741799999999;0.000338876;0.004873246;0.005598789999999999;0.02814175;0;0;5.1291e-05;0.00040791899999999997;1.5708999999999998e-05;0.00038175199999999996;1.0458e-05;0.00017158000000001253
progressive_10s;10.0;10000000;free_order_v1;unordered-final-consolidated;305;0;15;166;9;14;40.25014046988262;13;13;0;0;0;0;11;14;52;12;39;0;40;39;1;11;0;52;39;11;52;4.7272727272727275;9;41;11;3.727272727272727;8;0;0;;0;2;1;65.46553899501872;116.55087644295857;116.55087644295857;116.55087644295857;116.08499699963042;116.08499699963042;6.1917e-05;43.830933757878384;116.08499699963038;116.08499699963042;4.263256414560601e-14;3.6725300639618175e-16;True;optimal;True;False;False;False;0.005929;0.005929;0.005842875;0.005842875;0.0004560769230769231;1.1818181818181819;0.0;1;0;1;0;0;0;0;0;1;119;0;0;0;3;933610a87cc0909f93f3d25e78b05c52700e689a3fa471e2d7b01f87daae3698;1.9625e-05;4.5041e-05;1.0375e-05;0.005614626;6.237300000000001e-05;0.0007943749999999999;0.001004083;0.00294525;0;0;0;0.00018270500000000002;1.5999e-05;0.00015695600000000003;9.75e-06;7.129299999999978e-05
progressive_10s;10.0;10000000;free_order_v1;unordered-final-consolidated;306;0;15;162;8;13;40.25014046988262;22;22;0;0;0;4;14;23;80;17;58;0;63;58;5;13;1;75;58;14;80;5.714285714285714;11;73;14;5.214285714285714;11;1;5;5;5;2;1;50.473035783093565;91.91772623578942;91.91772623578942;91.91772623578942;89.88747977019891;89.88747977019891;7.35e-05;45.08889868139362;89.88747977019891;89.88747977019891;0;0;True;optimal;True;False;False;False;0.013389458;0.013389458;0.013288584;0.013288584;0.0006086117272727273;1.5714285714285714;0.42788886600189496;2;1;1;1;0;0;0;0;1;287;0;0;0;7;9006a5620e78aaf9cb50afba909cfe4c58bb83cfeacb2f94cce2109f621d8119;1.8874999999999998e-05;5.6416e-05;1.2458e-05;0.012896582000000002;0.000104333;0.0013234160000000002;0.001386501;0.008455416;0;0;5.7292e-05;0.000232796;1.6959e-05;0.000203878;1.1959e-05;0.0001308319999999989
progressive_10s;10.0;10000000;free_order_v1;unordered-final-consolidated;307;0;15;159;8;14;40.25014046988262;32;32;0;0;0;3;15;33;72;27;40;0;45;40;5;14;1;69;40;15;72;4.8;9;64;15;4.266666666666667;9;1;3;3;3;3;2;56.75553522307486;146.28760472839417;146.28760472839417;146.28760472839417;142.7886188118944;124.80470192436626;6.7917e-05;61.202772218158614;124.80470192436624;124.80470192436626;1.4210854715202004e-14;1.138647382356958e-16;True;optimal;True;False;False;False;0.006578708;0.006578708;0.006482458;0.006482458;0.000205584625;2.1333333333333333;0.4458778228187054;0;0;0;0;0;0;0;0;0;378;0;0;0;17;926cc3350d9e6cfa2863be8a0584b575cd0cba1f874132a6d3a74a71247f96b5;1.9791e-05;5.0125e-05;1.2208e-05;0.006138088;5.891399999999999e-05;0.0019220030000000003;0.001990331;0;0;0;2.9333e-05;0.00020641600000000004;1.4541e-05;0.00018016700000000004;1.1708e-05;0.00013487000000000007
progressive_10s;10.0;10000000;free_order_v1;unordered-final-consolidated;308;0;14;163;9;15;36.3432498742741;39;39;0;0;0;4;28;40;169;33;130;0;136;130;6;28;0;169;130;28;169;6.035714285714286;11;141;28;5.035714285714286;10;0;0;;0;3;2;58.35955573178705;114.9252157485051;114.9252157485051;114.9252157485051;110.6306030850975;109.65592256495668;6.6208e-05;49.21953780839766;109.65592256495667;109.65592256495668;1.4210854715202004e-14;1.2959495832779982e-16;True;optimal;True;False;False;False;0.013583625;0.013583625;0.013487917;0.013487917;0.00034829807692307694;1.3928571428571428;0.0;1;1;0;1;0;0;0;0;0;456;0;0;0;16;ab98c862d59b063b32dcc5ce1551fd3352bd4d4b6badde9ab3a464330d0a8033;2.3083000000000002e-05;4.5166e-05;1.3417e-05;0.012708624000000002;0.000124671;0.002812540999999999;0.0027355829999999998;0.004295208;0;0;0;0.0005335489999999998;1.7501e-05;0.0005031729999999999;1.2875e-05;0.00027611999999999873
progressive_10s;10.0;10000000;free_order_v1;unordered-final-consolidated;309;0;15;167;8;14;40.25014046988262;72;72;0;0;0;5;36;73;213;65;141;0;148;141;7;33;3;203;141;36;213;5.916666666666667;11;201;36;5.583333333333333;11;3;10;2;4;3;2;55.661343995863795;91.98746599884487;91.98746599884487;91.98746599884487;89.90758902616045;89.19291738129624;6.2209e-05;39.49029534462579;89.19291738129623;89.19291738129624;1.4210854715202004e-14;1.59327165569113e-16;True;optimal;True;False;False;False;0.037153625;0.037153625;0.037064708;0.037064708;0.0005160225694444445;2.0;0.496586806805527;5;5;0;5;0;0;0;0;0;894;0;0;0;30;9b5edda68677abcc63efaadb6bc9d1f847496c9735e35664e85de9e03a83382d;1.9041999999999998e-05;4.4917e-05;1.1208e-05;0.03615313100000001;0.0003150020000000001;0.006862794000000002;0.006018039000000001;0.017620791;0;0;0.0001845;0.0004754959999999999;1.6666e-05;0.0004482049999999999;1.0625e-05;0.0002788719999999899
progressive_10s;10.0;10000000;free_order_v1;unordered-final-consolidated;310;0;15;156;9;15;40.25014046988262;128;128;0;0;0;11;49;129;286;114;158;0;172;158;14;47;2;278;158;49;286;5.836734693877551;11;249;49;5.081632653061225;10;1;4;4;4;4;3;49.08856732708012;119.97931825360803;119.97931825360803;119.97931825360803;116.98282509228765;111.42917477224344;6.1167e-05;59.085809086430686;111.42917477224343;111.42917477224344;1.4210854715202004e-14;1.2753262100566026e-16;True;optimal;True;False;False;False;0.050305625;0.050305625;0.050216541;0.050216541;0.0003930126953125;2.6122448979591835;0.21087701425039446;4;2;2;0;0;2;0;2;0;1484;0;0;0;68;c37211ed3e9cd6571295d22d7657978409c62c511234bb5475937552b7848ccf;1.8500000000000002e-05;4.5167e-05;1.0625e-05;0.04905838;0.00037616799999999997;0.012293625999999998;0.015387210000000004;0.013087584;0;0;0.000106083;0.0007408320000000003;1.5667e-05;0.0007149980000000003;1.0167e-05;0.00033708000000000436
progressive_10s;10.0;10000000;free_order_v1;unordered-final-consolidated;311;0;15;156;8;14;40.25014046988262;22;22;0;0;0;1;18;23;87;20;65;0;67;65;2;18;0;87;65;18;87;4.833333333333333;9;69;18;3.8333333333333335;8;0;0;;0;2;1;53.46847740811406;112.56876096877927;112.56876096877927;112.56876096877927;111.23877905007895;111.23877905007895;5.9125e-05;52.50149602078018;111.23877905007895;111.23877905007895;0;0;True;optimal;True;False;False;False;0.003502209;0.003502209;0.00342275;0.00342275;0.00015919131818181817;1.2222222222222223;0.0;0;0;0;0;0;0;0;0;0;200;0;0;0;5;a724f78d70f7390188456652c31abc90a3b24e3579f62d4aee4661469835e751;1.9709e-05;4.1208e-05;8.542e-06;0.0031579159999999998;3.25e-05;0.0009025409999999999;0.001155833;0;0;0;0;0.000186252;1.5209e-05;0.00016296;8.083e-06;0.00010187400000000025
progressive_10s;10.0;10000000;free_order_v1;unordered-final-consolidated;312;0;15;158;8;13;40.25014046988262;59;59;0;0;0;19;23;60;119;38;60;0;81;60;21;17;6;92;60;23;119;5.173913043478261;9;125;23;5.434782608695652;9;2;9;4;5;3;2;56.05561546236985;114.57949076230518;114.57949076230518;114.57949076230518;109.43769449529974;108.28020479321896;5.8708e-05;51.077094958767916;108.28020479321896;108.28020479321896;0;0;True;optimal;True;False;False;False;0.128196542;0.128196542;0.128108292;0.128108292;0.0021728227457627116;2.5652173913043477;0.10660739975341925;26;16;10;2;0;14;0;7;3;458;0;0;0;18;f1b281aaacdcf5ff3e68606272f45323e316f7afbe4a58b36eccbf9ec2963955;1.9541e-05;4.1125e-05;1.4125e-05;0.12737754499999998;0.000454419;0.004201038;0.009042831000000001;0.10931054299999998;0;0;0.000136667;0.0003998769999999999;1.5833000000000002e-05;0.00037050299999999995;1.3541e-05;0.00022357700000003158
progressive_10s;10.0;10000000;free_order_v1;unordered-final-consolidated;313;0;15;171;8;15;40.25014046988262;13;13;0;0;0;0;11;14;55;12;42;0;43;42;1;11;0;55;42;11;55;5.0;9;44;11;4.0;8;0;0;;0;2;1;60.951155619226235;118.39530909575576;118.39530909575576;118.39530909575576;116.52134922192637;116.52134922192637;6.3583e-05;48.518943795374405;116.52134922192637;116.52134922192637;0;0;True;optimal;True;False;False;False;0.002274916;0.002274916;0.002184792;0.002184792;0.00017499353846153846;1.1818181818181819;0.0;0;0;0;0;0;0;0;0;0;124;0;0;0;5;69f37d1a96e0cad668c5553a6396dcc0f244ca3d7f40ab3c43dd76320056dd9f;2.0125e-05;4.5417e-05;1.1708e-05;0.001991165;1.6542000000000002e-05;0.0006859170000000001;0.000665919;0;0;0;0;0.00014754000000000001;1.8208e-05;0.000118166;1.1166e-05;7.546100000000003e-05
progressive_10s;10.0;10000000;free_order_v1;unordered-final-consolidated;314;0;15;162;8;13;40.25014046988262;24;24;0;0;0;0;18;25;95;23;71;0;72;71;1;18;0;95;71;18;95;5.277777777777778;10;77;18;4.277777777777778;9;0;0;;0;2;1;52.505183721496955;103.03530219567187;103.03530219567187;103.03530219567187;97.74491799094439;97.74491799094439;6.0292e-05;49.041558958321275;97.74491799094437;97.74491799094439;1.4210854715202004e-14;1.4538714653705653e-16;True;optimal;True;False;False;False;0.004886625;0.004886625;0.004803208;0.004803208;0.00020360937500000001;1.3333333333333333;0.0;0;0;0;0;0;0;0;0;0;240;0;0;0;10;7cc210ca7418a37cd6f44acdad886d331e985df9f2e381b4b7bc5fee80f8635f;2.2e-05;4.0208e-05;9.833e-06;0.004523874;2.8461e-05;0.001503002;0.0014923760000000001;0;0;0;0;0.00019954099999999997;1.7125e-05;0.00017320799999999997;9.208e-06;0.00010612600000000003
progressive_10s;10.0;10000000;free_order_v1;unordered-final-consolidated;315;0;15;175;8;15;40.25014046988262;24;24;0;0;0;3;20;25;110;20;86;0;90;86;4;20;0;110;86;20;110;5.5;10;90;20;4.5;9;0;0;;0;2;1;49.90606118091049;97.25700767532771;97.25700767532771;97.25700767532771;94.94895401905205;94.94895401905205;6.6166e-05;48.686411011624486;94.94895401905204;94.94895401905205;1.4210854715202004e-14;1.496683650917367e-16;True;optimal;True;False;False;False;0.004732084;0.004732084;0.00463425;0.00463425;0.00019717016666666667;1.2;0.0;0;0;0;0;0;0;0;0;0;242;0;0;0;7;5cd041eae27102755bbe4af11382fc1c5f5b2551e5581f826bcfb1d7721baa92;1.9832999999999998e-05;4.8375e-05;1.4625e-05;0.004266750999999999;3.725e-05;0.001377168;0.001623834;0;0;0;0;0.00027971;1.9583000000000002e-05;0.00024600200000000005;1.4125e-05;0.00012149700000000112
progressive_10s;10.0;10000000;free_order_v1;unordered-final-consolidated;316;0;15;168;9;14;40.25014046988262;82;82;0;0;0;7;37;83;224;73;142;0;151;142;9;35;2;215;142;37;224;6.054054054054054;11;200;37;5.405405405405405;11;2;9;3;6;3;2;57.824969610764875;129.09372308880347;129.09372308880347;129.09372308880347;121.98883554496736;121.95795387744954;6.3625e-05;55.20698588033817;121.95795387744954;121.95795387744954;0;0;True;optimal;True;False;False;False;0.045098417;0.045098417;0.045008417;0.045008417;0.0005499806951219513;2.2162162162162162;0.2528736208191077;5;2;3;2;0;0;0;1;2;1003;0;0;0;38;6982c85421d691ba6f7b13d23d06de1c729c3acdcac1681584fa0efa10afa57a;2.0666e-05;4.4792e-05;1.0209e-05;0.043939412;0.00034274699999999996;0.0046140009999999995;0.005269833;0.028360249999999997;0;0;0.00011404199999999999;0.0006941299999999999;1.6583e-05;0.0006677549999999999;9.792e-06;0.00028720800000000494
progressive_10s;10.0;10000000;free_order_v1;unordered-final-consolidated;317;0;15;172;9;14;40.25014046988262;59;59;0;0;0;20;32;60;196;37;137;0;159;137;22;27;5;175;137;32;196;6.125;11;201;32;6.28125;11;2;9;4;5;3;2;59.904965559389616;119.71728945218577;119.71728945218577;119.71728945218577;118.65613574602952;118.63215568447117;6.6e-05;49.96130815063664;118.63215568447116;118.63215568447117;1.4210854715202004e-14;1.1978923111705868e-16;True;optimal;True;False;False;False;0.142217542;0.142217542;0.142116167;0.142116167;0.002410466813559322;1.84375;0.1289109609277314;20;3;17;3;0;0;0;17;0;658;0;0;0;15;91a820b34f08164407542a054f203e975c218970da5db43766ab6c1be444fbfb;2.3167e-05;4.4916e-05;1.7083e-05;0.14109762299999998;0.0006432929999999999;0.005571666000000001;0.009551459999999998;0.116951878;0;0;0.000183334;0.0005661199999999997;1.8749e-05;0.0005309959999999997;1.6375e-05;0.0003042140000000103
progressive_10s;10.0;10000000;free_order_v1;unordered-final-consolidated;318;0;15;163;8;15;40.25014046988262;79;79;0;0;0;15;34;80;177;60;98;0;117;98;19;28;6;154;98;34;177;5.205882352941177;9;178;34;5.235294117647059;9;4;16;3;5;5;4;57.4549904375423;115.06848909001435;115.06848909001435;115.06848909001435;114.6502894757843;108.68857294282115;6.8334e-05;50.068875595822654;108.68857294282112;108.68857294282115;2.842170943040401e-14;2.614967577627143e-16;True;optimal;True;False;False;False;0.029193292;0.029193292;0.029097459;0.029097459;0.0003695353417721519;2.323529411764706;0.7751506750249337;2;0;2;0;0;0;0;1;1;1013;0;0;0;29;ef1139c5324fd78323335ff1c1f1b2aa592ac468064dbb407c3d86682cfbb978;2.0833999999999997e-05;4.9792e-05;1.1291e-05;0.02801183399999999;0.000494835;0.009261952;0.00832437;0.004721541;0;0;0.00022629199999999998;0.0006467859999999998;1.7959e-05;0.0006180769999999998;1.075e-05;0.00024125600000001043
progressive_10s;10.0;10000000;free_order_v1;unordered-final-consolidated;319;0;15;164;8;14;40.25014046988262;32;32;0;0;0;6;19;33;137;25;105;0;112;105;7;19;0;137;105;19;137;7.2105263157894735;11;118;19;6.2105263157894735;10;0;0;;0;2;1;51.123127001054044;104.31927020251594;104.31927020251594;104.31927020251594;100.61581200442666;100.61581200442666;6.55e-05;50.99359216968422;100.61581200442666;100.61581200442666;0;0;True;optimal;True;False;False;False;0.022075042;0.022075042;0.0219755;0.0219755;0.0006898450625;1.6842105263157894;0.0;3;0;3;0;0;0;0;3;0;411;0;0;0;12;141f106d9fff530b9d41b7990c447f128a90d8451a992656e905b2fa05c47ca0;2.1958999999999998e-05;4.5666e-05;1.6041e-05;0.021540751999999996;0.00016116999999999998;0.002984084;0.003000418;0.012721333;0;0;0;0.00028766500000000005;1.8582999999999998e-05;0.00025362400000000004;1.5458e-05;0.00018112400000000212
progressive_10s;10.0;10000000;free_order_v1;unordered-final-consolidated;320;0;15;153;7;14;40.25014046988262;40;40;0;0;0;7;23;41;118;30;78;0;88;78;10;21;2;112;78;23;118;5.130434782608695;10;107;23;4.6521739130434785;9;1;3;3;3;4;3;58.36069572736823;116.91957875280666;116.91957875280666;116.91957875280666;116.13437245849896;113.67862970676556;6.4625e-05;50.084753682909344;113.67862970676553;113.67862970676556;2.842170943040401e-14;2.5001805091878667e-16;True;optimal;True;False;False;False;0.0222105;0.0222105;0.022120917;0.022120917;0.0005552625;1.7391304347826086;0.3087863848179915;3;3;0;2;0;1;0;0;0;426;0;0;0;13;3f041c8f2c82314c3116187e7536fc16d4dbe0bc4a28291f9fee328fe7003358;2.1417000000000002e-05;4.5667e-05;9.958e-06;0.021461537000000003;0.00020020999999999996;0.0018323739999999997;0.002273209;0.014262374000000001;0;0;6.8583e-05;0.0004315850000000001;1.8251e-05;0.0004039590000000001;9.375e-06;0.0001868379999999975
progressive_10s;10.0;10000000;free_order_v1;unordered-final-consolidated;321;0;15;171;7;14;40.25014046988262;39;39;0;0;0;8;30;40;171;30;132;0;141;132;9;28;2;162;132;30;171;5.7;12;158;30;5.266666666666667;12;2;9;4;5;2;1;62.42724081977007;128.82338376841656;128.82338376841656;128.82338376841656;128.6900747904064;128.6900747904064;7.2417e-05;51.54044320711652;128.6900747904064;128.6900747904064;0;0;True;optimal;True;False;False;False;0.028287209;0.028287209;0.028180875;0.028180875;0.0007253130512820513;1.3;0.7313376162349561;2;0;2;0;0;0;0;1;1;514;0;0;0;6;f7f1d3167362a33ced91a572a3cb2ac3d8aefa391e38644b7462e4f49a6554e1;2.0291999999999998e-05;5.4042e-05;1.5417e-05;0.027424252;0.00012524900000000005;0.005473748999999998;0.004095746999999999;0.014189417;0;0;0.00020687499999999997;0.00039291199999999993;1.8583e-05;0.0003596619999999999;1.4667e-05;0.00019008600000000147
progressive_10s;10.0;10000000;free_order_v1;unordered-final-consolidated;322;0;15;169;8;14;40.25014046988262;66;66;0;0;0;5;29;67;192;59;126;0;133;126;7;27;2;184;126;29;192;6.620689655172414;13;183;29;6.310344827586207;13;2;8;4;4;3;2;51.97948649549152;133.74551790648073;133.74551790648073;133.74551790648073;126.60905038460344;122.7056118913756;6.3541e-05;61.13553014027931;122.70561189137555;122.7056118913756;4.263256414560601e-14;3.4743776986619187e-16;True;optimal;True;False;False;False;0.0241235;0.0241235;0.0240295;0.0240295;0.0003655075757575757;2.2758620689655173;0.4834497481708708;0;0;0;0;0;0;0;0;0;1012;0;0;0;32;5b73c3c34843d1d7e65801391bf0d05ef2fb0d8f2baa6dbde583efdd538ab78e;1.9834e-05;4.5834e-05;1.225e-05;0.023197372999999997;0.0003974590000000001;0.009888043000000003;0.007225329000000001;0;0;0;0.000116625;0.0005015839999999999;1.7292e-05;0.00047254199999999984;1.175e-05;0.00024296000000000213
progressive_10s;10.0;10000000;free_order_v1;unordered-final-consolidated;323;0;15;175;8;15;40.25014046988262;11;11;0;0;0;0;10;12;45;10;34;0;35;34;1;10;0;45;34;10;45;4.5;8;35;10;3.5;7;0;0;;0;2;1;58.50408967418315;109.22435668695283;109.22435668695283;109.22435668695283;107.9314916075046;107.9314916075046;6.3291e-05;46.436773400404356;107.9314916075046;107.9314916075046;0;0;True;optimal;True;False;False;False;0.001519625;0.001519625;0.001429292;0.001429292;0.00013814772727272726;1.1;0.0;0;0;0;0;0;0;0;0;0;98;0;0;0;4;bc51f2f3f039cba55a9c17339640c72fe04a33fea6725cb95a42f5cdb0307872;1.9416000000000002e-05;4.5791e-05;1.2083e-05;0.001258207;1.7000000000000003e-05;0.00032437700000000004;0.00043571;0;0;0;0;0.00014412300000000002;1.9126e-05;0.000113705;1.1292e-05;5.738000000000008e-05
progressive_10s;10.0;10000000;free_order_v1;unordered-final-consolidated;324;0;20;235;9;15;61.07738392090622;221;221;0;0;0;23;86;222;671;195;450;0;476;450;26;81;5;642;450;86;671;7.8023255813953485;14;615;86;7.151162790697675;13;2;11;5;6;4;3;61.00535926709841;136.5289748515957;136.5289748515957;136.5289748515957;135.41967546918013;129.08828208556872;8.8083e-05;55.31691398590664;129.0882820855687;129.08828208556872;2.842170943040401e-14;2.2017265216655464e-16;True;optimal;True;False;False;False;0.353337292;0.353337292;0.353187167;0.353187167;0.0015988112760180998;2.5697674418604652;0.04405592150177004;49;5;44;0;0;5;0;19;25;3070;0;0;0;111;b56a65341a55ed2b4c47d4531aa8d021eb7fb7900f4de1510012d79e32dd60b4;2.5166999999999998e-05;6.6209e-05;3.0208e-05;0.35011699799999985;0.002089477999999999;0.019801174;0.024273375999999985;0.2848991640000001;0;0;0.000155666;0.0021370989999999995;2.8334e-05;0.0020793899999999995;2.9375e-05;0.0008351130000001784
progressive_10s;10.0;10000000;free_order_v1;unordered-final-consolidated;325;0;20;216;8;14;61.07738392090622;57;57;0;0;0;5;42;58;257;51;200;0;206;200;6;42;0;257;200;42;257;6.119047619047619;12;215;42;5.119047619047619;11;0;0;;0;2;1;57.56403507339953;146.12486349568044;146.12486349568044;146.12486349568044;144.6871421503775;144.6871421503775;7.4917e-05;60.60626939432442;144.6871421503775;144.6871421503775;0;0;True;optimal;True;False;False;False;0.011220459;0.011220459;0.011112458;0.011112458;0.00019685015789473685;1.3571428571428572;0.0;0;0;0;0;0;0;0;0;0;640;0;0;0;17;8c7acb8eabed8e779878d9fc60c36eda1f5a6f1998f0a65844acee8dea2cca11;2.2542000000000002e-05;5.5e-05;1.4459e-05;0.010269834;0.00024192100000000006;0.0030117529999999994;0.003612333;0;0;0;0;0.0006524589999999999;2.3251e-05;0.0006155409999999999;1.3667e-05;0.0002270830000000002
progressive_10s;10.0;10000000;free_order_v1;unordered-final-consolidated;326;0;20;230;7;15;61.07738392090622;66;66;0;0;0;6;31;67;220;58;154;0;162;154;8;29;2;210;154;31;220;7.096774193548387;12;204;31;6.580645161290323;12;2;10;4;6;3;2;55.77058596465598;153.7904805978173;153.7904805978173;153.7904805978173;136.93743378536604;136.91871672450412;8.7708e-05;63.73599604613791;136.91871672450412;136.91871672450412;0;0;True;optimal;True;False;False;False;0.02342775;0.02342775;0.023299792;0.023299792;0.0003549659090909091;2.129032258064516;0.7729423440151103;2;2;0;2;0;0;0;0;0;986;0;0;0;33;c54104ce8b960056425ffb667aa78f51b91919c4c18008128b4c881f115a9275;2.4458e-05;6.6042e-05;1.6917e-05;0.022064833;0.0001897939999999999;0.0055642930000000005;0.005239372999999999;0.006181333;0;0;0.00018108300000000001;0.0008376689999999998;2.8749999999999997e-05;0.0007927099999999997;1.6209e-05;0.00026116600000000093
progressive_10s;10.0;10000000;free_order_v1;unordered-final-consolidated;327;0;20;215;6;15;61.07738392090622;131;131;0;0;0;1;40;132;292;126;161;0;166;161;5;37;3;285;161;40;292;7.3;14;287;40;7.175;14;2;5;2;3;5;4;59.861089111444706;164.44602601087442;164.44602601087442;164.44602601087442;162.83304831731186;144.1937483883443;8.1125e-05;63.59833644901445;144.19374838834426;144.1937483883443;2.842170943040401e-14;1.9710777858314861e-16;True;optimal;True;False;False;False;0.080018875;0.080018875;0.079891125;0.079891125;0.0006108311068702291;3.275;0.12351210886181542;9;9;0;8;0;1;0;0;0;1896;0;0;0;88;88a4f8ee7d6f2b66be9e91ed26a03e4c78e359ca073f75ece7a4dc31bc80eec2;2.4625e-05;5.9333e-05;1.8292e-05;0.07848733199999995;0.0011157040000000001;0.012429208000000002;0.013919548000000006;0.038576957999999995;0;0;9.883300000000001e-05;0.0009444529999999991;2.5249999999999997e-05;0.0009016189999999991;1.7584e-05;0.0004033410000000429
progressive_10s;10.0;10000000;free_order_v1;unordered-final-consolidated;328;0;20;222;8;14;61.07738392090622;79;79;0;0;0;3;36;80;238;73;159;1;166;160;6;35;0;238;159;35;238;6.8;12;215;36;5.972222222222222;12;0;0;;0;4;3;54.72917012592108;123.31918973576103;123.31918973576103;123.31918973576103;123.20197307846189;107.67297103285551;8.9375e-05;55.61990778305422;107.67297103285549;107.67297103285551;2.842170943040401e-14;2.6396326912657923e-16;True;optimal;True;False;False;False;0.016136791;0.016136791;0.01600525;0.01600525;0.0002042631772151899;2.1944444444444446;0.0;0;0;0;0;0;0;0;0;0;1164;0;0;0;38;6491c57efc54f2f3f02b04d57fe8d8efae1e1cdd6cfb044eaf3021d27cc268f9;2.5458e-05;6.65e-05;1.775e-05;0.015052044999999998;0.00013645699999999998;0.003917507;0.004964045999999999;0;0;0;0;0.0007389569999999999;2.9374e-05;0.000692458;1.7125e-05;0.0002607470000000004
progressive_10s;10.0;10000000;free_order_v1;unordered-final-consolidated;329;0;20;224;9;15;61.07738392090622;69;69;0;0;0;6;40;70;262;62;193;0;200;193;7;36;4;248;193;40;262;6.55;14;268;40;6.7;14;4;14;2;5;2;1;56.97883422243566;136.08903565605627;136.08903565605627;136.08903565605627;126.02022123771422;126.02022123771422;8.7542e-05;58.1312087724387;126.02022123771422;126.02022123771422;0;0;True;optimal;True;False;False;False;0.125067125;0.125067125;0.124930375;0.124930375;0.0018125670289855073;1.725;0.2693217742072507;20;5;15;3;0;2;0;15;0;791;0;0;0;36;ee61f54edd17bfc44cbfb76944ede0e4df0bc4ff2ccdb964f470f420edeac9af;3.2958e-05;5.7584e-05;2.2125e-05;0.12329762399999998;0.0007035429999999999;0.006889791999999999;0.00852388;0.10118016700000002;0;0;0.000336833;0.0010140409999999996;2.4083e-05;0.0009685829999999997;2.1375e-05;0.00032733500000001593
progressive_10s;10.0;10000000;free_order_v1;unordered-final-consolidated;330;0;20;224;7;15;61.07738392090622;77;77;0;0;0;0;29;78;182;74;105;0;108;105;3;28;1;178;105;29;182;6.275862068965517;11;160;29;5.517241379310345;10;1;4;4;4;4;3;59.829607587273;143.39785514478757;143.39785514478757;143.39785514478757;139.09652306853192;132.06776422781124;8.3417e-05;58.277194922571496;132.06776422781124;132.06776422781124;0;0;True;optimal;True;False;False;False;0.052283792;0.052283792;0.052158792;0.052158792;0.0006790102857142857;2.6551724137931036;0.12727079933299404;9;1;8;1;0;0;0;6;2;926;0;0;0;46;84eca59aab824a02376521d86820c52b470a0d9b5febe735c4c62a5c600b27d4;2.6207999999999997e-05;6.0333e-05;1.7333e-05;0.051226539;0.00036512599999999996;0.0047294569999999985;0.005793585;0.035947581000000006;0;0;6.6542e-05;0.00065558;2.2873999999999998e-05;0.0006159140000000001;1.6792e-05;0.00024979700000000093
progressive_10s;10.0;10000000;free_order_v1;unordered-final-consolidated;331;0;19;204;9;13;56.75545582601886;111;111;0;0;0;3;39;112;257;106;146;0;151;146;5;39;0;257;146;39;257;6.589743589743589;13;218;39;5.589743589743589;12;0;0;;0;3;2;60.27720431869536;143.82154729230172;143.82154729230172;143.82154729230172;128.16097600831745;128.10590569986243;8.2375e-05;58.08889178741175;128.10590569986243;128.10590569986243;0;0;True;optimal;True;False;False;False;0.019227542;0.019227542;0.019100334;0.019100334;0.0001732210990990991;2.8461538461538463;0.0;0;0;0;0;0;0;0;0;0;1444;0;0;0;69;0c4d140f29696632dac9ba91541e5110ba2744115c9c6b65996f5884ba495a15;2.3958e-05;6.0708e-05;1.9666e-05;0.018087921;0.00019762599999999987;0.005127374000000001;0.006542715999999999;0;0;0;0;0.000722043;2.4999999999999998e-05;0.0006783340000000001;1.8709e-05;0.00033407900000000015
progressive_10s;10.0;10000000;free_order_v1;unordered-final-consolidated;332;0;19;221;8;14;56.75545582601886;45;45;0;0;0;6;18;46;91;37;46;1;55;47;8;15;2;82;46;17;91;5.352941176470588;11;96;18;5.333333333333333;11;2;9;4;5;3;2;51.10312276964498;126.12218782053134;126.12218782053134;126.12218782053134;119.91578107171856;112.1074365605787;7.7708e-05;59.4812588865304;112.10743656057869;112.1074365605787;1.4210854715202004e-14;1.2676103522822934e-16;True;optimal;True;False;False;False;0.014747;0.014747;0.01463275;0.01463275;0.0003277111111111111;2.5;0.9270224452431003;1;0;1;0;0;0;0;1;0;617;0;0;0;23;2672a4e544ff241cba4cd951cc25b39b0b76bb400bf4f6f6d63e028ef633963c;2.3792e-05;5.6625e-05;1.6334e-05;0.014001540000000005;0.00012608;0.0031780449999999996;0.0034229509999999996;0.004286333;0;0;0.000136708;0.00036675200000000014;2.3542e-05;0.00032758500000000014;1.5625e-05;0.00016691699999999473
progressive_10s;10.0;10000000;free_order_v1;unordered-final-consolidated;333;0;19;208;8;14;56.75545582601886;57;57;0;0;0;7;44;58;269;48;212;0;221;212;9;43;1;265;212;44;269;6.113636363636363;13;235;44;5.340909090909091;13;1;4;4;4;3;2;56.78023203898932;131.39196782661057;131.39196782661057;131.39196782661057;127.00025861423208;126.99692919295815;8.2042e-05;56.78561408417408;126.99692919295815;126.99692919295815;0;0;True;optimal;True;False;False;False;0.013430458;0.013430458;0.013312083;0.013312083;0.0002356220701754386;1.2954545454545454;0.6688751790892017;0;0;0;0;0;0;0;0;0;736;0;0;0;20;611e70e50e841b72f94c8dacde7561b4080a8493f2262e2bc3529014ea6c1c78;2.3625e-05;6.0541e-05;1.6875e-05;0.012258249000000002;9.316699999999997e-05;0.004264579999999999;0.004313830999999999;0;0;0;8.9833e-05;0.0007329169999999999;2.4709e-05;0.0006919579999999999;1.625e-05;0.0002720429999999984
progressive_10s;10.0;10000000;free_order_v1;unordered-final-consolidated;334;0;19;212;8;15;56.75545582601886;93;93;0;0;0;10;74;94;505;82;412;0;423;412;11;73;1;500;412;74;505;6.824324324324325;12;437;74;5.905405405405405;11;1;5;5;5;2;1;60.126143785237346;107.03052262267673;107.03052262267673;107.03052262267673;106.66780715836177;106.66780715836177;8.9959e-05;43.823367099491;106.66780715836175;106.66780715836177;1.4210854715202004e-14;1.3322533849509256e-16;True;optimal;True;False;False;False;0.057183;0.057183;0.057051958;0.057051958;0.0006148709677419354;1.2567567567567568;0.12532745746113358;10;4;6;0;0;4;0;3;3;1088;0;0;0;20;b257fc1c6477d70902c7b4834904f4664215462599fb8d18f3f931b46de37430;2.4458999999999997e-05;6.7708e-05;1.7208e-05;0.05527766500000002;0.000465338;0.006585174000000001;0.006953131000000003;0.035223874;0;0;7.1666e-05;0.0012572940000000006;2.6207e-05;0.0012145040000000006;1.6583e-05;0.0004881229999999818
progressive_10s;10.0;10000000;free_order_v1;unordered-final-consolidated;335;0;20;227;9;15;61.07738392090622;40;40;0;0;0;5;27;41;173;34;133;0;139;133;6;25;2;165;133;27;173;6.407407407407407;13;164;27;6.074074074074074;12;1;4;4;4;2;1;58.163690448426024;130.89287589816854;130.89287589816854;130.89287589816854;129.45682919938167;129.45682919938167;8.6375e-05;55.56389906684001;129.45682919856736;129.45682919938167;8.143103968905052e-10;6.290208109734814e-12;True;optimal;True;False;False;False;0.014538375;0.014538375;0.014406167;0.014406167;0.00036345937499999997;1.4814814814814814;0.48750290180298694;2;2;0;2;0;0;0;0;0;562;0;0;0;10;1f856fa67646beb3c4da47f9760914a9b20638165b0efbe1fc40c6f070a40e4c;2.5875e-05;6.3292e-05;2.0667e-05;0.013610005000000001;0.00012487099999999998;0.0021182099999999997;0.0025591259999999997;0.0060618749999999996;0;0;7.0875e-05;0.000591667;2.8791e-05;0.0005427920000000001;2.0084e-05;0.0001824949999999978
progressive_10s;10.0;10000000;free_order_v1;unordered-final-consolidated;336;0;20;233;8;15;61.07738392090622;137;137;0;0;0;10;108;138;846;124;709;0;722;709;13;108;0;846;709;108;846;7.833333333333333;16;738;108;6.833333333333333;15;0;0;;0;4;3;59.26528154176312;143.4755583395156;143.4755583395156;143.4755583395156;137.44363466644378;137.02505524949456;8.9e-05;58.69311663417973;137.02505524949453;137.02505524949456;2.842170943040401e-14;2.0741979909188064e-16;True;optimal;True;False;False;False;0.056560667;0.056560667;0.056421792;0.056421792;0.00041285158394160584;1.2685185185185186;0.0;2;1;1;0;0;1;0;1;0;2118;0;0;0;53;d5a01943fd1e69ab4b70c9997544cd281c40b97989584573a3c4cd3f0f64767c;2.525e-05;6.6583e-05;2.3667e-05;0.05395945900000003;0.000508243;0.011383961999999997;0.013048210000000006;0.017328834;0;0;0;0.0018834550000000013;2.7833e-05;0.0018326220000000014;2.3e-05;0.0006297109999999679
progressive_10s;10.0;10000000;free_order_v1;unordered-final-consolidated;337;0;19;217;7;14;56.75545582601886;40;40;0;0;0;2;29;41;167;37;127;0;130;127;3;29;0;167;127;29;167;5.758620689655173;11;138;29;4.758620689655173;10;0;0;;0;2;1;54.000173532290745;142.62495227196553;142.62495227196553;142.62495227196553;137.25785903875297;137.25785903875297;8.4791e-05;62.13834068156595;137.25785903875297;137.25785903875297;0;0;True;optimal;True;False;False;False;0.006634916;0.006634916;0.00651425;0.00651425;0.0001658729;1.3793103448275863;0.0;0;0;0;0;0;0;0;0;0;470;0;0;0;18;aea43f14f5efb3b3328351f223db5692bae2b2ef3c3c0613f6f6209d3ce77513;2.3540999999999997e-05;6.3958e-05;1.6125e-05;0.005874918;5.6789000000000015e-05;0.0017798730000000002;0.0020392500000000003;0;0;0;0;0.00051475;2.2376e-05;0.00047712400000000005;1.525e-05;0.00016220800000000022
progressive_10s;10.0;10000000;free_order_v1;unordered-final-consolidated;338;0;20;233;9;15;61.07738392090622;122;122;0;0;0;11;71;123;555;109;433;1;447;434;13;65;5;535;433;70;555;7.928571428571429;16;552;71;7.774647887323944;16;1;4;4;4;3;2;56.087440948005025;137.85877406157837;137.85877406157837;137.85877406157837;135.75649040990723;134.94257868706222;8.9167e-05;59.31529107973059;134.9425786870622;134.94257868706222;2.842170943040401e-14;2.1062076704725795e-16;True;optimal;True;False;False;False;0.089615708;0.089615708;0.089486459;0.089486459;0.0007345549836065574;1.7183098591549295;0.10163731563667387;12;4;8;4;0;0;0;4;4;2090;0;0;0;40;596d7416b5b5da1b93710e7c01835db464ff222afacc729f26392d0cc272613d;2.5375e-05;6.625e-05;1.6833e-05;0.087320372;0.001072037;0.010646501999999999;0.012091246999999994;0.05281791599999999;0;0;9.1083e-05;0.0016137150000000015;2.6458e-05;0.0015710070000000014;1.625e-05;0.0005039970000000095
progressive_10s;10.0;10000000;free_order_v1;unordered-final-consolidated;339;0;20;216;8;14;61.07738392090622;167;167;0;0;0;20;123;168;1061;144;894;0;917;894;23;121;2;1051;894;123;1061;8.626016260162602;14;958;123;7.788617886178862;14;1;5;5;5;4;3;56.015278474863045;133.29862942688177;133.29862942688177;133.29862942688177;121.5820667393918;120.52320547176008;8.0167e-05;57.97760358399703;120.52320547176008;120.52320547176008;0;0;True;optimal;True;False;False;False;0.069239583;0.069239583;0.06911675;0.06911675;0.00041460828143712573;1.3577235772357723;0.09375706378820914;2;0;2;0;0;0;0;0;2;2848;0;0;0;59;771216985e6fe27f36221f7f1896eb5844975f4c31e4208a094004c8d41ef08a;2.7042e-05;5.65e-05;1.8333e-05;0.06609236800000003;0.0009820860000000005;0.02151516300000001;0.018149338999999997;0.008202332;0;0;6.4917e-05;0.0022615379999999996;2.3291e-05;0.0022204969999999997;1.775e-05;0.0007389679999999788
progressive_10s;10.0;10000000;free_order_v1;unordered-final-consolidated;340;0;19;209;8;15;56.75545582601886;31;31;0;0;0;2;25;32;144;28;113;0;116;113;3;25;0;144;113;25;144;5.76;10;119;25;4.76;9;0;0;;0;2;1;59.85511814052063;144.91088860237184;144.91088860237184;144.91088860237184;142.92155341924934;142.92155341924934;8.425e-05;58.69522385942988;142.92155341924934;142.92155341924934;0;0;True;optimal;True;False;False;False;0.005105542;0.005105542;0.004989417;0.004989417;0.00016469490322580646;1.24;0.0;0;0;0;0;0;0;0;0;0;338;0;0;0;7;c3384e7dfbf3f66455a2b13afd35e5378550dd8157aca134fd72b1035817f479;2.3792000000000002e-05;6.3042e-05;1.4125e-05;0.004510248;5.7542999999999994e-05;0.001435461;0.001481958;0;0;0;0;0.000378041;2.5791e-05;0.000338708;1.3542e-05;0.00014046100000000063
progressive_10s;10.0;10000000;free_order_v1;unordered-final-consolidated;341;0;20;232;9;14;61.07738392090622;194;194;0;0;0;9;81;195;595;179;401;0;416;401;15;77;4;578;401;81;595;7.345679012345679;16;556;81;6.864197530864198;16;3;13;4;5;7;6;60.56816272638447;155.7340723209912;155.7340723209912;155.7340723209912;154.85522346798925;144.88059201553443;8.8417e-05;61.10795677291195;144.88059201553443;144.88059201553443;0;0;True;optimal;True;False;False;False;0.084137042;0.084137042;0.083996625;0.083996625;0.0004336960927835051;2.3950617283950617;0.20299263670334408;9;6;3;6;0;0;0;0;3;2937;0;0;0;101;86b4b3620caf2b5f754f26db6e412c2ab7bd387a2cb24acdd129b04dae1dcc43;2.525e-05;6.5917e-05;2.0959e-05;0.08129242;0.000624336;0.015017002999999994;0.015526038000000011;0.035952375;0;0;0.00017079200000000001;0.0019920460000000012;2.9166999999999997e-05;0.0019430040000000012;1.9875e-05;0.0005904090000000001
progressive_10s;10.0;10000000;free_order_v1;unordered-final-consolidated;342;0;20;224;8;15;61.07738392090622;135;135;0;0;0;9;63;136;415;122;280;0;293;280;13;62;1;411;280;63;415;6.587301587301587;12;359;63;5.698412698412699;11;1;4;4;4;5;4;56.23574033967186;117.61592076827922;117.61592076827922;117.61592076827922;115.05315855047212;109.10977300176131;9.2875e-05;52.18696586964226;109.10977300176131;109.10977300176131;0;0;True;optimal;True;False;False;False;0.05563875;0.05563875;0.055504708;0.055504708;0.0004121388888888889;2.142857142857143;0.29498326256430996;5;5;0;0;0;5;0;0;0;1768;0;0;0;61;7e7c60d029765975905e3c6b312419cea617d425c857b1b637619b8b780c1b44;3.2958999999999994e-05;6.2541e-05;1.7375e-05;0.053433835000000006;0.00046412099999999996;0.010256119;0.012444417999999997;0.020999751;0;0;0.000164125;0.0014785029999999993;2.7334e-05;0.0014343769999999993;1.6792e-05;0.00047237099999999465
progressive_10s;10.0;10000000;free_order_v1;unordered-final-consolidated;343;0;20;229;9;14;61.07738392090622;145;145;0;0;0;22;54;146;391;119;246;0;272;246;26;46;8;360;246;54;391;7.2407407407407405;16;422;54;7.814814814814815;16;4;17;3;5;5;4;52.693312206387624;109.51794941141745;109.51794941141745;109.51794941141745;109.09127037042335;102.39144361455406;9.0208e-05;51.886140591951;102.39144361455405;102.39144361455406;1.4210854715202004e-14;1.3878947511178613e-16;True;optimal;True;False;False;False;0.227095542;0.227095542;0.226949791;0.226949791;0.001566176151724138;2.685185185185185;0.16008328336097413;30;12;18;0;0;12;0;4;14;2149;0;0;0;70;206187eb3389b067ef5a9a51d73771f94b4f5db8837f0f991bbceb5fd0b0e7d2;2.4459e-05;6.8625e-05;2.4417e-05;0.22464553800000003;0.0016377060000000003;0.015705332999999995;0.019990877999999993;0.17375083499999996;0;0;0.000363542;0.0014262129999999987;3.1417e-05;0.0013711289999999987;2.3667e-05;0.0005695819999999795
progressive_10s;10.0;10000000;free_order_v1;unordered-final-consolidated;344;0;30;337;6;14;107.70906734197344;263;263;0;0;0;27;202;264;1698;233;1435;0;1465;1435;30;200;2;1689;1435;202;1698;8.405940594059405;17;1521;202;7.52970297029703;17;2;9;3;6;4;3;59.81168992351541;155.501216738929;155.501216738929;155.501216738929;148.71513583710376;148.4217755629974;0.000135875;61.53619169171309;148.4217755629974;148.4217755629974;0;0;True;optimal;True;False;False;False;0.198341833;0.198341833;0.198150792;0.198150792;0.0007541514562737642;1.301980198019802;0.10713826568296361;23;4;19;4;0;0;0;12;7;4030;0;0;0;90;c855c536ae3faf06e3827105eb194704c484e5c7efe7cf9e9ddd980797e42f32;3.2333e-05;0.000106458;2.2083e-05;0.19098911999999996;0.0018639590000000003;0.023436534999999994;0.025040415000000007;0.116946417;0;0;0.0002125;0.005656789999999997;5.0957999999999996e-05;0.0055851659999999964;2.0666e-05;0.001364006000000039
progressive_10s;10.0;10000000;free_order_v1;unordered-final-consolidated;345;0;30;330;8;15;107.70906734197344;232;232;0;0;0;21;104;233;761;208;529;0;553;529;24;103;1;757;529;104;761;7.3173076923076925;17;671;104;6.451923076923077;17;1;4;4;4;4;3;51.80296384414203;138.71856666094496;138.71856666094496;138.71856666094496;130.2944904750959;126.90558546791891;0.00013025;62.656070422960404;126.90558546791891;126.90558546791891;0;0;True;optimal;True;False;False;False;0.277186875;0.277186875;0.276993875;0.276993875;0.0011947710129310346;2.230769230769231;0.047876725764883346;30;13;17;2;0;11;0;16;1;3031;0;0;0;105;01c72f3270ec44b298e5c3ea1e4e5bd7703fe6b5d52d6fd61f302ea0fe3dc36b;3.0708000000000005e-05;0.00010425;2.6125e-05;0.27309629100000005;0.0015185069999999999;0.015774963000000006;0.02071120800000002;0.21865378999999993;0;0;0.000132708;0.0029947110000000015;4.658400000000001e-05;0.0029232930000000013;2.4834e-05;0.0008415829999999526
progressive_10s;10.0;10000000;free_order_v1;unordered-final-consolidated;346;0;29;319;8;14;102.80217674636492;457;457;0;0;0;37;146;458;1415;415;958;0;1000;958;42;142;4;1398;958;146;1415;9.691780821917808;20;1335;146;9.143835616438356;20;3;12;3;5;6;5;62.56840871317277;160.09686283029166;160.09686283029166;160.09686283029166;153.26055787617187;149.45076549959;0.000126917;60.91840426661108;149.45076549959;149.45076549959;0;0;True;optimal;True;False;False;False;1.395008375;1.395008375;1.394775166;1.394775166;0.003052534737417943;3.1301369863013697;0.01669653058534505;184;6;178;1;0;5;0;169;9;5474;0;0;0;277;6d5f38fddad2772f148c5bfc0ac7ac207edbffaac28a3adb5395c19767fbad39;2.8209e-05;0.000102458;3.5459e-05;1.386810917;0.006153290000000002;0.04228854099999995;0.06672328099999995;1.2226237160000004;0;0;0.00023291799999999998;0.005619387000000001;4.5208e-05;0.005539971000000001;3.4208e-05;0.002191360000000033
progressive_10s;10.0;10000000;free_order_v1;unordered-final-consolidated;347;0;30;337;8;15;107.70906734197344;106;106;0;0;0;4;66;107;447;101;341;0;346;341;5;65;1;444;341;66;447;6.7727272727272725;17;396;66;6.0;17;1;3;3;3;2;1;54.257269306583;136.11250428366105;136.11250428366105;136.11250428366105;124.56393986265701;124.56393986265701;0.000206208;60.137924438220736;124.56393986265697;124.56393986265701;4.263256414560601e-14;3.4225446138434816e-16;True;optimal;True;False;False;False;0.050435958;0.050435958;0.049997125;0.049997125;0.0004758109245283019;1.606060606060606;0.10970942596153323;1;1;0;1;0;0;0;0;0;1800;0;0;0;56;c222a517fb7af507d6a1fa17f0578d6a46f96344f79e4deb0b779bd8dacc95b2;8.4874e-05;0.000146167;0.000100625;0.04693116700000001;0.000485625;0.013882043;0.011292044000000006;0.011073667;0;0;5.5333e-05;0.002646826;5.2125e-05;0.002495617;9.9084e-05;0.0005150079999999939
progressive_10s;10.0;10000000;free_order_v1;unordered-final-consolidated;348;0;30;351;8;15;107.70906734197344;3426;3426;0;0;0;235;1133;3427;12382;3182;8956;0;9200;8956;244;1113;20;12299;8956;1133;12382;10.928508384819065;24;11595;1133;10.233892321270963;24;9;37;3;5;10;9;58.86444822011307;160.47343472819986;160.47343472819986;160.47343472819986;154.91148595421163;145.4637776565575;0.000145167;63.318259922700555;145.4637776565575;145.4637776565575;0;0;True;optimal;True;False;False;False;4.813551083;4.813551083;4.813196833;4.813196833;0.001405006153823701;3.023830538393645;0.01719624422234474;423;8;415;8;0;0;0;19;396;67161;0;0;0;2149;eede803354f00f9a17782426b9230a4592f6d4f12e7fceb3f84b6c709678da95;3.4583e-05;0.000114042;4.0917e-05;4.7526055280000055;0.038457903;0.627020822999999;0.598616073;3.0530280870000004;0;0;0.0008277500000000001;0.04443647500000002;4.9708e-05;0.04434693400000001;3.9833e-05;0.015416620999994642
progressive_10s;10.0;10000000;free_order_v1;unordered-final-consolidated;349;0;30;330;9;14;107.70906734197344;356;356;0;0;0;19;303;357;2582;334;2226;1;2249;2227;22;299;3;2569;2226;302;2582;8.549668874172186;21;2349;303;7.752475247524752;21;3;13;4;5;4;3;60.11909314834749;160.77694823921968;160.77694823921968;160.77694823921968;160.7566125996467;154.3698666449978;0.0001475;62.60714374370608;154.36986664367518;154.3698666449978;1.3226326700532809e-09;8.567945926227431e-12;True;optimal;True;False;False;False;0.257442208;0.257442208;0.257216125;0.257216125;0.0007231522696629214;1.174917491749175;0.1241055235200593;19;0;19;0;0;0;0;2;17;5633;0;0;0;159;988e752271b9ff1ec38f807e344893d9175136f56856884351baf7464ab20550;3.15e-05;0.00012;3.5333e-05;0.24567879600000023;0.0018417599999999987;0.032773714000000016;0.03541134000000001;0.14678854299999997;0;0;0.00031949999999999996;0.009209383;5.3709000000000004e-05;0.009121507999999999;3.4166e-05;0.0020963209999997918
progressive_10s;10.0;10000000;free_order_v1;unordered-final-consolidated;350;0;30;344;9;15;107.70906734197344;101;101;0;0;0;1;78;102;557;99;456;0;458;456;2;78;0;557;456;78;557;7.141025641025641;14;479;78;6.141025641025641;13;0;0;;0;2;1;61.37192877624981;149.23111706269444;149.23111706269444;149.23111706269444;147.58510676431024;147.58510676431024;0.000151333;58.87457657341903;147.58510676431024;147.58510676431024;0;0;True;optimal;True;False;False;False;0.048224583;0.048224583;0.048004417;0.048004417;0.0004774711188118812;1.294871794871795;0.0;6;1;5;0;0;1;0;3;2;1271;0;0;0;29;a08f7b54c7e34c1dddebe7c6d3195213d4993e4830f8a565d2a5e2ebb64211e5;3.4375e-05;0.000121625;3.0459e-05;0.045333623999999996;0.0003116610000000001;0.006789626000000002;0.007630789;0.024043458000000004;0;0;0;0.0022637010000000003;5.8458e-05;0.0021757430000000004;2.95e-05;0.0004950500000000043
progressive_10s;10.0;10000000;free_order_v1;unordered-final-consolidated;351;0;29;330;9;15;102.80217674636492;776;776;0;0;0;42;398;777;3384;730;2608;0;2654;2608;46;388;10;3339;2608;398;3384;8.50251256281407;19;3090;398;7.763819095477387;19;3;13;4;5;5;4;58.93076521323842;155.04803240709467;155.04803240709467;155.04803240709467;148.01779994595228;145.00588744362528;0.00013675;61.9919296631191;145.00588744362528;145.00588744362528;0;0;True;optimal;True;False;False;False;0.593650792;0.593650792;0.593436042;0.593436042;0.0007650139072164949;1.949748743718593;0.027351938578732665;67;41;26;37;0;4;0;13;13;11696;0;0;0;338;8e134594be8a275210fada7eff0d586780c09434c64882eda944515e8c76a8ce;3.1208e-05;0.000108875;2.8292e-05;0.579802134;0.00454195;0.06700536700000001;0.07929564999999991;0.362677174;0;0;0.000162375;0.010369755999999971;4.7917e-05;0.010294421999999971;2.7417e-05;0.0031771110000000016
progressive_10s;10.0;10000000;free_order_v1;unordered-final-consolidated;352;0;30;319;7;13;107.70906734197344;556;556;0;0;0;25;226;557;1680;529;1124;0;1151;1124;27;225;1;1677;1124;226;1680;7.433628318584071;16;1468;226;6.495575221238938;16;1;3;3;3;3;2;60.34600065517487;153.84861328702405;153.84861328702405;153.84861328702405;147.74089499762252;147.3250026605025;0.000133709;60.77572662771306;147.32500266050246;147.3250026605025;2.842170943040401e-14;1.9291843826332274e-16;True;optimal;True;False;False;False;0.1407815;0.1407815;0.140570958;0.140570958;0.0002532041366906475;2.4601769911504423;0.04457261785106707;0;0;0;0;0;0;0;0;0;7618;0;0;0;304;688da7f669c264dad798f1da730cc82543ace1233f231ad07a2caf5d5dd390a7;3.0625e-05;0.000107375;2.6625e-05;0.13293021500000002;0.0011082949999999998;0.04384604;0.050186234999999996;0;0;0;6.275e-05;0.005757715999999994;4.9124e-05;0.005683175999999994;2.5416e-05;0.0018948169999999835
progressive_10s;10.0;10000000;free_order_v1;unordered-final-consolidated;353;0;28;310;8;15;97.94419575123734;348;348;0;0;0;21;134;349;1124;319;776;0;805;776;29;129;5;1100;776;134;1124;8.388059701492537;19;1057;134;7.888059701492537;18;2;9;3;6;9;8;62.502222657347566;163.65210759263542;163.65210759263542;163.65210759263542;161.50902440346545;148.5801897586281;0.000126333;61.80787184670499;148.5801897586281;148.5801897586281;0;0;True;optimal;True;False;False;False;0.321360542;0.321360542;0.321148417;0.321148417;0.0009234498333333335;2.5970149253731343;0.05625799573116229;38;24;14;17;0;7;0;7;7;5407;0;0;0;189;84154236da8f8dc4e0598cdc9d1ae540c9fbc1adcfc103248c751a97ebf3a80a;3.1458e-05;9.8709e-05;3.6541e-05;0.31600319599999993;0.002299683000000001;0.026667037999999997;0.03113776200000001;0.22704591600000001;0;0;0.00018079100000000002;0.004003622000000004;4.3834e-05;0.003924247000000004;3.5541e-05;0.001040183000000085
progressive_10s;10.0;10000000;free_order_v1;unordered-final-consolidated;354;0;30;333;7;15;107.70906734197344;477;477;0;0;0;12;156;478;1348;463;871;0;885;871;14;153;3;1334;871;156;1348;8.64102564102564;22;1242;156;7.961538461538462;21;2;9;4;5;3;2;62.38346896446662;168.14188900548197;168.14188900548197;168.14188900548197;164.89407562743395;154.8698709733957;0.000140291;62.89831800186763;154.86987097339565;154.8698709733957;5.684341886080802e-14;3.67039880020129e-16;True;optimal;True;False;False;False;0.142980333;0.142980333;0.142752458;0.142752458;0.0002997491257861635;3.0576923076923075;0.13515844867979154;0;0;0;0;0;0;0;0;0;8450;0;0;0;309;1ba1ebf826a45eadf8344db20685b04fa8c03a5f08aa79687781a85ca2eae5f8;3.2167e-05;0.00011225;3.225e-05;0.13613283600000015;0.0010128339999999996;0.04975483099999999;0.046564086000000005;0;0;0;0.00019325;0.004906235;4.8209000000000005e-05;0.0048271090000000004;3.0917e-05;0.0015992629999998526
progressive_10s;10.0;10000000;free_order_v1;unordered-final-consolidated;355;0;30;332;8;14;107.70906734197344;404;404;0;0;0;24;137;405;1174;375;770;0;799;770;29;131;6;1148;770;137;1174;8.569343065693431;20;1120;137;8.175182481751825;19;3;13;4;5;6;5;63.42520122971994;159.67994526609834;159.67994526609834;159.67994526609834;156.53281795582123;147.75180170203302;0.000139416;60.27979523413217;147.75180170203302;147.75180170203302;0;0;True;optimal;True;False;False;False;0.512884917;0.512884917;0.512670333;0.512670333;0.0012695171212871287;2.948905109489051;0.034096342903372996;55;17;38;15;0;2;0;21;17;6540;0;0;0;240;78cbe74c3e178625b33a39d99994ecf98b76d2386065d5a477c86a2225686eef;3.2792e-05;0.000110708;2.9167e-05;0.5063755049999995;0.002832545000000002;0.035232748;0.044574709999999976;0.386837168;0;0;0.000174875;0.004823866999999999;5e-05;0.004745950999999999;2.7916e-05;0.0013740020000004754
progressive_10s;10.0;10000000;free_order_v1;unordered-final-consolidated;356;0;30;344;7;15;107.70906734197344;267;267;0;0;0;19;206;268;1596;243;1329;0;1353;1329;24;201;5;1578;1329;206;1596;7.747572815533981;18;1460;206;7.087378640776699;18;3;10;2;4;6;5;58.711362678312106;143.84632725431294;143.84632725431294;143.84632725431294;140.71192133365224;139.79129856443325;0.00015425;59.184663384200675;139.79129856443322;139.79129856443325;2.842170943040401e-14;2.033152973201958e-16;True;optimal;True;False;False;False;0.106415958;0.106415958;0.10619725;0.10619725;0.00039856164044943824;1.296116504854369;0.1471038770331796;5;1;4;0;0;1;0;0;4;3966;0;0;0;99;cef4c2889857ffa3d8a1ef0aaa8ed5838db08515fd811ac9964944197aae13e5;4.3125e-05;0.000117333;2.7042e-05;0.10031345700000004;0.0009304610000000004;0.023905250999999995;0.027245578000000013;0.028521043000000003;0;0;0.00015654200000000002;0.004656534999999995;5.4124e-05;0.004576493999999994;2.5917e-05;0.0011507569999999762
progressive_10s;10.0;10000000;free_order_v1;unordered-final-consolidated;357;0;30;345;7;14;107.70906734197344;710;710;0;0;0;48;294;711;2918;657;2208;1;2262;2209;53;288;5;2899;2208;293;2918;9.959044368600683;23;2731;294;9.289115646258503;23;4;16;3;5;6;5;63.550570644885376;140.08137920231715;140.08137920231715;140.08137920231715;139.21677639435805;133.37314440010516;0.00020275;54.633106122477294;133.37314440010516;133.37314440010516;0;0;True;optimal;True;False;False;False;2.120650917;2.120650917;2.120357166;2.120357166;0.0029868322774647886;2.4149659863945576;0.01486967975125724;160;44;116;36;0;8;0;79;37;12503;0;0;0;365;bb9d4edce772b3155754c8f0d873934370bc5e8f265b5e8f2491321917571b9e;3.3208e-05;0.000175125;3.125e-05;2.1044518930000007;0.008146138000000004;0.13408387800000002;0.13297721699999987;1.754127545999999;0;0;0.00031533399999999996;0.012033263000000002;0.000114917;0.011888346000000001;3e-05;0.003701592999999108
progressive_10s;10.0;10000000;free_order_v1;unordered-final-consolidated;358;0;30;355;9;15;107.70906734197344;865;865;0;0;0;50;268;866;2303;812;1438;1;1492;1439;53;262;5;2285;1438;267;2303;8.625468164794007;19;2129;268;7.9440298507462686;19;3;12;3;5;4;3;60.272045875261426;163.34164412354488;163.34164412354488;163.34164412354488;151.3899576923236;143.6526458502425;0.000143834;63.10062495166626;143.65264585024246;143.6526458502425;2.842170943040401e-14;1.978502328459273e-16;True;optimal;True;False;False;False;0.381719333;0.381719333;0.381451375;0.381451375;0.0004412940265895954;3.2276119402985075;0.058758354793625296;10;10;0;1;0;9;0;0;0;15675;0;0;0;547;7a5cadebb9e091707001cc5ee71cf4b1bc559589c33cb11982b52309bd5d9c16;3.3959e-05;0.000114709;4.1542e-05;0.36979037500000045;0.002482553;0.12065986500000009;0.10751421999999998;0.04739870900000001;0;0;0.000224292;0.008671877999999985;5.3084e-05;0.008578376999999986;4.0417e-05;0.0028583309999995477
progressive_10s;10.0;10000000;free_order_v1;unordered-final-consolidated;359;0;30;318;8;14;107.70906734197344;127;127;0;0;0;12;69;128;585;113;458;0;472;458;14;66;3;571;458;69;585;8.478260869565217;20;561;69;8.130434782608695;19;2;9;4;5;3;2;57.931372064845455;156.79101270539832;156.79101270539832;156.79101270539832;148.6623829362561;145.87935201133914;0.000129125;63.05185414313554;145.87935201133914;145.87935201133914;0;0;True;optimal;True;False;False;False;0.069678167;0.069678167;0.06947225;0.06947225;0.0005486469842519685;1.8405797101449275;0.2640109634342132;4;3;1;0;0;3;0;1;0;2710;0;0;0;68;7da7d010464a80fc54eec4d94bfec77bd94049ef09315e9ac1732c8ed5873512;3.1542000000000004e-05;0.0001015;3.6e-05;0.06682420400000001;0.0011442160000000009;0.011108498;0.014516624;0.025523083;0;0;0.000183958;0.0020102030000000003;4.8125000000000004e-05;0.0019273280000000003;3.475e-05;0.0005367599999999868
progressive_10s;10.0;10000000;free_order_v1;unordered-final-consolidated;360;0;30;350;8;15;107.70906734197344;752;752;0;0;0;33;307;753;2818;717;2066;1;2102;2067;35;306;0;2818;2066;306;2818;9.209150326797385;19;2531;307;8.2442996742671;19;0;0;;0;3;2;59.1695594210313;150.4136358760107;150.4136358760107;150.4136358760107;142.81481307947945;138.74060375704204;0.0001475;60.662104152707215;138.74060375704204;138.74060375704204;0;0;True;optimal;True;False;False;False;0.267740542;0.267740542;0.267498458;0.267498458;0.00035603795478723405;2.449511400651466;0.0;4;0;4;0;0;0;0;0;4;13295;0;0;0;422;827b533da10997bdd8870ae60bcf911e4f78b713f9b71be32594e3c7bd9c269d;3.3166999999999996e-05;0.000118958;3.2208e-05;0.2516274309999999;0.0022884199999999998;0.07188096799999993;0.08584575599999991;0.018598667;0;0;0;0.012297502999999986;5.1e-05;0.012215627999999985;3.0875e-05;0.0036553990000001077
progressive_10s;10.0;10000000;free_order_v1;unordered-final-consolidated;361;0;30;329;8;14;107.70906734197344;115;115;0;0;0;15;90;116;611;99;496;1;513;497;16;83;6;591;496;89;611;6.865168539325842;14;602;90;6.688888888888889;14;2;7;3;4;2;1;60.55609294728913;158.23522856376687;158.23522856376687;158.23522856376687;150.57936503293155;150.57936503293155;0.000129708;61.73033432761418;150.57936503293155;150.57936503293155;0;0;True;optimal;True;False;False;False;0.169931458;0.169931458;0.169731125;0.169731125;0.001477664852173913;1.2777777777777777;0.06313780936311392;20;4;16;0;0;4;0;14;2;1442;0;0;0;34;95ad3744b974a541b42b99bc69f43286ea5a1dfd1930c857716cb465b6815c5c;3.7583e-05;9.7042e-05;3.3875e-05;0.16640041800000002;0.0008714110000000002;0.008033503000000003;0.011008370000000002;0.137706415;0;0;0.000107291;0.0025772200000000003;4.425e-05;0.0025003860000000003;3.2584e-05;0.0007230299999999882
progressive_10s;10.0;10000000;free_order_v1;unordered-final-consolidated;362;0;29;344;9;15;102.80217674636492;237;237;0;0;0;16;97;238;798;217;561;0;581;561;20;94;3;780;561;97;798;8.22680412371134;16;732;97;7.546391752577319;16;2;12;6;6;5;4;60.02607714297776;150.98753295658716;150.98753295658716;150.98753295658716;148.0938956650919;146.8545496211288;0.00025;60.244348677293225;146.8545496211288;146.8545496211288;0;0;True;optimal;True;False;False;False;0.101860833;0.101860833;0.101540084;0.101540084;0.0004297925443037975;2.443298969072165;0.16149485052807294;2;1;1;1;0;0;0;1;0;4197;0;0;0;124;c55f6dd93c90cfe82c2451bc91c547e572378fac786c6b808d354c8326b1b0db;0.00010391600000000001;0.000150917;3.1334e-05;0.096338006;0.0022193700000000005;0.027036790000000005;0.02700042;0.017013417;0;0;0.0001645;0.003908948999999999;4.8833e-05;0.0038297409999999994;3.0375e-05;0.0012078369999999998
progressive_10s;10.0;10000000;free_order_v1;unordered-final-consolidated;363;0;30;337;9;14;107.70906734197344;249;249;0;0;0;13;99;250;773;232;524;0;541;524;17;96;3;764;524;99;773;7.808080808080808;16;709;99;7.161616161616162;15;3;9;2;4;5;4;62.252105360065215;147.23438980495234;147.23438980495234;147.23438980495234;139.9541294293539;130.0048409843399;0.000143167;57.71904550116775;130.0048409843399;130.0048409843399;0;0;True;optimal;True;False;False;False;0.2487555;0.2487555;0.248524375;0.248524375;0.0009990180722891566;2.515151515151515;0.09217524838646783;21;11;10;11;0;0;0;10;0;3556;0;0;0;135;70343af7ee163e0c4f04e3bc0fcb80414f53598b29df51d64973d8972a6d6177;3.6542000000000004e-05;0.000112625;3.7833e-05;0.24372778199999998;0.0011994480000000003;0.018827829000000008;0.024721123;0.17868699899999999;0;0;0.00022929099999999998;0.003597791000000005;5.3083e-05;0.003508291000000005;3.6417e-05;0.0010590110000000103
progressive_10s;10.0;10000000;free_order_v1;unordered-final-consolidated;364;0;40;460;9;15;159.15903982417854;1098;1098;0;0;0;55;462;1099;4641;1039;3543;0;3602;3543;59;458;4;4632;3543;462;4641;10.045454545454545;25;4256;462;9.212121212121213;24;2;5;2;3;5;4;60.75244176430875;162.94800247940117;162.94800247940117;162.94800247940117;156.0234571774263;151.8747456682313;0.000264375;62.71666983337911;151.8747456682313;151.8747456682313;0;0;True;optimal;True;False;False;False;1.796239792;1.796239792;1.795806916;1.795806916;0.001635919664845173;2.3766233766233764;0.008234813673474171;157;99;58;65;0;34;0;51;7;18496;0;0;0;580;cf5a700e8a303660720184e329cadd85f82271247219e54be5434e1f7fd64dfd;9.266700000000001e-05;0.000177375;6.6542e-05;1.7690859730000028;0.010811824999999999;0.099509579;0.13647218499999994;1.4071086240000004;0;0;0.00014791700000000001;0.021507148999999996;8.195799999999999e-05;0.021360357999999996;6.4833e-05;0.00521266799999728
progressive_10s;10.0;10000000;free_order_v1;unordered-final-consolidated;365;0;40;455;7;15;159.15903982417854;1655;1655;0;0;0;147;1106;1656;11743;1503;10088;0;10240;10088;152;1101;5;11723;10088;1106;11743;10.61754068716094;25;10741;1106;9.711573236889693;25;4;16;3;5;6;5;61.27139829383628;178.87508875229014;178.87508875229014;178.87508875229014;172.06130714109526;158.9293647987435;0.000252167;65.74626532893792;158.92936479874345;158.9293647987435;5.684341886080802e-14;3.5766467029419234e-16;True;optimal;True;False;False;False;2.694175584;2.694175584;2.6937405;2.6937405;0.0016279006549848943;1.496383363471971;0.012740446540992779;227;86;141;20;0;66;0;43;98;26960;0;0;0;814;046a98b8a39455ec8b8dcb64bb25f29b8ccb72252fba8a191f502c36de363e96;4.5333e-05;0.000214417;7.5875e-05;2.635505049000001;0.016533112000000016;0.17673493099999998;0.22088582200000006;2.053814876000001;0;0;0.00034325;0.048094819999999996;0.000121666;0.047898778999999995;7.4375e-05;0.00999342199999894
progressive_10s;10.0;10000000;free_order_v1;unordered-final-consolidated;366;0;39;440;9;15;153.83711172929117;2455;2455;0;0;0;357;908;2456;10370;2087;7915;0;8283;7915;368;827;81;10062;7915;908;10370;11.420704845814978;23;10756;908;11.845814977973568;23;9;39;3;6;12;11;61.12382444038231;165.34177177367644;165.34177177367644;165.34177177367644;154.8689024602819;144.01766644194595;0.00018625;63.03183171155926;144.01766644047896;144.01766644194595;1.4669865322503028e-09;1.01861567993233e-11;True;optimal;True;False;False;False;9.45725025;9.45725025;9.45686725;9.45686725;0.0038522404276985743;2.7037444933920707;0.00955393984630998;1029;701;328;483;0;218;0;66;262;33208;0;0;0;1185;ce7e7add996ba97f41a800b8d067c35efcc5bac560990dfc5c6d1d50846f9ac8;3.8292000000000005e-05;0.000154875;6.1334e-05;9.396808748000012;0.033175373999999994;0.3205040610000003;0.49176724300000013;8.230682640000007;0;0;0.00090354;0.04628144099999998;7.404200000000001e-05;0.04614768999999998;5.9709e-05;0.013007271999987989
progressive_10s;10.0;10000000;free_order_v1;unordered-final-consolidated;367;0;40;435;8;14;159.15903982417854;370;370;0;0;0;63;261;371;2539;305;2169;1;2235;2170;65;256;4;2523;2169;260;2539;9.765384615384615;21;2368;261;9.0727969348659;21;2;8;4;4;3;2;62.794570565439024;160.20397555359008;160.20397555359008;160.20397555359008;149.50792718746257;149.23018677492806;0.0002005;60.80336311976633;149.23018677492806;149.23018677492806;0;0;True;optimal;True;False;False;False;0.74807875;0.74807875;0.747766583;0.747766583;0.0020218344594594593;1.417624521072797;0.019550214466057213;81;19;62;13;0;6;0;60;2;6758;0;0;0;120;120888da6034bb00946c791cec94e16490ef487fb0b64561f3ee6f18dba66ab5;3.9876e-05;0.000167417;5.0958e-05;0.735097154;0.004592239000000001;0.06524686900000001;0.05861917399999995;0.564120332;0;0;0.000146251;0.01029858999999999;8.225e-05;0.010167006999999988;4.9333e-05;0.0023561710000000215
progressive_10s;10.0;10000000;free_order_v1;unordered-final-consolidated;368;0;38;423;7;15;148.5517095104289;5564;5564;0;0;0;397;3253;5565;36867;5159;31303;1;31709;31304;405;3238;14;36805;31303;3252;36867;11.336715867158672;26;33893;3253;10.418997848140178;25;7;34;4;6;9;8;60.51278139319629;179.7472301518845;179.7472301518845;179.7472301518845;178.13510148473495;163.32180502569287;0.000186667;66.33451244724961;163.32180502569287;163.32180502569287;0;0;True;optimal;True;False;False;False;4.295750542;4.295750542;4.295313417;4.295313417;0.0007720615639827463;1.7104211497079618;0.01286636629841808;334;116;218;84;0;32;0;168;50;111819;0;0;0;2658;2ece233fb12b75baa56f913430be2b6cabdef592066734fd3179cf3358040a29;3.6667e-05;0.000156375;6.5125e-05;4.135220990000005;0.029278122;0.6743526179999999;0.7108965280000016;2.130296085;0;0;0.000552707;0.1304873769999999;7.6957e-05;0.13034691999999992;6.35e-05;0.029192799999995106
progressive_10s;10.0;10000000;free_order_v1;unordered-final-consolidated;369;0;38;433;8;15;148.5517095104289;562;562;0;0;0;80;287;563;2613;480;2051;0;2133;2051;82;275;12;2563;2051;287;2613;9.104529616724738;21;2524;287;8.794425087108014;21;4;17;4;5;3;2;60.04743005766469;148.3845216656406;148.3845216656406;148.3845216656406;142.47592197873402;142.34563260719304;0.000181417;59.532551384994576;142.34563260719304;142.34563260719304;0;0;True;optimal;True;False;False;False;0.54082975;0.54082975;0.540523125;0.540523125;0.0009623305160142349;1.9581881533101044;0.05493854581779201;40;1;39;1;0;0;0;1;38;9591;0;0;0;273;9c5bf2508223808db522ac4259374cdf7a604085e2cc3cb222755ee7ad23e3d4;3.45e-05;0.000152125;5.4834e-05;0.5262983210000002;0.003702123999999998;0.06784163000000003;0.06489208500000002;0.34128167200000004;0;0;0.000297124;0.011850749999999995;7.641700000000001e-05;0.011721207999999995;5.3125e-05;0.002206471999999819
progressive_10s;10.0;10000000;free_order_v1;unordered-final-consolidated;370;0;39;440;8;14;153.83711172929117;166;166;0;0;0;19;82;167;612;144;446;0;468;446;22;74;8;576;446;82;612;7.463414634146342;17;619;82;7.548780487804878;17;2;9;4;5;4;3;59.488656127142974;152.3583750124328;152.3583750124328;152.3583750124328;150.64422666783304;146.54276431717577;0.000186583;60.954784321972085;146.54276431717577;146.54276431717577;0;0;True;optimal;True;False;False;False;0.186786209;0.186786209;0.186517666;0.186517666;0.001125218126506024;2.024390243902439;0.1359843434693832;22;0;22;0;0;0;0;12;10;2604;0;0;0;65;05a65b3a69bd8ccfbd6810d78b8eafe78fb0993c5a5ba0355414c94191894e13;3.7668e-05;0.000154458;3.6875e-05;0.18256528499999997;0.0012104160000000002;0.013718838000000007;0.018319917000000005;0.135298875;0;0;0.000254;0.003256626000000003;7.704100000000001e-05;0.003144210000000003;3.5375e-05;0.0005541710000000295
progressive_10s;10.0;10000000;free_order_v1;unordered-final-consolidated;371;0;39;435;8;14;153.83711172929117;1550;1550;0;0;0;202;1100;1551;12230;1346;10680;0;10884;10680;204;1085;15;12179;10680;1100;12230;11.118181818181819;25;11431;1100;10.391818181818183;25;3;10;3;4;3;2;58.99009908571221;160.0372923735456;160.0372923735456;160.0372923735456;151.42726723448993;151.4218632599484;0.000195125;63.13977935341316;151.4218632599484;151.4218632599484;0;0;True;optimal;True;False;False;False;2.988479625;2.988479625;2.988133417;2.988133417;0.001928051370967742;1.4090909090909092;0.004766938974864183;298;81;217;67;0;14;0;96;121;26355;0;0;0;655;3c870cb5b9dc0d3e86264539909660c456cca75a206a3ce8d86d3dd69c1ebe7c;3.8667e-05;0.000161958;6.4833e-05;2.9309915939999973;0.01428328399999997;0.20760804599999988;0.232512371;2.3171969660000005;0;0;0.000142459;0.047802338;7.725e-05;0.047661713;6.3375e-05;0.00933765100000248
progressive_10s;10.0;10000000;free_order_v1;unordered-final-consolidated;372;0;39;443;8;14;153.83711172929117;3786;3786;0;0;0;109;1218;3787;12412;3668;8626;1;8745;8627;118;1202;15;12349;8626;1217;12412;10.198849630238291;25;11493;1218;9.435960591133005;25;5;21;3;5;10;9;61.5369514264785;185.91891496109733;185.91891496109733;185.91891496109733;179.64152009624274;154.9705744358036;0.000207125;66.90118838131409;154.97057443432664;154.9705744358036;1.4769625522603747e-09;9.530599971236506e-12;True;optimal;True;False;False;False;2.32292075;2.32292075;2.322484125;2.322484125;0.0006135554014791337;3.1083743842364533;0.017858293271520345;91;51;40;23;0;28;0;29;11;73330;0;0;0;2589;ead19344b7c9686404a0dfc72bdb3d6333f5ca4b9d6a8df6923934af4474ffe0;4.125e-05;0.000171167;4.7542e-05;2.2434054609999965;0.01884071300000003;0.43128957700000065;0.4614709050000004;0.9156793299999996;0;0;0.000414834;0.06567599899999996;8.4458e-05;0.06554566599999996;4.5875e-05;0.013118164000003443
progressive_10s;10.0;10000000;free_order_v1;unordered-final-consolidated;373;0;38;422;7;15;148.5517095104289;365;365;0;0;0;27;212;366;1886;336;1521;1;1551;1522;29;209;2;1878;1521;211;1886;8.938388625592417;22;1727;212;8.14622641509434;22;1;4;4;4;3;2;64.77353950200326;163.08589245912697;163.08589245912697;163.08589245912697;160.7690325962307;156.00414829227208;0.000180375;60.28256121648476;156.0041482907822;156.00414829227208;1.489866008341778e-09;9.550169175953772e-12;True;optimal;True;False;False;False;0.401369291;0.401369291;0.401071709;0.401071709;0.001099641893150685;1.721698113207547;0.01808384488488433;46;14;32;4;0;10;0;28;4;5358;0;0;0;182;5876e5d4bd96860aca548f87fb5bd2926655c93a1fa333540b060377b808b999;3.8416e-05;0.000146834;5.4791e-05;0.391916913;0.0023229590000000007;0.025450706;0.03938776100000004;0.294770796;0;0;7.2583e-05;0.007503209000000004;7.362499999999999e-05;0.007376292000000004;5.3292e-05;0.0017059210000000173
progressive_10s;10.0;10000000;free_order_v1;unordered-final-consolidated;374;0;39;429;8;15;153.83711172929117;334;334;0;0;0;13;157;335;1642;317;1308;0;1325;1308;17;156;1;1639;1308;157;1642;10.45859872611465;23;1506;157;9.59235668789809;23;1;3;3;3;5;4;62.68191436540192;159.56713861207737;159.56713861207737;159.56713861207737;153.08728423110674;149.4758758216677;0.000198125;60.717529366878274;149.47587582166764;149.4758758216677;5.684341886080802e-14;3.802849024857034e-16;True;optimal;True;False;False;False;0.250735042;0.250735042;0.250413875;0.250413875;0.0007507037185628743;2.127388535031847;0.03102557958372647;19;0;19;0;0;0;0;19;0;7329;0;0;0;162;0ea2979ae356995f97367b47f2c1be3c628946580827731c4a903bfda8fb9f2c;3.8709e-05;0.000164625;5.5042e-05;0.24141954699999996;0.0014990310000000003;0.02846683499999999;0.03433691999999998;0.14156070599999998;0;0;7.7792e-05;0.007640376999999997;8.2083e-05;0.007504876999999997;5.3417e-05;0.0014116590000000546
progressive_10s;10.0;10000000;free_order_v1;unordered-final-consolidated;375;0;37;419;8;15;143.30378199698532;832;832;0;0;0;59;320;833;2781;769;1949;0;2012;1949;63;303;17;2711;1949;320;2781;8.690625;21;2750;320;8.59375;21;5;24;3;8;5;4;64.23435448884348;176.84307050460617;176.84307050460617;176.84307050460617;166.2806018395939;160.99389248682343;0.000185959;63.67720018344152;160.9938924868234;160.99389248682343;2.842170943040401e-14;1.7653905369565611e-16;True;optimal;True;False;False;False;0.872872833;0.872872833;0.87254975;0.87254975;0.001049126001201923;2.6;0.058475413680333904;59;34;25;26;0;8;0;11;14;14777;0;0;0;457;2c27b5eb8780a10cac3bed20fc87f81d104efb756020f9ecbec7d0ae503cb687;3.7542e-05;0.000152875;5.5709e-05;0.8576603020000002;0.003882209;0.0697005;0.0828207509999999;0.6212571620000001;0;0;0.0005104160000000001;0.011755822999999993;7.3374e-05;0.011628573999999994;5.3875e-05;0.0027504579999998117
progressive_10s;10.0;10000000;free_order_v1;unordered-final-consolidated;376;0;39;427;8;14;153.83711172929117;285;285;0;0;0;23;195;286;1843;259;1558;1;1585;1559;26;193;1;1839;1558;194;1843;9.5;23;1689;195;8.661538461538461;23;1;4;4;4;4;3;61.33845512655387;162.214351027001;162.214351027001;162.214351027001;156.27516266350275;149.21489856485667;0.000188834;62.18678881479241;149.21489856485667;149.21489856485667;0;0;True;optimal;True;False;False;False;0.245608917;0.245608917;0.245308708;0.245308708;0.0008617856736842105;1.4615384615384615;0.03313194040100751;13;9;4;5;0;4;0;4;0;5680;0;0;0;124;0c31d6dbe807b01fd11c6387ae396c83344d22414a348af53132530ed83e61cf;3.375e-05;0.000160416;5.1e-05;0.23683509000000008;0.0027206190000000005;0.03683641000000001;0.035200277999999974;0.13236499899999998;0;0;8.1375e-05;0.007050425999999994;7.562500000000001e-05;0.006925341999999994;4.9459e-05;0.0014669009999999112
progressive_10s;10.0;10000000;free_order_v1;unordered-final-consolidated;377;0;40;451;8;15;159.15903982417854;1944;1944;0;0;0;153;604;1945;6256;1784;4312;0;4472;4312;160;595;9;6224;4312;604;6256;10.357615894039736;23;5810;604;9.619205298013245;23;3;13;3;6;8;7;62.575996642045155;183.02871214682324;183.02871214682324;183.02871214682324;175.53290641285068;156.43354716642673;0.000189834;65.8108304931701;156.43354716642673;156.43354716642673;0;0;True;optimal;True;False;False;False;3.451766833;3.451766833;3.451396917;3.451396917;0.0017756002227366256;3.218543046357616;0.006995200188250955;477;443;34;396;0;47;0;7;27;29393;0;0;0;1196;feb2b930316b9d51d6b5d943c67def23f98c813ffaa77a1eb26e60236e1ee3b4;3.9125e-05;0.000155833;4.5625e-05;3.4144429960000005;0.02316985299999996;0.2608534350000001;0.25995774700000024;2.653735828999998;0;0;0.000241458;0.02901912499999997;7.5666e-05;0.02889933399999997;4.4125e-05;0.007813128999999419
progressive_10s;10.0;10000000;free_order_v1;unordered-final-consolidated;378;0;39;446;8;14;153.83711172929117;369;369;0;0;0;79;189;370;1846;288;1477;1;1559;1478;81;173;15;1773;1477;188;1846;9.819148936170214;23;1861;189;9.846560846560847;23;5;23;3;5;3;2;59.536570251865456;167.24734679117122;167.24734679117122;167.24734679117122;149.80192249461675;149.443856523938;0.000185417;64.4020838631275;149.443856523938;149.443856523938;0;0;True;optimal;True;False;False;False;0.518441083;0.518441083;0.518157208;0.518157208;0.0014049893848238483;1.9523809523809523;0.0859225888161336;60;42;18;38;0;4;0;6;12;7417;0;0;0;120;c4aa9dd94b306456a95b444e545a8d2444cfbb7bec4c4253469c0d52a64721f1;4.0708000000000004e-05;0.000149666;4.2583e-05;0.5087593320000002;0.004823745;0.03801563099999997;0.04742241600000002;0.3718192049999999;0;0;0.000445458;0.007419068999999991;7.0376e-05;0.007307609999999991;4.1083e-05;0.001644807999999759
progressive_10s;10.0;10000000;free_order_v1;unordered-final-consolidated;379;0;40;444;9;14;159.15903982417854;567;567;0;0;0;33;229;568;1935;531;1368;1;1405;1369;36;224;4;1914;1368;228;1935;8.486842105263158;22;1783;229;7.786026200873362;22;4;21;4;7;4;3;60.6013489301945;177.00846315896337;177.00846315896337;177.00846315896337;164.1562458455206;156.89275171576247;0.000191291;65.7635867524757;156.89275171576247;156.89275171576247;0;0;True;optimal;True;False;False;False;0.385524959;0.385524959;0.385223875;0.385223875;0.0006799381992945326;2.475982532751092;0.0852624434103111;23;14;9;2;0;12;0;6;3;9953;0;0;0;304;e2fa9671e69a2580a81fcc6d0037cef55003ebafbd20cbdb41e2bdf52b33e3e9;4.0542000000000006e-05;0.000158666;4.3042e-05;0.3737764250000003;0.003888711000000003;0.06641891500000002;0.06549220700000004;0.185017873;0;0;0.00032870800000000004;0.009254577000000002;7.729199999999999e-05;0.009135827000000003;4.1458e-05;0.0019829149999996895
progressive_10s;10.0;10000000;free_order_v1;unordered-final-consolidated;380;0;40;442;9;15;159.15903982417854;526;526;0;0;0;29;236;527;2210;492;1684;0;1718;1684;34;224;12;2173;1684;236;2210;9.364406779661017;23;2199;236;9.317796610169491;22;3;10;2;5;6;5;60.35447510080673;187.39887547296158;187.39887547296158;187.39887547296158;181.25786621933028;160.4520798307996;0.000242208;67.79357669650753;160.4520798307996;160.4520798307996;0;0;True;optimal;True;False;False;False;0.699131;0.699131;0.69875775;0.69875775;0.0013291463878326996;2.2288135593220337;0.038905584218122215;49;22;27;21;0;1;0;25;2;10727;0;0;0;261;4e8b7ee2996a3407e8ce6328b9bb431bae54ab4521f18b80e4396d4bdac9f8f3;4.0042e-05;0.000208125;5.6792e-05;0.6835267849999997;0.005113838;0.075281581;0.10185558400000001;0.43373408399999985;0;0;0.000272001;0.012661599;0.00012524999999999998;0.012481057;5.5292e-05;0.002477907000000206
progressive_10s;10.0;10000000;free_order_v1;unordered-final-consolidated;381;0;40;464;8;15;159.15903982417854;1798;1798;0;0;0;97;585;1799;5553;1699;3755;1;3855;3756;99;584;0;5553;3755;584;5553;9.508561643835616;22;4991;585;8.531623931623932;22;0;0;;0;3;2;63.25566980116219;189.983305261431;189.983305261431;189.983305261431;170.95398337264416;163.493073186406;0.000220958;66.70461664296359;163.49307318640598;163.493073186406;2.842170943040401e-14;1.7384045009661727e-16;True;optimal;True;False;False;False;0.994323333;0.994323333;0.993923917;0.993923917;0.0005530163142380423;3.0735042735042737;0.0;66;27;39;19;0;8;0;33;6;33709;0;0;0;1115;a1a662a11bc294c6553a4b098ef06927e2056e97dc5146ef8d568c204f9539b3;4e-05;0.000186458;5.5916e-05;0.9588507660000006;0.017424159999999987;0.1861151359999996;0.19935859999999989;0.38005504599999995;0;0;0;0.029323197000000047;8.8417e-05;0.029180447000000047;5.4333e-05;0.005892703999999367
progressive_10s;10.0;10000000;free_order_v1;unordered-final-consolidated;382;0;39;430;7;15;153.83711172929117;418;418;0;0;0;28;174;419;1477;387;1059;0;1090;1059;31;170;4;1461;1059;174;1477;8.488505747126437;21;1367;174;7.85632183908046;21;3;13;3;6;4;3;61.78370455300157;157.2644484609571;157.2644484609571;157.2644484609571;153.19410989029205;147.60308220874802;0.000195042;60.71349554356517;147.603082208748;147.60308220874802;2.842170943040401e-14;1.9255498601450974e-16;True;optimal;True;False;False;False;0.216763791;0.216763791;0.216466125;0.216466125;0.0005185736626794259;2.4022988505747125;0.1294805736258783;14;3;11;3;0;0;0;7;4;6947;0;0;0;215;3e8f4d87fc6199afe6516e0c36d8ef06ecd3deeb2d677d2ad7b3dd9a2785e4b7;3.8624e-05;0.00016175;4.325e-05;0.20793716799999992;0.0018712089999999998;0.03752146099999999;0.04358316499999998;0.08950862499999997;0;0;0.000280667;0.006973596999999992;7.929200000000001e-05;0.006852471999999992;4.1833e-05;0.0013958180000000946
progressive_10s;10.0;10000000;free_order_v1;unordered-final-consolidated;383;0;39;427;5;15;153.83711172929117;2112;2112;0;0;0;75;761;2113;7943;2032;5831;2;5913;5833;80;755;4;7930;5831;759;7943;10.465085638998682;23;7296;761;9.587385019710906;22;3;10;3;4;6;5;62.920856259035645;181.53764631100515;181.53764631100515;181.53764631100515;174.20767697569076;165.65126674080116;0.0001855;65.3400506519505;165.65126674080116;165.65126674080116;0;0;True;optimal;True;False;False;False;1.280463333;1.280463333;1.280085708;1.280085708;0.0006062799872159091;2.7752956636005255;0.014353476219377225;98;38;60;14;0;24;0;20;40;41746;0;0;0;1273;32c1e9ec725c70a1c8e5319b72c97258cdb14036770d7c80f11b21ec7a828881;3.8917e-05;0.000151291;5.5208e-05;1.2403192239999983;0.013357198000000011;0.22917854399999998;0.2542657780000001;0.526432657;0;0;0.000183791;0.03169131899999993;7.345899999999999e-05;0.03156385999999994;5.4e-05;0.008018833000001883
progressive_10s;10.0;10000000;free_order_v1;unordered-final-consolidated;384;0;48;544;8;15;202.94957202970025;3888;3888;0;0;0;247;2892;3889;32552;3638;28664;0;28914;28664;250;2843;49;32383;28664;2892;32552;11.255878284923929;29;30565;2892;10.56881051175657;29;8;32;3;5;4;3;64.08189574688643;198.98404056852902;198.98404056852902;198.98404056852902;168.65994521691664;164.3018550843607;0.000257417;67.79545959374718;164.3018550843607;164.3018550843607;0;0;True;optimal;True;False;False;False;5.064944167;5.064944167;5.064436958;5.064436958;0.0013027119771090536;1.3443983402489628;0.012381676467155416;357;282;75;277;0;5;0;17;58;75040;0;0;0;1444;64bcbf64ecad9cead98d26a157fce6028640d09b9085dec68fce3b5622c9dc2b;4.7875e-05;0.000216584;9.4792e-05;4.884137142000004;0.01837837799999998;0.4137599609999998;0.4891974070000006;3.5160378400000023;0;0;0.000627125;0.15540508699999947;0.000108291;0.15520392099999947;9.2875e-05;0.024468769999996753
progressive_10s;10.0;10000000;free_order_v1;unordered-final-consolidated;385;0;50;540;7;15;214.20813806359016;1786;1786;0;0;0;36;468;1787;5393;1745;3607;1;3649;3608;41;456;11;5353;3607;467;5393;11.548179871520343;34;5193;468;11.096153846153847;33;3;12;3;5;6;5;63.198005539193574;186.8149296732337;186.8149296732337;186.8149296732337;182.5855566982108;165.99493870134182;0.000254291;66.17079499495249;165.99493870134182;165.99493870134182;0;0;True;optimal;True;False;False;False;2.891459291;2.891459291;2.890956;2.890956;0.0016189581696528556;3.8162393162393164;0.00531309572568352;220;56;164;44;0;12;0;26;138;34535;0;0;0;1279;05d2fc2f72684d914fad4c362f54d972919a1a1fdb8dc04061c791b6d9c1d445;4.2333e-05;0.000217708;8.0334e-05;2.8572443459999954;0.016696871000000005;0.19732079799999994;0.2494439699999998;2.193703867999998;0;0;0.000153626;0.026415874999999978;0.000107167;0.02623037499999998;7.8333e-05;0.007327653000004666
progressive_10s;10.0;10000000;free_order_v1;unordered-final-consolidated;386;0;48;514;8;14;202.94957202970025;5534;5534;0;0;0;402;2608;5535;33257;5128;27723;0;28129;27723;406;2598;10;33224;27723;2608;33257;12.75191717791411;28;30875;2608;11.838573619631902;27;6;21;2;5;5;4;63.7341726759404;200.3466889985362;200.3466889985362;200.3466889985362;172.11832125788462;167.6704548943091;0.000263042;68.18805791374668;167.6704548943091;167.6704548943091;0;0;True;optimal;True;False;False;False;7.063617375;7.063617375;7.063030666;7.063030666;0.0012764035733646548;2.121932515337423;0.00557317843111512;465;85;380;44;0;41;0;145;235;129842;0;0;0;2524;8d4050549f4b40004de60ce63794d5d2a3c82d680b32f2d2f06091a6ca6b4296;4.4292e-05;0.000225042;6.9792e-05;6.892377711000006;0.05408563200000004;0.8525544949999987;0.9445439449999986;4.337224257000002;0;0;0.000393668;0.13997223300000006;0.00011250100000000001;0.13979181500000007;6.7917e-05;0.03046747199999414
progressive_10s;10.0;10000000;free_order_v1;unordered-final-consolidated;387;0;47;518;7;15;197.36460952897912;757;757;0;0;0;50;549;758;5185;705;4428;1;4481;4429;52;543;5;5157;4428;548;5185;9.461678832116789;21;4737;549;8.628415300546449;21;3;16;3;7;3;2;65.32077293281611;203.84579697059584;203.84579697059584;203.84579697059584;165.90505403773446;164.63656478517788;0.00024375;67.95579114037928;164.63656478517788;164.63656478517788;0;0;True;optimal;True;False;False;False;1.057950625;1.057950625;1.057571167;1.057571167;0.0013975569682959047;1.378870673952641;0.021440887186961112;91;6;85;0;0;6;0;46;39;13431;0;0;0;356;08942de8cc0436951befdad0b93d471b63b3de141077709c43429214603b1c19;4.2418e-05;0.000205833;6.225e-05;1.028462722;0.006697689999999992;0.09298591799999992;0.109309169;0.7415792949999996;0;0;0.00022683399999999998;0.024587115000000014;0.00010158299999999999;0.024425115000000015;6.0417e-05;0.0044564960000000806
progressive_60s;60.0;10000000;free_order_v1;unordered-final-consolidated;388;0;50;581;8;15;214.20813806359016;17916;17916;0;0;0;1137;6982;17917;79437;16771;61521;0;62666;61521;1145;6966;16;79364;61521;6982;79437;11.37739902606703;26;72757;6982;10.42065310799198;25;6;27;3;6;9;8;64.40606990481189;190.11541615526014;190.11541615526014;190.11541615526014;184.4048429459602;169.2500731537698;0.00051325;66.12264738583121;169.25007315215964;169.2500731537698;1.6101466826512478e-09;9.513417942149848e-12;True;optimal;True;False;False;False;20.0040255;20.0040255;20.002727208;20.002727208;0.0011165452947086403;2.5660269263821256;0.002309750105047606;1890;1823;67;1726;0;97;0;48;19;344066;0;0;0;9794;1c363fd32d1c85cd77eab9cd804bbca988c96f71409d9a2364d39b824962fdcf;5.6084e-05;0.000464916;7.4167e-05;19.474820835000028;0.1420932029999994;2.619253255999988;2.7076570549999937;11.688918800000012;0;0;0.000462043;0.43921843700000324;0.000343125;0.43880306200000324;7.225e-05;0.0886412679999688
progressive_10s;10.0;10000000;free_order_v1;unordered-final-consolidated;389;0;49;532;7;15;208.56428187381547;2308;2308;0;0;0;352;1712;2309;21794;1950;19486;0;19844;19486;358;1697;15;21732;19486;1712;21794;12.730140186915888;31;20463;1712;11.95268691588785;31;5;21;4;5;7;6;63.757245387055114;184.5109722402404;184.5109722402404;184.5109722402404;167.33914136940768;166.8788582532089;0.000248125;65.44528240627298;166.8788582532089;166.8788582532089;0;0;True;optimal;True;False;False;False;2.07065;2.07065;2.070237;2.070237;0.0008971620450606586;1.3481308411214954;0.011880375727428583;99;74;25;56;0;18;0;19;6;57441;0;0;0;711;733d5053ae909de66d314515c3b64371d9b848220d92863909df7b410f4966bf;4.3125000000000005e-05;0.000210542;6.9208e-05;1.9672072249999981;0.032098564999999975;0.4982375059999993;0.46746784700000066;0.6316403389999999;0;0;0.000246001;0.08708897900000005;0.000107875;0.08691356200000006;6.7542e-05;0.015870212000001938
progressive_60s;60.0;10000000;free_order_v1;unordered-final-consolidated;390;0;50;558;7;15;214.20813806359016;8939;8939;0;0;0;987;3345;8940;42362;7941;33423;1;34422;33424;998;3185;159;41734;33423;3344;42362;12.668062200956937;32;41963;3345;12.544992526158445;32;9;36;3;6;12;11;63.235556041038244;179.072611033684;179.072611033684;179.072611033684;174.50568145610836;161.68253410652244;0.000284833;64.68719829569947;161.68253410652244;161.68253410652244;0;0;True;optimal;True;False;False;False;20.310756791;20.310756791;20.310002333;20.310002333;0.002272150888354402;2.6723467862481316;0.003325213368215158;1587;340;1247;128;0;212;0;715;532;190853;0;0;0;4836;ac03aba07381ce72e62615cf8dc663b772b0d61fa70a8a04423c429bb4df0ec3;4.8291e-05;0.000244917;8.1667e-05;20.039345675000014;0.13217456199999988;1.2938633229999952;1.6941683829999998;15.699862704000012;0;0;0.000675376;0.22109132900000067;0.000121709;0.22088991200000066;7.9708e-05;0.049091369999985174
progressive_10s;10.0;10000000;free_order_v1;unordered-final-consolidated;391;0;48;539;8;14;202.94957202970025;14833;14833;0;0;0;444;5512;14834;65863;14384;51030;1;51480;51031;449;5476;35;65713;51030;5511;65863;11.951188532026855;27;60937;5512;11.05533381712627;27;8;30;3;5;6;5;60.2468210312762;215.43481696480413;215.43481696480413;215.43481696480413;183.76603116736524;178.46601016390827;0.000224542;72.03477976305065;178.4660101639082;178.46601016390827;5.684341886080802e-14;3.1851117649014174e-16;True;optimal;True;False;False;False;6.481417334;6.481417334;6.480475208;6.480475208;0.00043695930250117976;2.6910377358490565;0.008712106795498012;89;59;30;37;0;22;0;12;18;352395;0;0;0;8887;b46a8fc40e38ea1316e18128e1ed60a5c018da9a3958ff0eacdb993394439e61;3.9917e-05;0.000191833;7.1375e-05;6.1201537030000095;0.0642489259999997;1.8705872319999952;1.8905337129999962;0.603701465;0;0;0.000564668;0.2963968710000006;8.3958e-05;0.29624320400000065;6.9709e-05;0.06351363299998952
progressive_10s;10.0;10000000;free_order_v1;unordered-final-consolidated;392;0;46;488;8;14;191.81002067730142;2023;2023;0;0;0;84;558;2024;5785;1936;3762;0;3849;3762;87;548;10;5750;3762;558;5785;10.367383512544803;26;5451;558;9.768817204301076;26;3;11;3;4;4;3;58.96156705027992;169.1386181333624;169.1386181333624;169.1386181333624;167.04037695632812;151.78443568563708;0.000232416;65.14009177739061;151.78443568563708;151.78443568563708;0;0;True;optimal;True;False;False;False;1.62326675;1.62326675;1.622809709;1.622809709;0.0008024057093425606;3.6254480286738353;0.012041027760840909;52;27;25;21;0;6;0;12;13;40853;0;0;0;1385;832f38f09cb3bee076eb5dac00f70905f0f4093b003bd094ea9762f7dbcc1748;5.1209e-05;0.000193209;6.7125e-05;1.5825742459999992;0.016222582000000013;0.35249294300000017;0.38216876400000005;0.6214519160000002;0;0;0.000195458;0.03315114700000004;9.7042e-05;0.03298856300000004;6.5542e-05;0.007051442000000761
progressive_10s;10.0;10000000;free_order_v1;unordered-final-consolidated;393;0;49;526;8;15;208.56428187381547;2545;2545;0;0;0;140;1530;2546;18296;2400;15751;1;15897;15752;145;1513;16;18228;15751;1529;18296;11.965990843688685;31;17195;1530;11.238562091503267;31;5;22;3;6;6;5;61.29217708493484;194.3085770869083;194.3085770869083;194.3085770869083;183.18225473850583;168.13396429204573;0.000254875;68.45626785814981;168.13396429204568;168.13396429204573;5.684341886080802e-14;3.3808409324169626e-16;True;optimal;True;False;False;False;5.434746334;5.434746334;5.434243125;5.434243125;0.0021354602491159133;1.6633986928104576;0.007206684101330129;422;132;290;117;0;15;0;204;86;54181;0;0;0;901;476553bc35c04b31f57134eab1c9c2dee201270b007c4db0a5c5972c7b5daa38;4.3668e-05;0.000216875;8.425e-05;5.334057839000007;0.023635529999999974;0.29261307299999995;0.3542978020000006;4.372427752;0;0;0.00039166499999999997;0.0849056329999999;0.000109084;0.0847140899999999;8.2459e-05;0.015079530999993318
progressive_60s;60.0;10000000;free_order_v1;unordered-final-consolidated;394;0;49;540;8;15;208.56428187381547;18121;18121;0;0;0;2193;10322;18122;137127;15919;119006;0;121208;119006;2202;10179;143;136653;119006;10322;137127;13.284925402053865;30;130067;10322;12.600949428405348;30;6;24;3;6;10;9;62.93932946439256;221.73997787893873;221.73997787893873;221.73997787893873;211.84454310624474;174.03911376649174;0.000257208;71.61570499535499;174.03911376649174;174.03911376649174;0;0;True;optimal;True;False;False;False;32.234222333;32.234222333;32.233382292;32.233382292;0.0017788324227691627;1.755570625847704;0.0012749120973186284;2934;1989;945;1470;0;519;0;543;402;395189;0;0;0;6762;7ac778454355f031c5316c7b35e5872413315e2eb43fef6598e7b6a8168d73b3;4.2958000000000004e-05;0.000221166;7.7459e-05;31.506223040999945;0.20715921100000004;2.7851446079999893;3.164376564999987;22.69146587799997;0;0;0.000410958;0.5989932189999906;0.000101709;0.5988157599999906;7.575e-05;0.12793253300006602
progressive_10s;10.0;10000000;free_order_v1;unordered-final-consolidated;395;0;49;541;9;14;208.56428187381547;1490;1490;0;0;0;61;646;1491;6903;1422;5413;2;5483;5415;68;637;7;6872;5413;644;6903;10.718944099378882;29;6474;646;10.021671826625386;28;4;19;4;6;8;7;63.28202747680933;191.46028653088496;191.46028653088496;191.46028653088496;185.91820900556144;166.42892567631026;0.000258375;66.94770042214414;166.42892567631026;166.42892567631026;0;0;True;optimal;True;False;False;False;1.611177208;1.611177208;1.6107075;1.6107075;0.0010813269852348994;2.306501547987616;0.02340679834145221;72;14;58;7;0;7;0;46;12;30472;0;0;0;973;edf37608e38e1cd63fa1e95b8917f39c6dce42861b195d7644be5e2ec839295a;4.2958e-05;0.000221917;7.6916e-05;1.5707135599999988;0.013416148999999988;0.16221330399999995;0.18505539600000045;1.0480364160000002;0;0;0.000377125;0.03305902800000008;0.00011029200000000001;0.03287361100000008;7.5125e-05;0.0067432040000010365
progressive_10s;10.0;10000000;free_order_v1;unordered-final-consolidated;396;0;49;559;8;15;208.56428187381547;6903;6903;0;0;0;230;2079;6904;24811;6664;17908;0;18147;17908;239;2045;34;24710;17908;2079;24811;11.934102934102935;30;23526;2079;11.316017316017316;30;10;41;2;7;10;9;63.87083028182357;198.81633233539205;198.81633233539205;198.81633233539205;189.3060793476305;172.56715578838683;0.000269917;67.87445501505528;172.5671557883868;172.56715578838683;2.842170943040401e-14;1.6469941397919644e-16;True;optimal;True;False;False;False;8.081313959;8.081313959;8.080598958;8.080598958;0.001170695923366652;3.3203463203463204;0.009450294888611195;355;81;274;55;0;26;0;185;89;151196;0;0;0;4610;7b2070c467696e881fc22a61447518f78b01f14188d9d5ef29942f92fc664d30;4.4042e-05;0.000232917;7.8417e-05;7.944954123999999;0.06171673899999999;1.138712818999994;1.162819592999999;4.7170368599999986;0;0;0.0007637079999999999;0.10658618699999982;0.000114167;0.10639535299999982;7.6667e-05;0.028485773000000894
progressive_10s;10.0;10000000;free_order_v1;unordered-final-consolidated;397;0;48;550;7;15;202.94957202970025;4019;4019;0;0;0;177;1170;4020;13425;3834;9406;0;9591;9406;185;1158;12;13369;9406;1170;13425;11.474358974358974;31;12540;1170;10.717948717948717;31;4;18;4;5;9;8;63.37239548436227;188.7426307457664;188.7426307457664;188.7426307457664;186.28032806272483;164.51822624348307;0.000266083;66.42391004408327;164.51822624348307;164.51822624348307;0;0;True;optimal;True;False;False;False;5.28256825;5.28256825;5.281985291;5.281985291;0.0013143986688230903;3.435042735042735;0.0072573600918454766;535;283;252;243;0;40;0;219;33;79768;0;0;0;2667;9ab5745f0605476734f8f34d770788c15f24fbeabd23f3090ebb6faed1ba24a0;4.4417e-05;0.0002265;7.1708e-05;5.200970849999989;0.04534162500000001;0.4050853829999994;0.5109972639999993;3.771927527999996;0;0;0.000383375;0.06446444700000176;0.000122584;0.06427186300000176;7e-05;0.016359203000008662
progressive_10s;10.0;10000000;free_order_v1;unordered-final-consolidated;398;0;49;551;7;15;208.56428187381547;6843;6843;0;0;0;304;2418;6844;28612;6529;21769;3;22086;21772;314;2396;19;28534;21769;2415;28612;11.847619047619048;33;26798;2418;11.082712985938793;33;6;26;3;6;11;10;64.36647114189162;186.6591767448094;186.6591767448094;186.6591767448094;177.5075248872214;158.8740871062292;0.000272959;65.51657825541037;158.87408710622918;158.8740871062292;2.842170943040401e-14;1.7889455699216813e-16;True;optimal;True;False;False;False;6.412302916;6.412302916;6.411610458;6.411610458;0.0009370601952360076;2.8300248138957818;0.00721726665228552;396;107;289;87;0;20;0;82;207;146675;0;0;0;4147;2283f4fca73bf184ad5215722aa01d19a2d9e1914f3869b46769325b4cdcaca0;4.5083e-05;0.000233875;8.6e-05;6.243225323000018;0.05991490399999975;0.8991544990000025;0.9508797180000037;3.5375179119999975;0;0;0.00046279299999999997;0.13726630700000034;0.000112917;0.13706934900000034;8.4041e-05;0.030852992999982204
progressive_10s;10.0;10000000;free_order_v1;unordered-final-consolidated;399;0;50;549;8;15;214.20813806359016;1870;1870;0;0;0;74;741;1871;7387;1792;5517;2;5597;5519;78;723;16;7321;5517;739;7387;9.99594046008119;26;7032;741;9.489878542510121;26;4;17;3;6;5;4;63.9928635241139;188.62795909742863;188.62795909742863;188.62795909742863;171.81035441583654;157.63015814499886;0.000258875;66.07456082846086;157.6301581449988;157.63015814499886;5.684341886080802e-14;3.6061258536909923e-16;True;optimal;True;False;False;False;1.719569458;1.719569458;1.719097917;1.719097917;0.0009195558598930481;2.52361673414305;0.017889710623134363;88;34;54;32;0;2;0;47;7;36388;0;0;0;1056;6807ddd9aca1525a530c46db894e5a09464dbc4380ac077ef20b9769bf3194ae;5.2125e-05;0.000214708;7.4667e-05;1.6733443539999997;0.012827334000000004;0.23936545200000023;0.23875046699999997;0.9990104589999999;0;0;0.00030762599999999997;0.03857859699999997;0.000107083;0.03839859799999997;7.2916e-05;0.0070473390000003605
progressive_10s;10.0;10000000;free_order_v1;unordered-final-consolidated;400;0;50;558;9;14;214.20813806359016;1443;1443;0;0;0;87;642;1444;6664;1351;5221;2;5315;5223;92;627;13;6614;5221;640;6664;10.4125;32;6337;642;9.870716510903426;32;4;14;3;4;6;5;62.936466992242785;181.35039427361818;181.35039427361818;181.35039427361818;177.93919780385804;166.34085859810276;0.000263291;65.29565472171768;166.34085859810273;166.34085859810276;2.842170943040401e-14;1.7086427032984052e-16;True;optimal;True;False;False;False;1.999122542;1.999122542;1.998675417;1.998675417;0.001385393306999307;2.2476635514018692;0.013330948673780697;140;22;118;16;0;6;0;17;101;27275;0;0;0;798;e734d206c5fd79f6045b521c3fed46c0ee3a351a751a311e28033bac439836a6;4.2708000000000005e-05;0.000227;6.7666e-05;1.9551771500000001;0.013747864999999974;0.17091921999999996;0.2040750360000001;1.4074574969999996;0;0;0.00026650199999999995;0.03641911099999997;0.000112625;0.03624069399999997;6.5792e-05;0.006991070999999953
progressive_10s;10.0;10000000;free_order_v1;unordered-final-consolidated;401;0;48;536;8;14;202.94957202970025;2761;2761;0;0;0;94;1169;2762;13223;2651;10462;0;10572;10462;110;1156;13;13165;10462;1169;13223;11.311377245508982;26;12320;1169;10.538922155688622;26;8;36;3;6;17;16;61.152202971086126;189.42882225351912;189.42882225351912;189.42882225351912;183.36552189959596;158.13903652174858;0.00025575;67.7175826552709;158.13903652174855;158.13903652174858;2.842170943040401e-14;1.7972608190574894e-16;True;optimal;True;False;False;False;1.471824291;1.471824291;1.4710455;1.4710455;0.0005330765269829772;2.3618477331052183;0.05307182418285009;44;7;37;5;0;2;0;18;19;60968;0;0;0;1746;a979a1953be49f740052cd1734e349a747a7a1485b74ded1e2456530e1bf4187;4.3999e-05;0.000218959;7.7291e-05;1.3891656310000031;0.015601969999999986;0.3296165610000006;0.337710147;0.4128888740000001;0;0;0.0007811239999999999;0.06797254699999983;0.000116459;0.06778062899999983;7.5459e-05;0.013318115999997063
progressive_10s;10.0;10000000;free_order_v1;unordered-final-consolidated;402;0;50;558;8;15;214.20813806359016;4085;4085;0;0;0;573;1819;4086;19889;3505;15804;1;16385;15805;580;1716;102;19511;15804;1818;19889;10.94004400440044;24;19520;1819;10.731170973062122;24;5;17;3;4;8;7;60.385091662676;175.61473460145262;175.61473460145262;175.61473460145262;168.32976462322554;160.24666072891202;0.000262958;65.6150198332068;160.2466607274628;160.24666072891202;1.4492229638563003e-09;9.04370148659721e-12;True;optimal;True;False;False;False;8.803028666;8.803028666;8.802531167;8.802531167;0.002154964177723378;2.245739417262232;0.004241915074549867;660;103;557;47;0;56;0;142;415;77617;0;0;0;1845;cd8a46aec7d0f69892a549cfba2e93ebfeb17591c4a3e200aa0c4c01f2bcc875;4.4124e-05;0.000225584;6.4583e-05;8.682144714000009;0.045405429000000004;0.7123872670000011;0.8171827919999977;6.577281042000006;0;0;0.0003734170000000001;0.09847133199999977;0.000113751;0.09829470599999977;6.2875e-05;0.021718329999991404
progressive_60s;60.0;10000000;free_order_v1;unordered-final-consolidated;403;0;49;555;8;15;208.56428187381547;6380;6380;0;0;0;701;3377;6381;42158;5673;35778;1;36486;35779;707;3270;106;41781;35778;3376;42158;12.487559241706162;32;41094;3377;12.16878886585727;32;11;44;3;5;7;6;63.4365065363656;191.14619661911541;191.14619661911541;191.14619661911541;186.30727860519622;173.29343285592427;0.000276125;66.81257191699639;173.29343285408464;173.29343285592427;1.8396235645923298e-09;1.0615656544364195e-11;True;optimal;True;False;False;False;28.669201208;28.669201208;28.668587125;28.668587125;0.004493605205015674;1.8892508143322475;0.0035200422665365248;2688;2408;280;2351;0;57;0;141;139;77594;0;0;0;2314;b6a53742ed52cb65fe5c4cdf262fc8dc09ff1c02e8eec28a8b5082a416f82dc8;4.9958e-05;0.000231458;6.5667e-05;28.41312212199999;0.07436537899999987;0.44492443800000064;0.5602959480000004;26.287075865999974;0;0;0.001009168;0.2109288560000007;0.000109251;0.2107559390000007;6.3666e-05;0.04369989600000759
progressive_60s;60.0;10000000;free_order_v1;unordered-final-consolidated;404;0;60;686;8;15;272.1329303702744;26758;26758;0;0;0;3142;11686;26759;160143;23605;133385;5;136543;133390;3153;11629;52;159960;133385;11681;160143;13.70969951202808;33;149787;11686;12.817645045353414;33;10;47;3;6;12;11;64.09820357427151;205.87389449958573;205.87389449958573;205.87389449958573;196.24158301787548;180.77448610748618;0.000360792;68.86530770204064;180.77448610748618;180.77448610748618;0;0;True;optimal;True;False;False;False;55.713111542;55.713111542;55.711619834;55.711619834;0.002082110454518275;2.2897484169091222;0.0018661065074712894;4748;2244;2504;2114;0;130;0;1942;562;589807;0;0;0;12642;c5d4fbe1ef398525060caa95fa17dfc61a102a535af3b1b02f02b25a94ac7496;5.4917e-05;0.0003125;0.000101834;54.71560411199992;0.32470100699999893;5.923283810999983;5.647893659000033;38.589644032999914;0;0;0.001039666;0.8272128300000089;0.00015825;0.8269550380000089;9.9542e-05;0.16802101800006486
progressive_10s;10.0;10000000;free_order_v1;unordered-final-consolidated;405;0;59;668;8;15;266.2260397746658;7833;7833;0;0;0;335;3996;7834;48261;7492;40428;2;40771;40430;341;3971;23;48155;40428;3994;48261;12.083375062593891;31;44775;3996;11.204954954954955;30;7;30;3;6;7;6;65.24387440107303;209.63395423529573;209.63395423529573;209.63395423529573;187.2567082475956;180.61036121344492;0.000347125;68.87723907175719;180.61036121344492;180.61036121344492;0;0;True;optimal;True;False;False;False;5.196603125;5.196603125;5.195876208;5.195876208;0.0006634243744414656;1.9602102102102101;0.012035111878973822;247;102;145;49;0;53;0;52;93;174687;0;0;0;4363;e71e3ba9e444d474a25257e2f3ea49a3df31853196511de6c6634e7ddd50e264;5.4916e-05;0.000299541;7.3833e-05;4.904836650000002;0.039789135999999906;0.7945321260000002;0.9625371089999977;2.234575655999998;0;0;0.000625417;0.24949112100000165;0.000152959;0.24926662000000163;7.1542e-05;0.04114752099999616
progressive_60s;60.0;10000000;free_order_v1;unordered-final-consolidated;406;0;60;669;8;14;272.1329303702744;7645;7645;0;0;0;412;2489;7646;34353;7223;26708;2;27132;26710;422;2483;4;34334;26708;2487;34353;13.813027744270205;33;32029;2489;12.868220168742466;32;4;19;3;6;11;10;63.97463574175117;184.4730143798534;184.4730143798534;184.4730143798534;180.260176700355;164.67815401074412;0.00034175;65.32032831099119;164.6781540086969;164.67815401074412;2.0472157302720007e-09;1.2431616947433317e-11;True;optimal;True;False;False;False;12.845603833;12.845603833;12.844613167;12.844613167;0.001680262110268149;3.0715146645239053;0.00305746623596655;1098;838;260;582;0;256;0;139;121;171274;0;0;0;4772;e0584c6ab5b7aef604ef3502383b9c5c77069f2fffb7765198b17d8a5f7ac002;5.5666e-05;0.000293667;0.00010725;12.622634599000017;0.10988820800000003;1.1246147670000013;1.4665962970000015;8.832170855999989;0;0;0.00039275;0.1812573970000008;0.000152417;0.1810001050000008;0.000104875;0.04058571299998226
progressive_10s;10.0;10000000;free_order_v1;unordered-final-consolidated;407;0;58;638;8;15;260.34339672530405;4186;4186;0;0;0;199;1950;4187;22907;3975;18721;1;18933;18722;211;1935;14;22868;18721;1949;22907;11.753206772703951;26;21242;1950;10.893333333333333;26;3;9;2;4;13;12;64.90788420903766;213.87490822018074;213.87490822018074;213.87490822018074;212.68243973678594;178.15864085958967;0.000334625;69.6514730273006;178.15864085958967;178.15864085958967;0;0;True;optimal;True;False;False;False;4.739312083;4.739312083;4.738689958;4.738689958;0.0011321815774008599;2.1466666666666665;0.005054362232426972;348;148;200;27;0;121;0;99;101;91187;0;0;0;2043;238c7500e54f8b001d72f4a623a67bea72e9f7e71d1efdd64635ae8265b666c1;4.9833e-05;0.00029125;7.3875e-05;4.607359479999994;0.029431746;0.5029489760000005;0.5989581910000007;3.0130345019999987;0;0;0.00023954200000000003;0.10983774199999871;0.000146833;0.10961911799999871;7.1791e-05;0.021471818000007248
progressive_60s;60.0;10000000;free_order_v1;unordered-final-consolidated;408;0;56;620;8;14;248.65252571601172;6683;6683;0;0;0;425;2753;6684;31041;6250;24358;0;24791;24358;433;2719;34;30892;24358;2753;31041;11.275335997094079;37;29085;2753;10.56483835815474;37;11;47;2;5;9;8;63.68431153784078;203.5868558631118;203.5868558631118;203.5868558631118;184.52003415309284;174.50923301965022;0.000324166;68.71884912812791;174.50923301965022;174.50923301965022;0;0;True;optimal;True;False;False;False;12.040786459;12.040786459;12.040046042;12.040046042;0.0018017037945533443;2.427533599709408;0.008322421491421617;727;116;611;99;0;17;0;373;238;133916;0;0;0;3510;ae118552236f191a0d8034db6461bdf3d63da589712ebd436fbface4b548059b;4.8292e-05;0.000282416;8.0042e-05;11.845527050999959;0.06266747799999967;1.1071717410000015;1.2001714790000004;8.692488992999996;0;0;0.0010020849999999998;0.16073645599999878;0.000138709;0.1605198719999988;7.7875e-05;0.03299703400004278
progressive_10s;10.0;10000000;free_order_v1;unordered-final-consolidated;409;0;58;663;9;15;260.34339672530405;6135;6135;0;0;0;823;5205;6136;62500;5309;56365;0;57191;56365;826;5200;5;62478;56365;5205;62500;12.007684918347742;30;57407;5205;11.029202689721421;30;4;17;3;5;4;3;61.42002238799493;186.03616305496635;186.03616305496635;186.03616305496635;169.4089319151083;168.92326137052248;0.000316208;66.98490154849746;168.92326137052245;168.92326137052248;2.842170943040401e-14;1.682521945160814e-16;True;optimal;True;False;False;False;4.827708459;4.827708459;4.827195167;4.827195167;0.0007869125442542788;1.1786743515850144;0.008356262674643004;215;75;140;24;0;51;0;54;86;136188;0;0;0;2225;542d098b7a956a426dbe4610ce363bd17392d376fa79bcf65c488d9551e6357a;5.2208e-05;0.000271667;9.1833e-05;4.490747755000002;0.06781226600000004;0.8795543749999974;0.8885609320000009;1.8571524619999997;0;0;0.000403416;0.2918652950000001;0.00013566700000000001;0.29163983700000007;8.9791e-05;0.04440415899999822
progressive_60s;60.0;10000000;free_order_v1;unordered-final-consolidated;410;0;59;678;6;15;266.2260397746658;33066;33066;0;0;0;1840;16217;33067;212628;31210;179562;1;181419;179563;1856;16194;22;212477;179562;16216;212628;13.11223482979773;35;196835;16217;12.137571684035272;34;6;31;4;8;17;16;60.98060754767332;223.9239380815381;223.9239380815381;223.9239380815381;213.11635396752195;180.27864104002458;0.000354833;72.7672672827555;180.27864099844376;180.27864104002458;4.158081878813391e-08;2.3064750515232883e-10;True;optimal;True;False;False;False;30.540535084;30.540535084;30.538664041;30.538664041;0.000923623513095022;2.038971449713264;0.0023659834315691393;1628;479;1149;411;0;68;0;708;441;812889;0;0;0;15638;950d38691a3790bcba5659d7bba6cdc0d2cb818b355feeb32de863ffe4d9ec52;4.8709e-05;0.000312458;0.00010675;29.131042891000206;0.227929247999999;4.764172073000014;5.088084422999995;14.764067434000006;0;0;0.0007225840000000001;1.2189924669999896;0.000162666;1.2187252589999895;0.000104542;0.18817330699980506
progressive_600s;600.0;10000000;free_order_v1;unordered-final-consolidated;411;0;57;642;7;15;254.48541573017644;32715;32715;0;0;0;6345;25908;32716;365171;26368;332456;0;338803;332456;6347;25771;137;364480;332456;25908;365171;14.09491276825691;33;342762;25908;13.229967577582213;33;7;33;4;6;3;2;64.71495125496176;189.83014770683874;189.83014770683874;189.83014770683874;179.41021553946848;179.3891835259168;0.000346875;65.9090233892125;179.38918352591676;179.3891835259168;2.842170943040401e-14;1.5843602647479498e-16;True;optimal;True;False;False;False;102.371300167;102.371300167;102.37072275;102.37072275;0.0031291853940699985;1.2627373784159333;0.0006120270026637494;7521;1628;5893;1187;0;441;0;3103;2790;702563;0;0;0;10536;6fbcdcf1dbc4da20832d64ae79c43e50d4235409c53ea7fcdf8044551e1e0b51;4.9625e-05;0.000303458;9.1875e-05;99.63606505600069;0.6286052550000051;5.7941149760000155;7.286150500999986;80.01103818500006;0;0;0.00062654;2.3447341279999923;0.000155584;2.3444885019999924;9.0042e-05;0.3895426519993177
progressive_10s;10.0;10000000;free_order_v1;unordered-final-consolidated;412;0;59;681;7;15;266.2260397746658;5631;5631;0;0;0;645;3712;5632;44153;4980;38522;1;39174;38523;651;3640;71;43894;38522;3711;44153;11.897871193748315;32;42220;3712;11.373922413793103;32;9;43;3;8;7;6;64.7158201962352;199.10428706356976;199.10428706356976;199.10428706356976;198.7399186682475;185.54936578597554;0.000343875;67.49652096864554;185.54936578597554;185.54936578597554;0;0;True;optimal;True;False;False;False;9.599363166;9.599363166;9.59871525;9.59871525;0.0017047350676611614;1.5169719827586208;0.007782620441386059;459;208;251;119;0;89;0;175;76;119414;0;0;0;2423;c067baf70df797762f203563d04b1451aff43f12f2bde266bc06ebabae05714f;5.4167e-05;0.000295209;9.9833e-05;9.306270187000006;0.04180780500000006;0.8473430320000005;0.8723976159999994;6.861685375999991;0;0;0.000747082;0.2551719299999994;0.000147333;0.25492676399999936;9.7833e-05;0.03677121699999414
progressive_10s;10.0;10000000;free_order_v1;unordered-final-consolidated;413;0;58;657;9;15;260.34339672530405;3628;3628;0;0;0;286;2523;3629;29121;3339;25493;2;25784;25495;289;2510;11;29068;25493;2521;29121;11.551368504561681;31;26863;2523;10.64724534284582;31;4;19;4;7;4;3;64.57198520571812;184.55930034329396;184.55930034329396;184.55930034329396;171.0609189386433;163.51691835624752;0.0003365;65.01287928291369;163.51691835418134;163.51691835624752;2.06617301046208e-09;1.263583628674187e-11;True;optimal;True;False;False;False;3.374065708;3.374065708;3.373441708;3.373441708;0.0009300070859977949;1.437970669837495;0.009174124833018814;191;35;156;33;0;2;0;138;18;79603;0;0;0;1298;da7a1d32635f1453241c29f474d9e837e721e8f8862d0eb2d4be5f30228f2a64;5.3291e-05;0.000289417;0.000111083;3.1785639010000013;0.02813064500000005;0.4055570290000005;0.47975783699999924;1.8205953369999994;0;0;0.00030954100000000004;0.17155427199999917;0.00015379100000000002;0.1712912729999992;0.000109208;0.023276992999999607
progressive_60s;60.0;10000000;free_order_v1;unordered-final-consolidated;414;0;59;665;8;15;266.2260397746658;23394;23394;0;0;0;739;11169;23395;135904;22640;112510;0;113264;112510;754;11153;16;135844;112510;11169;135904;12.16796490285612;32;125170;11169;11.206911988539709;32;9;33;2;6;16;15;62.395450512130765;203.92377281215866;203.92377281215866;203.92377281215866;199.97796261954602;179.00286263358385;0.00033175;69.40256172603995;179.00286263358382;179.00286263358385;2.842170943040401e-14;1.5877796037587855e-16;True;optimal;True;False;False;False;14.806410125;14.806410125;14.805020792;14.805020792;0.000632914855304779;2.0945474080042974;0.006078178251191728;598;268;330;253;0;15;0;130;200;509863;0;0;0;14756;b78d8413def8d184c0f3dbc4ed3164cdf45bc6e17a57c2e949f0a693cf653d15;6.5625e-05;0.000272583;7.9584e-05;13.964547115000133;0.09372634399999846;2.765764257999995;3.130933594999987;5.406273357;0;0;0.0008999599999999999;0.7223030829999926;0.000129;0.7220965409999925;7.7542e-05;0.1174771759998745
progressive_60s;60.0;10000000;free_order_v1;unordered-final-consolidated;415;0;60;656;8;15;272.1329303702744;14389;14389;0;0;0;500;4028;14390;51279;13882;36890;0;37397;36890;507;4018;10;51239;36890;4028;51279;12.730635551142006;36;47516;4028;11.796425024826217;35;9;36;2;5;8;7;61.51255646197515;191.68184346401267;191.68184346401267;191.68184346401267;180.00400565885772;163.94601668864968;0.000345958;67.90903334904338;163.94601668668133;163.94601668864968;1.9683454866026295e-09;1.200605861831166e-11;True;optimal;True;False;False;False;23.580285208;23.580285208;23.579059916;23.579059916;0.0016387716455625826;3.5722442899702087;0.003129029159281236;1500;343;1157;247;0;96;0;796;361;324007;0;0;0;9857;535e2da41b9d0c4836a5db9fe014f84444013c035950d08cb0ffc0363d3e6bfb;5.4165999999999996e-05;0.000298084;9.2375e-05;23.242933586000028;0.15594494400000045;1.8601589689999896;2.2876362089999964;17.125312688999998;0;0;0.000737834;0.27073231399999925;0.000153833;0.2704881059999993;9.0375e-05;0.06490038999997133
progressive_600s;600.0;10000000;free_order_v1;unordered-final-consolidated;416;0;59;663;7;15;266.2260397746658;25492;25492;0;0;0;2349;12049;25493;163573;23137;138081;0;140436;138081;2355;12012;37;163441;138081;12049;163573;13.57564943148809;37;152544;12049;12.660303759648103;37;12;47;2;6;7;6;65.97425435410166;187.5015994922356;187.5015994922356;187.5015994922356;184.6442956973399;175.8194031870804;0.000848792;64.81403116946016;175.8194031870804;175.8194031870804;0;0;True;optimal;True;False;False;False;80.703595625;80.703595625;80.700878083;80.700878083;0.003165840091989644;2.1156942484853514;0.0012992519005871742;4527;2697;1830;1088;0;1609;0;1567;263;539507;0;0;0;11587;39561ff6a287e4ebea4249a7e1ebe202b875d7ecd5820f378db92530997b44ea;0.00011912399999999999;0.000739958;0.000109;79.34602943799965;0.4293745789999992;5.57635963499999;6.80172330499999;61.85374044299995;0;0;0.001048543;1.1233516840000117;0.000456959;1.1227876830000116;0.000107042;0.23101241900034775
progressive_600s;600.0;10000000;free_order_v1;unordered-final-consolidated;417;0;59;672;8;15;266.2260397746658;348810;348810;0;0;0;31602;203678;348811;3388641;317191;3039831;0;3071450;3039831;31619;203469;209;3387842;3039831;203678;3388641;16.637246045228252;40;3191797;203678;15.67079900627461;40;15;60;3;6;18;17;61.44106244963714;191.12333812417586;191.12333812417586;191.12333812417586;188.48894551667152;178.6919716651206;0.000364959;67.85266359793387;178.6919716651206;178.6919716651206;0;0;True;optimal;True;False;False;False;541.855539666;541.855539666;541.834426875;541.834426875;0.0015534403820590007;1.7125560934416089;0.00036061253543784864;25125;4508;20617;1692;0;2816;0;16156;4461;10401844;0;0;0;156745;bf49b4dd28d9c43353d467d948e5240a456081927e09b7d59be359147da1cdc6;6.4875e-05;0.000312625;0.000127875;519.5690373590002;4.649811052999948;82.5645608279984;87.80679772199983;279.5695812869981;0;0;0.0019539990000000005;18.615130514002463;0.000158;18.614846598002465;0.000125916;3.6485889189973335
progressive_60s;60.0;10000000;free_order_v1;unordered-final-consolidated;418;0;59;653;8;15;266.2260397746658;30849;30849;0;0;0;3079;18399;30850;258178;27755;227329;0;230423;227329;3094;18326;73;257910;227329;18399;258178;14.032175661720746;34;241818;18399;13.142996902005544;34;10;40;2;5;16;15;64.56765351551883;213.42497451964582;213.42497451964582;213.42497451964582;185.52056658331142;174.12088165565197;0.000348959;69.74690817658954;174.1208816556519;174.12088165565197;5.684341886080802e-14;3.2645951663180584e-16;True;optimal;True;False;False;False;57.1115235;57.1115235;57.110160791;57.110160791;0.0018513249538072546;1.676667210174466;0.0014450533787633945;3875;1896;1979;1792;0;104;0;1591;388;712512;0;0;0;13507;9978b95600497da564880af9b89f532170c197868c99a841e9bdaf83fcc4fed6;5.2125e-05;0.000302792;0.000104625;55.564903682999834;0.3601890710000011;5.214598364000019;5.392162952000028;40.23825177599994;0;0;0.000825292;1.3170911189999932;0.00015179199999999999;1.3168365769999932;0.00010275;0.22759523900017142
progressive_3600s;3600.0;10000000;free_order_v1;unordered-final-consolidated;419;0;60;685;7;15;272.1329303702744;392941;392941;0;0;0;119653;270070;392942;4853273;273277;4460332;0;4579996;4460332;119664;268902;1168;4846558;4460332;270070;4853273;17.97042618580368;40;4608174;270070;17.062887399563078;40;15;64;3;6;12;11;62.89410451337345;205.69171104954978;205.69171104954978;205.69171104954978;204.2905449746467;187.5912161262216;0.000342583;69.42312152859544;187.59121612389453;187.5912161262216;2.327084303033189e-09;1.240508138434051e-11;True;optimal;True;False;False;False;1220.57565;1220.57565;1220.574687917;1220.574687917;0.003106256791732092;1.4549598252304958;8.997787232606189e-05;97533;64301;33232;50993;0;13308;0;12432;20800;10300862;0;0;0;108064;0458c4ab89ab13fd9af210b6609d351212e3ddea63f138fccccffaa22d5b49d0;5.0584e-05;0.000301166;0.000124209;1194.1216217459987;7.536719695000117;84.03157054700114;87.6910814569999;945.0567001320009;0;0;0.001098248;22.60331569000758;0.000151959;22.60304143900758;0.000122292;3.8489264839936013
progressive_60s;60.0;10000000;free_order_v1;unordered-final-consolidated;420;0;58;651;9;15;260.34339672530405;18232;18232;0;0;0;694;8348;18233;100386;17530;82154;0;82856;82154;702;8286;62;100108;82154;8348;100386;12.025155725922376;32;93279;8348;11.173814087206516;32;14;56;3;6;9;8;62.64042940483951;207.1976464947687;207.1976464947687;207.1976464947687;189.77292094324022;177.99692097696342;0.000399125;69.76778913054832;177.9969209769634;177.99692097696342;2.842170943040401e-14;1.5967528693421826e-16;True;optimal;True;False;False;False;10.821189583;10.821189583;10.819987041;10.819987041;0.0005935272917397982;2.183996166746526;0.011464386521320591;372;90;282;53;0;37;0;189;93;415052;0;0;0;9208;3c9c7f41e0415527331652b975b100bdf388b8fb3f77f4aa918f3c6d18ce7a8f;5.6248999999999996e-05;0.000353083;9.7333e-05;10.193191791000029;0.07634847499999908;2.230750563000003;2.37332908999999;3.466067757000002;0;0;0.001240583;0.528113912000009;0.00018495800000000001;0.527833787000009;9.5167e-05;0.09772087999996149
progressive_600s;600.0;10000000;free_order_v1;unordered-final-consolidated;421;0;58;644;7;14;260.34339672530405;157178;157178;0;0;0;11331;68762;157179;1164196;145826;1007018;5;1018375;1007023;11352;68519;238;1163397;1007018;68757;1164196;16.932036010878893;39;1101592;68762;16.020360082603762;39;14;65;2;6;22;21;65.88507959718937;208.8222826387294;208.8222826387294;208.8222826387294;202.61953341955336;179.49043122997742;0.000720084;68.44921012994907;179.49043122997742;179.49043122997742;0;0;True;optimal;True;False;False;False;233.199382125;233.199382125;233.188077041;233.188077041;0.0014836642667867004;2.2858264739245513;0.0012835411366551456;8133;528;7605;136;0;392;0;1799;5806;4913949;0;0;0;78231;2f36843a191d19db02ede52755e7d8ff8b472f7c669f52fca6b428e0b7ee90e6;9.541600000000001e-05;0.000640792;0.000106709;225.42978503400127;2.0188671150000386;52.06033094200112;44.92116875600035;95.95400042300022;0;0;0.002993210000000001;6.370259560000228;0.000373376;6.369781559000229;0.000104625;1.3855172379985152
progressive_60s;60.0;10000000;free_order_v1;unordered-final-consolidated;422;0;59;675;6;15;266.2260397746658;26915;26915;0;0;0;1290;10737;26916;146159;25618;119244;1;120542;119245;1297;10708;28;146029;119244;10736;146159;13.613915797317437;35;136157;10737;12.681102728881438;35;10;42;2;7;8;7;63.51663466736424;196.537029858367;196.537029858367;196.537029858367;191.12641914472266;181.09797059428558;0.000326875;67.68210310640339;181.09797059428558;181.09797059428558;0;0;True;optimal;True;False;False;False;43.647537334;43.647537334;43.645679458;43.645679458;0.0016216807480587032;2.5067523516811026;0.0020050776136647545;4699;1440;3259;1049;0;391;0;1673;1586;581122;0;0;0;17670;164fa4fa5474dfb9e0c0b7b6488edb6d32751629e43a8181eab3cc692fc927f0;5.0625000000000004e-05;0.000282708;0.000107542;42.638023097999884;0.2943429640000003;3.9044781780000233;4.4113543570000076;30.537276775000002;0;0;0.000875167;0.8526045850000119;0.00014541699999999998;0.8523536680000119;0.0001055;0.15442752500010037
progressive_60s;60.0;10000000;free_order_v1;unordered-final-consolidated;423;0;56;623;7;15;248.65252571601172;10730;10730;0;0;0;629;5281;10731;70438;10090;59708;0;60348;59708;640;5270;11;70393;59708;5281;70438;13.338004165877674;29;65427;5281;12.3891308464306;29;8;32;3;5;12;11;62.88241928814536;205.3525774891777;205.3525774891777;205.3525774891777;200.69154445468882;170.6735189848828;0.000403334;69.3783150632919;170.6735189848828;170.6735189848828;0;0;True;optimal;True;False;False;False;10.561024625;10.561024625;10.560061042;10.560061042;0.0009842520619757688;2.031812156788487;0.006982438032143117;504;60;444;25;0;35;0;227;217;269031;0;0;0;6012;9d5784d39e1a2a8f4066646977bb135b34d8cfaa0587ebb2d59f44aca2d3481e;5.2875e-05;0.000360541;9.5625e-05;10.128581951999957;0.10644760499999992;1.4789221560000023;1.752230565000005;5.365593579999995;0;0;0.000737417;0.3704187360000056;0.00022229299999999998;0.37010315100000557;9.3292e-05;0.06063852200003689
progressive_10s;10.0;10000000;free_order_v1;unordered-final-consolidated;424;0;4;39;6;13;4.584962500721156;1;1;0;0;0;0;2;2;3;1;2;0;2;2;0;2;0;3;2;2;3;1.5;2;1;2;0.5;1;0;0;;0;1;0;82.5410104130062;102.62723253963367;102.62723253963367;102.62723253963367;;102.62723253963367;2.0083e-05;19.572019657521558;102.62723253936163;102.62723253963367;2.7203839181311196e-10;2.650742742264372e-12;True;optimal;True;False;False;False;9.1916e-05;9.1916e-05;6.6125e-05;6.6125e-05;9.1916e-05;0.5;0.0;0;0;0;0;0;0;0;0;0;2;0;0;0;1;f562694da5faf78d73ea3fa9c0a3d416033d2bd2bfc17270c9d19d3cea5cd10a;8.041e-06;1.3625e-05;1.958e-06;5.6291e-05;3.333e-06;8.5e-06;1.3375e-05;0;0;0;0;6.750000000000001e-06;2.417e-06;2.792e-06;1.541e-06;7.041999999999995e-06
progressive_10s;10.0;10000000;free_order_v1;unordered-final-consolidated;425;0;4;47;7;18;4.584962500721156;0;0;0;0;0;0;0;1;0;0;0;0;0;0;0;0;0;0;0;0;0;;0;0;0;;0;0;0;;0;1;0;54.80950373794676;54.80950373794676;54.80950373794676;54.80950373794676;;54.80950373794676;9.25e-06;0;54.80950373794676;54.80950373794676;0;0;True;optimal;True;False;False;False;1.4542e-05;1.4542e-05;2.91e-07;2.91e-07;;;0.0;0;0;0;0;0;0;0;0;0;0;0;0;0;1;e55147c21799816be5b85d9db1d0e9fdb56c1b6343fb4fc869e8575c57b28c88;7.333e-06;3.75e-06;1.417e-06;0;0;0;0;0;0;0;0;2.166e-06;1e-06;0;1.166e-06;2.91e-07
progressive_10s;10.0;10000000;free_order_v1;unordered-final-consolidated;426;0;10;95;5;15;21.791061114716957;12;12;0;0;0;3;6;13;17;8;5;0;9;5;4;4;2;10;5;6;17;2.8333333333333335;4;14;6;2.3333333333333335;4;2;7;3;4;2;1;113.56713697192512;159.60389346530857;159.60389346530857;159.60389346530857;155.403700907333;155.403700907333;3.9375e-05;28.84438185926209;155.403700907333;155.403700907333;0;0;True;optimal;True;False;False;False;0.00308775;0.00308775;0.003035875;0.003035875;0.0002573125;2.0;3.7648449518257623;0;0;0;0;0;0;0;0;0;82;0;0;0;4;b40441d5ae1b2061b07b147877c6a7ba3e50ee7d4036a559c5dcd15dc87e5999;1.4999e-05;2.6292e-05;4.5e-06;0.0028447510000000004;1.3791999999999998e-05;0.0012910399999999998;0.001003081;0;0;0;0.00011624899999999999;5.6044e-05;8.542e-06;4.3502e-05;4e-06;3.137299999999956e-05
progressive_10s;10.0;10000000;free_order_v1;unordered-final-consolidated;427;0;10;103;7;21;21.791061114716957;7;7;0;0;0;0;4;8;10;5;3;0;5;3;2;4;0;10;3;4;10;2.5;4;6;4;1.5;3;0;0;;0;3;2;111.87765103004263;169.7990912321854;169.7990912321854;169.7990912321854;166.67940669023707;156.22204282982617;3.8541e-05;34.11174923365183;156.22204282982568;156.22204282982617;4.831690603168681e-13;3.0928353743471896e-15;True;optimal;True;False;False;False;0.000976917;0.000976917;0.000906666;0.000906666;0.00013955957142857144;1.75;0.0;0;0;0;0;0;0;0;0;0;42;0;0;0;2;32bf8878d4e5add408e321370390dd7cb56e029c7a328a5149485a820d336805;1.2458e-05;2.7792e-05;1.5042e-05;0.00082496;9.374e-06;0.000302958;0.000242458;0;0;0;0;7.7414e-05;9.916000000000001e-06;5.3664999999999995e-05;1.3833e-05;2.804099999999997e-05
progressive_10s;10.0;10000000;free_order_v1;unordered-final-consolidated;428;0;15;192;7;26;40.25014046988262;12;12;0;0;0;2;9;13;33;9;21;0;24;21;3;9;0;33;21;9;33;3.6666666666666665;6;24;9;2.6666666666666665;5;0;0;;0;2;1;156.501832896615;293.6193940247673;293.6193940247673;293.6193940247673;284.98915146214745;284.98915146214745;5.7625e-05;46.699081844909124;284.9891514621474;284.98915146214745;5.684341886080802e-14;1.9945818487886552e-16;True;optimal;True;False;False;False;0.001781;0.001781;0.0017045;0.0017045;0.00014841666666666668;1.3333333333333333;0.0;0;0;0;0;0;0;0;0;0;90;0;0;0;3;5889c889e6b91713dc49f8715c3422d20564ca3057a18b4895773a98d4d05982;2.1083e-05;3.8375e-05;8.167e-06;0.0015551229999999998;3.8961e-05;0.000533624;0.0005419169999999999;0;0;0;0;0.000124708;1.55e-05;0.000101583;7.625e-06;4.779400000000023e-05
progressive_10s;10.0;10000000;free_order_v1;unordered-final-consolidated;429;0;15;187;4;22;40.25014046988262;5;5;0;0;0;0;5;6;15;4;10;0;11;10;1;5;0;15;10;5;15;3.0;5;10;5;2.0;4;0;0;;0;2;1;159.1224638446753;199.24307221479154;199.24307221479154;199.24307221479154;196.86612995694875;196.86612995694875;7.2291e-05;20.136513618332845;196.86612995694796;196.86612995694875;7.958078640513122e-13;4.042380800726574e-15;True;optimal;True;False;False;False;0.000540667;0.000540667;0.000446041;0.000446041;0.0001081334;1.0;0.0;0;0;0;0;0;0;0;0;0;30;0;0;0;1;64516733cf4ccdd2daa35d9cc12b57e59c9559804b0a34f88111c972e06cf010;2.0583999999999998e-05;5.3709e-05;9.584e-06;0.000361416;5.9990000000000005e-06;7.5583e-05;0.000121958;0;0;0;0;9.6543e-05;2.4042e-05;6.3459e-05;9.042e-06;2.1166000000000007e-05
progressive_10s;10.0;10000000;free_order_v1;unordered-final-consolidated;430;0;20;196;4;44;61.07738392090622;27;27;0;0;0;0;14;28;56;23;29;0;33;29;4;13;1;53;29;14;56;4.0;7;47;14;3.357142857142857;7;1;3;3;3;5;4;243.27698493692327;560.732388804878;560.732388804878;560.732388804878;558.601503932417;448.9866898473621;7.025e-05;56.61442253131946;448.9866898473601;448.9866898473621;1.9895196601282805e-12;4.431132826687222e-15;True;optimal;True;False;False;False;0.007720708;0.007720708;0.007622209;0.007622209;0.0002859521481481481;1.9285714285714286;1.1543630454616338;0;0;0;0;0;0;0;0;0;252;0;0;0;14;09f6be67351c15f51f0eeaa7f22818a3f4a68c1565b8f73037a8847b4ef999c6;2.3041e-05;4.95e-05;1.2792e-05;0.007195583;3.1585e-05;0.0035442510000000004;0.0022410409999999996;0;0;0;8.9125e-05;0.000276751;1.9167e-05;0.00024562499999999997;1.1959e-05;9.187599999999942e-05
progressive_10s;10.0;10000000;free_order_v1;unordered-final-consolidated;431;0;20;177;4;15;61.07738392090622;36;36;0;0;0;5;16;37;86;29;50;0;57;50;7;16;0;86;50;16;86;5.375;11;70;16;4.375;10;0;0;;0;3;2;139.87893944407784;274.40263602011635;274.40263602011635;274.40263602011635;271.43459981791506;248.8617347322498;7.4208e-05;49.024199813509306;248.86173473224972;248.8617347322498;8.526512829121202e-14;3.4262048515794814e-16;True;optimal;True;False;False;False;0.010263917;0.010263917;0.010167625;0.010167625;0.00028510880555555554;2.25;0.0;1;0;1;0;0;0;0;0;1;464;0;0;0;16;9d46b0bfe90480fc263d9434bc7a906ac1753485ac1a9136e74eed0aec4514f5;2.3916999999999998e-05;5.2458e-05;9e-06;0.009801958;0.00021832800000000003;0.0023603319999999993;0.002096624;0.003281083;0;0;0;0.000263247;2.3749999999999998e-05;0.000231372;8.125e-06;0.00013429500000000007
progressive_10s;10.0;10000000;free_order_v1;unordered-final-consolidated;432;0;30;327;4;30;107.70906734197344;64;64;0;0;0;2;43;65;445;59;381;0;386;381;5;41;2;428;381;43;445;10.348837209302326;21;429;43;9.976744186046512;21;2;17;5;12;4;3;676.8734712632784;940.5819839787853;940.5819839787853;940.5819839787853;924.8942121388628;921.1512125045882;0.000155083;28.03673865833421;921.1512125045881;921.1512125045882;1.1368683772161603e-13;1.2341821427179608e-16;True;optimal;True;False;False;False;0.028765;0.028765;0.028387875;0.028387875;0.000449453125;1.4883720930232558;4.1188666782548236;0;0;0;0;0;0;0;0;0;1684;0;0;0;24;4a6de24384956e0ffa44033a2b054345b606ee49f57f908d0bec32a67f302b88;3.2e-05;0.000126459;4.6625e-05;0.025265126000000006;0.00017412500000000004;0.008515288000000003;0.008412044000000002;0;0;0;0.001184792;0.0016262489999999993;6.6208e-05;0.0015145829999999995;4.5458e-05;0.0004233739999999946
progressive_10s;10.0;10000000;free_order_v1;unordered-final-consolidated;433;0;30;444;4;36;107.70906734197344;432;432;0;0;0;90;158;433;1467;336;1035;0;1131;1035;96;153;5;1438;1035;158;1467;9.284810126582279;19;1359;158;8.60126582278481;18;2;14;5;9;7;6;237.82738362097837;500.5037246183302;500.5037246183302;500.5037246183302;475.97850746717376;463.8453690665505;0.000181334;52.482394850839775;463.8453690665499;463.8453690665505;6.252776074688882e-13;1.3480302901960762e-15;True;optimal;True;False;False;False;0.581398541;0.581398541;0.581106709;0.581106709;0.0013458299560185185;2.7341772151898733;0.09311598874480148;44;21;23;20;0;1;0;0;23;8433;0;0;0;189;26b34a44fb9edf324e78ae69c64c2234413885c6445d927bc2681edf0bb00582;3.9498999999999996e-05;0.000144625;4.7667e-05;0.5716174210000001;0.005230805000000002;0.09349500100000005;0.07793970400000001;0.33875621200000006;0;0;0.000541375;0.007241257000000011;7.1042e-05;0.007126173000000011;4.4042e-05;0.0018217399999999181
progressive_10s;10.0;10000000;free_order_v1;unordered-final-consolidated;434;0;40;500;4;22;159.15903982417854;482;482;0;0;0;23;180;483;1640;452;1158;0;1188;1158;30;179;1;1634;1158;180;1640;9.11111111111111;21;1474;180;8.188888888888888;20;1;6;6;6;8;7;258.4704650438808;732.3749297215352;732.3749297215352;732.3749297215352;713.029482114966;643.941565406337;0.000223125;64.70790375878147;643.9415654016843;643.941565406337;4.652633833757136e-09;7.225242294805512e-12;True;optimal;True;False;False;False;0.258681875;0.258681875;0.25834275;0.25834275;0.000536684387966805;2.6777777777777776;0.07907086648417094;1;1;0;1;0;0;0;0;0;9254;0;0;0;277;aed17e81039c83e983dbe7008f982404a8ac9fa010edca0a4f838e9f05343dc4;4.0792e-05;0.000185625;4.7584e-05;0.24833237000000014;0.0040935050000000025;0.07924462199999995;0.09180359200000004;0.00735025;0;0;0.000204542;0.008233614;9.4125e-05;0.008093447;4.6042e-05;0.001712390999999874
progressive_10s;10.0;10000000;free_order_v1;unordered-final-consolidated;435;0;39;458;4;39;153.83711172929117;684;684;0;0;0;167;427;685;5221;514;4537;0;4707;4537;170;425;2;5215;4537;427;5221;12.227166276346605;23;4836;427;11.325526932084308;23;1;3;3;3;4;3;269.2646031323093;586.656409198167;586.656409198167;586.656409198167;548.2923853519267;547.1583497083586;0.000228959;54.10182196759156;547.1583497083586;547.1583497083586;0;0;True;optimal;True;False;False;False;0.512463875;0.512463875;0.512078333;0.512078333;0.0007492161915204678;1.6018735362997658;0.010073880817452743;23;3;20;3;0;0;0;5;15;16946;0;0;0;186;7a08e77d5225c343f784df15e10176cd4f0fd50d7c62e006f64b7782de988bca;3.9624e-05;0.000193167;7.3666e-05;0.48867825;0.009508773;0.11564319900000011;0.12043833799999999;0.150009668;0;0;5.1625e-05;0.019665810000000027;0.00010570800000000001;0.019487977000000028;7.2125e-05;0.003860481000000044
progressive_10s;10.0;10000000;free_order_v1;unordered-final-consolidated;436;0;50;514;6;17;214.20813806359016;664;664;0;0;0;15;133;665;1114;647;450;1;468;451;17;132;0;1114;450;132;1114;8.43939393939394;20;1000;133;7.518796992481203;19;0;0;;0;3;2;181.02652429961748;503.0970168417396;503.0970168417396;503.0970168417396;493.5322356678747;423.26793873472127;0.000245166;64.01757151413135;423.26793857945563;423.26793873472127;1.5526563856838038e-07;3.6682589055178e-10;True;optimal;True;False;False;False;0.24029;0.24029;0.239908041;0.239908041;0.0003618825301204819;4.992481203007519;0.0;0;0;0;0;0;0;0;0;0;11849;0;0;0;517;eba0c362daa68b239f290139c20d06ae9425d88ed4aa791d30960d51467968b2;4.5333e-05;0.000205042;4.8292e-05;0.22901969799999994;0.0047957799999999995;0.08794458199999994;0.08216099899999993;0;0;0;0;0.009214202999999999;0.000102875;0.009064702999999999;4.6625e-05;0.0018236400000000517
progressive_10s;10.0;10000000;free_order_v1;unordered-final-consolidated;437;0;50;580;4;21;214.20813806359016;1351;1351;0;0;0;30;429;1352;4371;1319;3020;0;3052;3020;32;428;1;4364;3020;429;4371;10.188811188811188;29;3965;429;9.242424242424242;29;1;7;7;7;3;2;434.90468013117544;1233.7145224591795;1233.7145224591795;1233.7145224591795;1225.5810522706522;1166.8768189412756;0.000261084;64.74835367388931;1166.8768189412756;1166.8768189412756;0;0;True;optimal;True;False;False;False;0.475500375;0.475500375;0.475059833;0.475059833;0.00035196178756476685;3.149184149184149;0.04778292761598769;10;8;2;8;0;0;0;0;2;27440;0;0;0;891;e94c93486a5e638a20edd7c9944feda9815d51e98cee9ca31d5d8ee751c00318;4.5375e-05;0.000221459;6.5333e-05;0.4477206979999998;0.006776193000000005;0.1012770799999999;0.13918190300000008;0.06631020800000001;0;0;0.000227208;0.022919680999999973;0.000111917;0.022744680999999975;6.3083e-05;0.004367246000000206
progressive_60s;60.0;10000000;free_order_v1;unordered-final-consolidated;438;0;59;603;4;48;266.2260397746658;15412;15412;0;0;0;2283;6912;15413;99547;13118;84135;0;86429;84135;2294;6910;2;99540;84135;6912;99547;14.402054398148149;31;92688;6912;13.409722222222221;30;2;7;2;5;12;11;319.72756043231556;958.4360794262789;958.4360794262789;958.4360794262789;948.318122823429;837.7609586047591;0.000323083;66.64070068984623;837.7609585948483;837.7609586047591;9.91087745205732e-09;1.1830197325694545e-11;True;optimal;True;False;False;False;16.194173292;16.194173292;16.193256542;16.193256542;0.0010507509273293537;2.2297453703703702;0.001748060829630895;713;78;635;18;0;60;0;541;94;416777;0;0;0;7923;38f5a21b60a8c2a2d761b68888944d188230b9736791f18281ead431c3d8af62;5.1417e-05;0.000277625;7.9166e-05;15.634025516999985;0.19113514399999879;3.3567004869999995;2.9943385719999993;6.365683189999995;0;0;0.000283084;0.4630083200000006;0.000142333;0.46278894500000056;7.7042e-05;0.09615899600001443
progressive_60s;60.0;10000000;free_order_v1;unordered-final-consolidated;439;0;59;701;4;26;266.2260397746658;12831;12831;0;0;0;1920;6474;12832;95449;10896;82618;0;84553;82618;1935;6467;7;95413;82618;6474;95449;14.743435279579858;35;89173;6474;13.774019153537227;35;6;31;3;6;16;15;285.6768765581142;872.0628190006448;872.0628190006448;872.0628190006448;758.1552928098171;711.2622254802563;0.000344375;67.24125024783301;711.2622254802561;711.2622254802563;2.2737367544323206e-13;3.196762984139998e-16;True;optimal;True;False;False;False;11.586135875;11.586135875;11.585235875;11.585235875;0.0009029799606421947;1.9819277108433735;0.01058161248260003;194;84;110;46;0;38;0;100;10;380460;0;0;0;5295;119082d5423031bd7db64d07e7af893778ae5adfecb2c32b2873f258d1b256d5;5.6625e-05;0.000293666;0.000102708;11.02319299599997;0.19948693000000037;2.8241202589999927;2.863912715999995;2.5190880550000028;0;0;0.001226;0.4735970790000059;0.00015616599999999998;0.4733401220000059;0.000100791;0.08747675700002416
progressive_10s;10.0;10000000;free_order_v1;unordered-final-consolidated;440;0;10;49;3;7;21.791061114716957;2;2;0;0;0;0;2;3;3;1;1;0;2;1;1;2;0;3;1;2;3;1.5;2;1;2;0.5;1;0;0;;0;2;1;2517.4196888160927;3697.0892578840094;3697.0892578840094;3697.0892578840094;3581.6866734692353;3581.6866734692353;2.5875e-05;31.90806298636913;3581.6866734692353;3581.6866734692353;0;0;True;optimal;True;False;False;False;0.000134041;0.000134041;0.000102083;0.000102083;6.70205e-05;1.0;0.0;0;0;0;0;0;0;0;0;0;6;0;0;0;1;5b7f5072353e280bd42493945625a11d10538c2dff18716c122ad9ff7d57308c;9.999e-06;1.7625e-05;1.792e-06;8.937499999999999e-05;3.293e-06;1.975e-05;2.4124999999999997e-05;0;0;0;0;1.1835000000000001e-05;5.375e-06;5.1679999999999995e-06;1.292e-06;7.540000000000015e-06
progressive_10s;10.0;10000000;free_order_v1;unordered-final-consolidated;441;0;20;103;4;7;61.07738392090622;33;33;0;0;0;10;11;34;50;22;17;0;28;17;11;11;0;50;17;11;50;4.545454545454546;7;39;11;3.5454545454545454;6;0;0;;0;2;1;3825.6013478398213;9086.1545461377;9086.1545461377;9086.1545461377;6307.22883767019;6307.22883767019;5.1791e-05;57.896364975808275;6307.228837670188;6307.22883767019;1.8189894035458565e-12;2.8839755942924815e-16;True;optimal;True;False;False;False;0.027792708;0.027792708;0.027720917;0.027720917;0.0008422032727272728;3.0;0.0;13;0;13;0;0;0;0;0;13;391;0;0;0;14;2fa9dba4366d436c3347fd36dcfeb4210b00acd7f33b137d9fb4fa4aad3b5f0b;1.6792e-05;3.725e-05;8.625e-06;0.027534749000000004;0.000213835;0.0037041250000000004;0.0029978780000000003;0.019424544999999998;0;0;0;0.00010624900000000002;1.5708e-05;8.254100000000002e-05;8e-06;0.00010362699999999695
progressive_10s;10.0;10000000;free_order_v1;unordered-final-consolidated;442;0;30;159;4;8;107.70906734197344;59;59;0;0;0;7;21;60;123;47;64;0;76;64;12;21;0;123;64;21;123;5.857142857142857;11;102;21;4.857142857142857;10;0;0;;0;6;5;3844.473886607122;9097.423713613143;9097.423713613143;9097.423713613143;9084.722857426792;8408.367105040983;8.7e-05;57.74107035539794;8408.36710504098;8408.367105040983;3.637978807091713e-12;4.326617477144489e-16;True;optimal;True;False;False;False;0.045417584;0.045417584;0.045297708;0.045297708;0.0007697895593220339;2.8095238095238093;0.0;5;0;5;0;0;0;0;0;5;829;0;0;0;28;5cb87a0934fab2c2ddb8d56f4b16b5a07103f905544c1140f96f72a54c224877;2.3208000000000002e-05;6.6e-05;1.3917e-05;0.04459800099999999;0.0005480469999999999;0.013284039999999999;0.007983124;0.018810999;0;0;0;0.0005247460000000001;2.8418e-05;0.0004836200000000001;1.2708e-05;0.00021608700000000765
progressive_10s;10.0;10000000;free_order_v1;unordered-final-consolidated;443;0;40;219;3;8;159.15903982417854;305;305;0;0;0;84;120;306;1082;217;777;0;865;777;88;120;0;1082;777;120;1082;9.016666666666667;17;962;120;8.016666666666667;16;0;0;;0;5;4;3513.741978888696;9025.82447212762;9025.82447212762;9025.82447212762;8891.427531429787;8121.786637995537;0.0001435;61.070127280456454;8121.786637995537;8121.786637995537;0;0;True;optimal;True;False;False;False;0.406636208;0.406636208;0.406429667;0.406429667;0.001333233468852459;2.5416666666666665;0.0;40;0;40;0;0;0;0;37;3;6742;0;0;0;104;eb490ce73e595b4a223f8cd6b3a2611488a9c3ec666d6de27d3a800d38fa688a;3.9584e-05;0.000107292;2.7e-05;0.4029742119999999;0.003757621999999999;0.06679779500000002;0.04460278699999997;0.26252870600000006;0;0;0;0.002465715000000001;5.3833000000000004e-05;0.002386215000000001;2.5667e-05;0.0010692400000001062
progressive_10s;10.0;10000000;free_order_v1;unordered-final-consolidated;444;0;50;277;3;9;214.20813806359016;711;711;0;0;0;116;222;712;1857;590;1146;1;1268;1147;121;221;0;1857;1146;221;1857;8.402714932126697;20;1656;222;7.45945945945946;20;0;0;;0;6;5;4175.610712314093;12466.939503145548;12466.939503145548;12466.939503145548;10911.301780902108;10088.131633413213;0.0001795;66.50652943923774;10088.131633413213;10088.131633413213;0;0;True;optimal;True;False;False;False;0.756567666;0.756567666;0.756297208;0.756297208;0.0010640895443037976;3.2027027027027026;0.0;124;0;124;0;0;0;0;19;105;15267;0;0;0;382;3dc2adbd24af0a38cfb312b43b525331d6edc04db59307accf65fbea6f565785;3.3083e-05;0.00015;3.4542e-05;0.7477472960000006;0.008938187999999998;0.14087824599999996;0.12288816800000006;0.41932162200000006;0;0;0;0.006332914999999992;6.2334e-05;0.006237580999999992;3.3e-05;0.0023123309999994457
progressive_60s;60.0;10000000;free_order_v1;unordered-final-consolidated;445;0;60;338;3;11;272.1329303702744;4799;4799;0;0;0;2385;1552;4800;24370;2404;19571;1;21967;19572;2395;1551;0;24370;19571;1551;24370;15.71244358478401;28;22846;1552;14.720360824742269;27;0;0;;0;11;10;4038.9471167780425;11491.028174327634;11491.028174327634;11491.028174327634;10988.814151477332;8640.56405617844;0.000250417;64.85129915701063;8640.56405617844;8640.56405617844;0;0;True;optimal;True;False;False;False;32.59165825;32.59165825;32.591196167;32.591196167;0.006791343665346948;3.092139175257732;0.0;2307;5;2302;5;0;0;0;1384;918;191575;0;0;0;977;dd8616539d591d172ca245acb5c8044d3ce4dec20de4962f8b8660cf3de5efb1;5.05e-05;0.000205125;6.1792e-05;32.482540359999994;0.1826981199999993;1.6603368840000066;1.6275694670000016;28.314840947000036;0;0;0;0.07629839200000009;9.6042e-05;0.07614247500000008;5.9875e-05;0.03251333200000513
progressive_10s;10.0;10000000;free_order_v1;unordered-final-consolidated;446;0;10;49;4;6;21.791061114716957;8;8;0;0;0;0;5;9;14;6;6;0;8;6;2;5;0;14;6;5;14;2.8;4;9;5;1.8;3;0;0;;0;3;2;1.2922928259248905;2.1605371599693624;2.1605371599693624;2.1605371599693624;2.0826040995602995;2.054686517554269;2.5541e-05;40.18650315909327;2.0546865175542686;2.054686517554269;4.440892098500626e-16;2.1613477581907246e-16;True;optimal;True;False;False;False;0.000785375;0.000785375;0.000751541;0.000751541;9.8171875e-05;1.6;0.0;0;0;0;0;0;0;0;0;0;53;0;0;0;4;a010e4218609344b0927b3456ced72f5e1644ab4d8bc431a589918f0b93485b9;9.834000000000001e-06;1.75e-05;2.75e-06;0.000708541;3.6291e-05;0.00027499899999999995;0.000188083;0;0;0;0;2.5834e-05;5.25e-06;1.8584e-05;2e-06;2.441599999999996e-05
progressive_10s;10.0;10000000;free_order_v1;unordered-final-consolidated;447;0;20;103;4;7;61.07738392090622;160;160;0;0;0;63;61;161;443;95;283;0;348;283;65;61;0;443;283;61;443;7.262295081967213;10;382;61;6.262295081967213;9;0;0;;0;3;2;1.279450171527506;2.873378490888241;2.873378490888241;2.873378490888241;2.548056231396282;2.4978512073627304;5.35e-05;55.47227155821047;2.4978512073627304;2.4978512073627304;0;0;True;optimal;True;False;False;False;0.0782225;0.0782225;0.078146417;0.078146417;0.000488890625;2.622950819672131;0.0;7;0;7;0;0;0;0;0;7;4069;0;0;0;50;40fadce6956ee1be9455a8f660ca23274f2eb8812a37d2135708407b9a274a5e;1.7375000000000002e-05;3.8083e-05;8.708e-06;0.07695203100000002;0.0015122109999999996;0.030296166000000006;0.020479461000000004;0.015299875;0;0;0;0.000694582;1.5125e-05;0.0006714160000000001;8.041e-06;0.0005229699999999778
progressive_10s;10.0;10000000;free_order_v1;unordered-final-consolidated;448;0;30;162;3;8;107.70906734197344;281;281;0;0;0;113;88;282;742;165;461;0;577;461;116;88;0;742;461;88;742;8.431818181818182;12;654;88;7.431818181818182;11;0;0;;0;4;3;1.3113808258955328;2.99634110816655;2.99634110816655;2.99634110816655;2.6737068821330863;2.555384861082636;8.6667e-05;56.23392736156258;2.5553848610826355;2.555384861082636;4.440892098500626e-16;1.737856463867114e-16;True;optimal;True;False;False;False;0.323110167;0.323110167;0.322976584;0.322976584;0.0011498582455516015;3.1931818181818183;0.0;28;0;28;0;0;0;0;7;21;8161;0;0;0;94;bcf726f87f7d3ba13c298f3b31018c7ec253bd317044f4d0c0760e8aedd013ac;2.3375000000000002e-05;6.5875e-05;2.0625e-05;0.32059295800000004;0.0036129620000000004;0.08276204700000003;0.05503499600000001;0.15731520499999999;0;0;0;0.0014770809999999994;3.0459e-05;0.0014273719999999995;1.925e-05;0.0009562539999999726
progressive_10s;10.0;10000000;free_order_v1;unordered-final-consolidated;449;0;40;215;3;9;159.15903982417854;216;216;0;0;0;17;48;217;372;197;156;0;175;156;19;48;0;372;156;48;372;7.75;13;324;48;6.75;12;0;0;;0;3;2;1.4025484012668776;4.265274056614019;4.265274056614019;4.265274056614019;3.6614184257873856;3.2439433737608865;0.000129583;67.11703907766508;3.243943373760886;3.2439433737608865;4.440892098500626e-16;1.3689795371958203e-16;True;optimal;True;False;False;False;0.0961615;0.0961615;0.095982083;0.095982083;0.00044519212962962964;4.5;0.0;6;0;6;0;0;0;0;2;4;3895;0;0;0;154;023101415ea6e65eac6dbd2965b427d7d11ea95c56a53754d05ae8975b0d3aec;2.9458e-05;0.000103542;1.9333e-05;0.09411721300000002;0.0019055479999999995;0.029785667999999994;0.02314961400000001;0.024149418;0;0;0;0.0014357189999999985;4.6416000000000004e-05;0.0013713869999999984;1.7916e-05;0.0004934829999999784
progressive_60s;60.0;10000000;free_order_v1;unordered-final-consolidated;450;0;50;272;3;8;214.20813806359016;5308;5308;0;0;0;991;1319;5309;16461;4308;11153;0;12153;11153;1000;1319;0;16461;11153;1319;16461;12.479909021986353;25;15142;1319;11.479909021986353;24;0;0;;0;10;9;1.3470568622865962;3.918683059485764;3.918683059485764;3.918683059485764;3.836693323737452;3.5111321535498403;0.000173625;65.6247560254754;3.5111321535498403;3.5111321535498403;0;0;True;optimal;True;False;False;False;15.432617875;15.432617875;15.432164875;15.432164875;0.002907426125659382;4.0242608036391205;0.0;1810;90;1720;90;0;0;0;729;991;149839;0;0;0;3024;4e265ef27769f483e164d8fded42a936bc8d1bfc03a109d7d42d4377dce45ba7;3.3958e-05;0.000143833;3.4708e-05;15.360558861000003;0.10395336200000023;1.5138479649999959;1.1611897679999994;12.002774629000026;0;0;0;0.04759212799999994;6.3792e-05;0.04749500299999994;3.3333e-05;0.024111010999996838
progressive_600s;600.0;10000000;free_order_v1;unordered-final-consolidated;451;0;60;330;4;10;272.1329303702744;29293;29293;0;0;0;16126;10210;29294;176502;13157;147209;1;163346;147210;16136;10209;0;176502;147209;10209;176502;17.288862768145755;32;166322;10210;16.290107737512244;31;0;0;;0;11;10;1.404861123146873;4.5165084449589195;4.5165084449589195;4.5165084449589195;4.014887626081445;3.7987915865104003;0.0011685;68.89497406531139;3.7987915865104003;3.7987915865104003;0;0;True;optimal;True;False;False;False;246.630187084;246.630187084;246.628631166;246.628631166;0.008419423994947599;2.8690499510284035;0.0;19289;314;18975;314;0;0;0;7725;11250;1006730;0;0;0;5914;6486602b41a3e2a2b6c3e931bba03547f2b36146bd4a42dc710eceb214a6fde8;0.000100208;0.001088083;5.3875e-05;245.7454704449999;1.1370172529999978;13.025080732000124;11.753437232999982;215.64744808999913;0;0;0;0.614173565000002;0.000908041;0.613213565000002;5.1959e-05;0.2699471560000791
progressive_10s;10.0;10000000;free_order_v1;unordered-final-consolidated;452;0;10;50;4;7;21.791061114716957;8;8;0;0;0;2;5;9;13;4;5;0;9;5;4;5;0;13;5;5;13;2.6;4;8;5;1.6;3;0;0;;0;3;2;722303.856824318;883720.9899330639;883720.9899330639;883720.9899330639;879632.063187654;866569.4721270264;2.5333e-05;18.26562172309297;866569.4721270263;866569.4721270264;1.1641532182693481e-10;1.343404372891064e-16;True;optimal;True;False;False;False;0.00127525;0.00127525;0.001242666;0.001242666;0.00015940625;1.6;0.0;0;0;0;0;0;0;0;0;0;74;0;0;0;2;5f0889c3efc21c049aeda7ea9e3750f414f4491497629995fe01cd979f44d758;1.0124999999999999e-05;1.6917e-05;2.542e-06;0.001192043;5.5206e-05;0.0005991260000000001;0.000259958;0;0;0;0;2.4457000000000003e-05;5.708e-06;1.6916000000000002e-05;1.833e-06;3.370699999999986e-05
progressive_10s;10.0;10000000;free_order_v1;unordered-final-consolidated;453;0;15;79;4;7;40.25014046988262;17;17;0;0;0;6;8;18;28;9;11;0;19;11;8;8;0;28;11;8;28;3.5;6;20;8;2.5;5;0;0;;0;3;2;755055.4876376946;1377282.9756245466;1377282.9756245466;1377282.9756245466;1361910.2480653904;1330259.2235800903;3.8333e-05;45.177897280309814;1330259.22358009;1330259.2235800903;2.3283064365386963e-10;1.7502652079138296e-16;True;optimal;True;False;False;False;0.003991875;0.003991875;0.003942334;0.003942334;0.00023481617647058822;2.125;0.0;0;0;0;0;0;0;0;0;0;206;0;0;0;4;8a4c0312681cc7fc22440006ed60c6540e929e13b12df882ec5b0bd7a2bc14a2;1.2916e-05;2.8042e-05;3.625e-06;0.003831458;0.00010199800000000001;0.001727666;0.0013224579999999999;0;0;0;0;5.9709e-05;9.541e-06;4.6958999999999995e-05;3.209e-06;6.391699999999977e-05
progressive_10s;10.0;10000000;free_order_v1;unordered-final-consolidated;454;0;20;104;3;9;61.07738392090622;48;48;0;0;0;8;20;49;111;36;63;1;76;64;12;19;0;111;63;19;111;5.842105263157895;10;102;20;5.1;10;0;0;;0;5;4;795841.7532788498;1714973.285903448;1714973.285903448;1714973.285903448;1624966.8740452777;1424534.0771679217;5.7542e-05;53.59451019905536;1424534.0771591675;1424534.0771679217;8.754199370741844e-06;6.1453070944752935e-12;True;optimal;True;False;False;False;0.013931833;0.013931833;0.013855042;0.013855042;0.0002902465208333333;2.4;0.0;0;0;0;0;0;0;0;0;0;877;0;0;0;21;4c68fac8af0936ea78eb2b48343a337162e1f4e221944d69cdf9401e4e075fa9;1.9167e-05;4.0334e-05;7.5e-06;0.013478252000000003;0.000366545;0.0062200799999999985;0.004343414;0;0;0;0;0.00023891700000000003;1.4041e-05;0.00021816800000000003;6.708e-06;0.0001586219999999966
progressive_10s;10.0;10000000;free_order_v1;unordered-final-consolidated;455;0;25;134;3;8;83.68151360887518;55;55;0;0;0;24;23;56;125;30;70;0;95;70;25;23;0;125;70;23;125;5.434782608695652;8;102;23;4.434782608695652;7;0;0;;0;2;1;828061.4307550859;2045660.6403744894;2045660.6403744894;2045660.6403744894;1717218.1819848828;1717218.1819848828;6.9e-05;59.521075274562804;1717218.1819848826;1717218.1819848828;2.3283064365386963e-10;1.3558594131862e-16;True;optimal;True;False;False;False;0.030999541;0.030999541;0.030904125;0.030904125;0.0005636280181818182;2.391304347826087;0.0;5;0;5;0;0;0;0;0;5;771;0;0;0;16;c52db05f784542d5b2ed4b4f7d8ff221f1efe5ad62dcb651bcabc77dc16b2611;1.9750000000000002e-05;5.15e-05;1.275e-05;0.030504541000000003;0.00036133300000000003;0.008394629999999998;0.005150999999999999;0.013494209;0;0;0;0.000267706;2.1084e-05;0.00023483100000000002;1.1791e-05;0.00016475299999999795
progressive_10s;10.0;10000000;free_order_v1;unordered-final-consolidated;456;0;30;163;4;8;107.70906734197344;83;83;0;0;0;13;29;84;182;68;99;1;115;100;15;28;0;182;99;28;182;6.5;11;165;29;5.689655172413793;11;0;0;;0;3;2;745140.5331477117;1839425.0645102856;1839425.0645102856;1839425.0645102856;1605735.8273792614;1545867.8959245067;8.5792e-05;59.49057411881619;1545867.8959245065;1545867.8959245067;2.3283064365386963e-10;1.5061483860794275e-16;True;optimal;True;False;False;False;0.055202542;0.055202542;0.05508175;0.05508175;0.0006650908674698795;2.8620689655172415;0.0;4;0;4;0;0;0;0;2;2;1336;0;0;0;42;909a2ac79ecbf326219347c457a701860d9a31cb7e5bdb2121c50b7a50fb8986;2.1458e-05;6.675e-05;1.55e-05;0.05441612300000001;0.000847787;0.013924248999999998;0.008470873;0.025322332999999995;0;0;0;0.00043757599999999996;2.7584000000000002e-05;0.000395367;1.4625e-05;0.0002702599999999881
progressive_10s;10.0;10000000;free_order_v1;unordered-final-consolidated;457;0;35;190;3;8;132.92440362991408;1574;1574;0;0;0;394;433;1575;4094;1171;2520;2;2925;2522;403;431;0;4094;2520;431;4094;9.498839907192576;17;3697;433;8.53810623556582;17;0;0;;0;10;9;774074.8731674888;2291780.74822421;2291780.74822421;2291780.74822421;2250624.713279527;1777268.417489069;0.000101417;66.22386876374269;1777268.417489069;1777268.417489069;0;0;True;optimal;True;False;False;False;1.67369475;1.67369475;1.673494708;1.673494708;0.0010633384688691233;3.6351039260969977;0.0;206;62;144;48;0;14;0;23;121;36955;0;0;0;850;145fa835807c12c91b859a4d1b1f9573d9a4c4c3c31da79575617df845f61117;2.5083e-05;7.9083e-05;2.0375e-05;1.6592259840000019;0.01955816500000004;0.3316092310000003;0.23298524499999973;0.9401557919999999;0;0;0;0.008938886000000007;3.3042e-05;0.008886969000000007;1.8875e-05;0.005381754999998116
progressive_10s;10.0;10000000;free_order_v1;unordered-final-consolidated;458;0;40;220;3;8;159.15903982417854;3221;3221;0;0;0;856;767;3222;8972;2360;5751;1;6613;5752;861;766;0;8972;5751;766;8972;11.712793733681462;22;8225;767;10.723598435462842;21;0;0;;0;6;5;762865.9850430065;2101538.0335576395;2101538.0335576395;2101538.0335576395;1985810.3663590262;1800821.8541337599;0.000128292;63.69963460753692;1800821.8541337596;1800821.8541337599;2.3283064365386963e-10;1.2929132502441057e-16;True;optimal;True;False;False;False;4.916303916;4.916303916;4.916020542;4.916020542;0.0015263284433405775;4.199478487614081;0.0;489;1;488;1;0;0;0;24;464;95022;0;0;0;1608;c8b84679c139648d367c7b760f9cac706df2d5532a970c42933489ff0a6358fe;2.8666e-05;0.000103583;2.8958e-05;4.877797866000009;0.05495226199999997;0.8528209149999998;0.6575121420000004;2.9551238430000013;0;0;0;0.026113953000000033;4.5916999999999994e-05;0.026040661000000034;2.7375e-05;0.012182014999991261
progressive_10s;10.0;10000000;free_order_v1;unordered-final-consolidated;459;0;45;249;3;8;186.28645872124443;2554;2554;0;0;0;652;688;2555;7373;1895;4819;2;5480;4821;659;686;0;7373;4819;686;7373;10.747813411078717;21;6726;688;9.776162790697674;20;0;0;;0;8;7;828933.2015035711;2578248.2261588722;2578248.2261588722;2578248.2261588722;2555435.009395267;1999821.7518513594;0.000242167;67.84897617330923;1999821.7518513594;1999821.7518513594;0;0;True;optimal;True;False;False;False;3.614717;3.614717;3.6143415;3.6143415;0.0014153159749412687;3.7122093023255816;0.0;281;0;281;0;0;0;0;101;180;75362;0;0;0;1325;5c4be31fe48191769af54ff198dc6f6a1ac102947b7767ca9c083ed250b606f3;5.6709e-05;0.000190958;3.3208e-05;3.5855924100000003;0.042471518000000014;0.7856926350000004;0.5521641040000006;1.9558589179999994;0;0;0;0.019207630999999982;5.5458e-05;0.01912050699999998;3.1666e-05;0.00962858299999983
progressive_10s;10.0;10000000;free_order_v1;unordered-final-consolidated;460;0;50;279;3;10;214.20813806359016;1505;1505;0;0;0;423;460;1506;4585;1075;3080;2;3512;3082;430;458;0;4585;3080;458;4585;10.010917030567686;21;4168;460;9.060869565217391;21;0;0;;0;8;7;835211.8509225165;2334366.068181061;2334366.068181061;2334366.068181061;2322275.693613983;2026108.0769172248;0.000192125;64.22104217898807;2026108.0769172248;2026108.0769172248;0;0;True;optimal;True;False;False;False;1.955027584;1.955027584;1.95470925;1.95470925;0.0012990216504983388;3.2717391304347827;0.0;265;0;265;0;0;0;0;16;249;34497;0;0;0;676;cafc473f04216475c90e67dc5270432322c3cf1ccc121bf2522c8a4eee925edb;3.6959e-05;0.000159208;4.0875e-05;1.9335687710000011;0.022807788;0.32999346400000024;0.25343879800000013;1.1911312139999997;0;0;0;0.015611838000000024;7.629099999999999e-05;0.015496297000000025;3.925e-05;0.00564418199999891
progressive_600s;600.0;10000000;free_order_v1;unordered-final-consolidated;461;0;60;337;3;8;272.1329303702744;33070;33070;0;0;0;14287;10781;33071;169222;18773;136152;3;150452;136155;14297;10778;0;169222;136152;10778;169222;15.700686583781778;30;158527;10781;14.704294592338373;29;0;0;;0;11;10;814155.0366527397;2518024.2633944545;2518024.2633944545;2518024.2633944545;2411500.7607380426;2126323.6140761706;0.000235625;67.6669105819017;2126323.6140761706;2126323.6140761706;0;0;True;optimal;True;False;False;False;140.82830375;140.82830375;140.827308875;140.827308875;0.004258491192924101;3.0674334477321215;0.0;14138;143;13995;143;0;0;0;4947;9048;1014364;0;0;0;9159;7078a4eff91aa1f7099927b531cff4903bc0ea24175e1605eb86f8ab0f63fb9c;3.9749e-05;0.000201459;5.8917e-05;140.13995948900146;0.9627942830000012;10.629356978000061;10.31357804300004;113.93434279200032;0;0;0;0.46378220799998754;9.195799999999999e-05;0.46363341699998756;5.6833e-05;0.2237159689985569
progressive_10s;10.0;10000000;free_order_v1;unordered-final-consolidated;462;0;4;20;4;6;4.584962500721156;0;0;0;0;0;0;1;1;1;0;1;0;1;1;0;1;0;1;1;1;1;1.0;1;0;1;0.0;0;0;0;;0;1;0;83.00187106324772;84.98460447192771;84.98460447192771;84.98460447192771;;84.98460447192771;1.6e-05;2.333050110664371;84.9846044717617;84.98460447192771;1.660112047829898e-10;1.9534268096502936e-12;True;optimal;True;False;False;False;2.35e-05;2.35e-05;2.459e-06;2.459e-06;;0.0;0.0;0;0;0;0;0;0;0;0;0;0;0;0;0;1;946e7316a0e1b78983a8878055c46738384e2531511407afc29f7791472a6862;6.541999999999999e-06;1.0833e-05;1.542e-06;0;0;0;0;0;0;0;0;3.044e-06;1.459e-06;5.009999999999999e-07;1.084e-06;1.958e-06
progressive_10s;10.0;10000000;free_order_v1;unordered-final-consolidated;463;0;5;26;4;10;6.906890595608517;3;3;0;0;0;0;3;4;6;2;3;0;4;3;1;3;0;6;3;3;6;2.0;3;3;3;1.0;2;0;0;;0;2;1;173.85219757023492;207.9035357945637;207.9035357945637;207.9035357945637;206.68063866952883;206.68063866952883;1.6709e-05;16.378431513534245;206.68063866952883;206.68063866952883;0;0;True;optimal;True;False;False;False;0.000273333;0.000273333;0.000252417;0.000252417;9.1111e-05;1.0;0.0;0;0;0;0;0;0;0;0;0;10;0;0;0;1;fbbdef87986e83c6427c809ca1b62c6340d6d562aa8c3d607cee62b999d10343;6.208e-06;1.1875e-05;1.125e-06;0.000237626;3.792e-06;9.854300000000001e-05;6.5249e-05;0;0;0;0;6.793e-06;2.042e-06;3.917e-06;8.34e-07;1.0874000000000001e-05
progressive_10s;10.0;10000000;free_order_v1;unordered-final-consolidated;464;0;10;42;4;6;21.791061114716957;3;3;0;0;0;0;3;4;6;2;3;0;4;3;1;3;0;6;3;3;6;2.0;3;3;3;1.0;2;0;0;;0;2;1;118.8782271906845;163.40453213161203;163.40453213161203;163.40453213161203;161.50270568594723;161.50270568594723;2.7333e-05;27.249124831534303;161.5027056859472;161.50270568594723;2.842170943040401e-14;1.759828685822262e-16;True;optimal;True;False;False;False;0.000191625;0.000191625;0.000154875;0.000154875;6.387500000000001e-05;1.0;0.0;0;0;0;0;0;0;0;0;0;12;0;0;0;1;8ff4b149e0a3feba7adb947dedf98d452c5c176521b438d9fd06164a72e9b838;1.0791e-05;2.0417e-05;2.333e-06;0.000136292;3.459e-06;3.1959e-05;3.9040999999999994e-05;0;0;0;0;1.5122999999999999e-05;5.291e-06;7.956999999999999e-06;1.875e-06;1.0626000000000023e-05
progressive_10s;10.0;10000000;free_order_v1;unordered-final-consolidated;465;0;10;75;4;16;21.791061114716957;13;13;0;0;0;1;7;14;24;9;11;0;15;11;4;7;0;24;11;7;24;3.4285714285714284;5;17;7;2.4285714285714284;4;0;0;;0;4;3;169.49625600584812;302.82080136968;302.82080136968;302.82080136968;298.37133017910105;285.0706174967316;3.3542e-05;44.0275386501837;285.0706174967316;285.0706174967316;0;0;True;optimal;True;False;False;False;0.001443042;0.001443042;0.001397875;0.001397875;0.00011100323076923077;1.8571428571428572;0.0;0;0;0;0;0;0;0;0;0;98;0;0;0;4;94920ba521a6b16f20a2a7c016a276ff4220ce893d7f98cf785a463248a3dd28;1.1375e-05;2.3708e-05;4.5e-06;0.001306374;1.4998000000000001e-05;0.00046533499999999993;0.00041541700000000006;0;0;0;0;5.8623e-05;6.458000000000001e-06;4.8081e-05;4.084e-06;4.342000000000012e-05
progressive_10s;10.0;10000000;free_order_v1;unordered-final-consolidated;466;0;15;96;4;18;40.25014046988262;9;9;0;0;0;0;9;10;41;8;32;0;33;32;1;9;0;41;32;9;41;4.555555555555555;8;32;9;3.5555555555555554;7;0;0;;0;2;1;188.01814938989267;261.51967654135626;261.51967654135626;261.51967654135626;261.51841354522134;261.51841354522134;8.6792e-05;28.105543767694343;261.51841354522134;261.51841354522134;0;0;True;optimal;True;False;False;False;0.001728208;0.001728208;0.00162475;0.00162475;0.0001920231111111111;1.0;0.0;0;0;0;0;0;0;0;0;0;80;0;0;0;2;5e8173ed24a8a0753f81d7808dfb0f1824648d8be5a2392219135e03668abff4;1.4041e-05;7.6542e-05;6e-06;0.0014851670000000001;1.9664000000000003e-05;0.0005639969999999999;0.000472085;0;0;0;0;0.00012458100000000002;3.9917e-05;7.9289e-05;5.375e-06;6.029399999999976e-05
progressive_10s;10.0;10000000;free_order_v1;unordered-final-consolidated;467;0;15;127;4;16;40.25014046988262;14;14;0;0;0;1;12;15;56;12;42;0;44;42;2;12;0;56;42;12;56;4.666666666666667;8;44;12;3.6666666666666665;7;0;0;;0;2;1;276.88156746161343;471.49360474350425;471.49360474350425;471.49360474350425;470.38730461616876;470.38730461616876;5.5584e-05;41.27564728852708;470.38730461616865;470.38730461616876;1.1368683772161603e-13;2.416877254252925e-16;True;optimal;True;False;False;False;0.0024895;0.0024895;0.002411;0.002411;0.00017782142857142858;1.1666666666666667;0.0;0;0;0;0;0;0;0;0;0;126;0;0;0;3;1da29962d3710ea65768f091a2aed3a2bfc9bdadd63832a89084a6933ee7c151;1.4959e-05;4.25e-05;1.0041e-05;0.002217794;1.7585000000000002e-05;0.000915334;0.000691457;0;0;0;0;0.000151709;1.5623999999999998e-05;0.00012650200000000002;9.583e-06;6.6704e-05
progressive_10s;10.0;10000000;free_order_v1;unordered-final-consolidated;468;0;20;116;4;9;61.07738392090622;115;115;0;0;0;6;51;116;365;106;250;1;260;251;9;48;2;361;250;50;365;7.3;14;354;51;6.9411764705882355;14;1;2;2;2;4;3;214.04501792847222;393.2469486059352;393.2469486059352;393.2469486059352;363.3246524217069;338.4040786337278;6.5417e-05;45.56982102791537;338.4040786337278;338.4040786337278;0;0;True;optimal;True;False;False;False;0.044297666;0.044297666;0.044203792;0.044203792;0.0003851970956521739;2.2549019607843137;0.049851384946556776;0;0;0;0;0;0;0;0;0;1920;0;0;0;56;e4589388deee0df2e12d93470579f1cff6d6a21794f0ed834b1fb001bac4fc2d;1.7e-05;5.0333e-05;1.0625e-05;0.043219538000000016;0.00024566099999999994;0.018029417000000006;0.013748458000000005;0;0;0;2.2083e-05;0.0005621309999999999;1.8416e-05;0.0005337149999999998;1e-05;0.0004284559999999832
progressive_10s;10.0;10000000;free_order_v1;unordered-final-consolidated;469;0;20;143;4;23;61.07738392090622;37;37;0;0;0;4;27;38;192;32;155;0;160;155;5;27;0;192;155;27;192;7.111111111111111;14;165;27;6.111111111111111;13;0;0;;0;2;1;236.54498198017225;470.8049218788903;470.8049218788903;470.8049218788903;461.80788655544285;461.80788655544285;7.0208e-05;49.757326020261736;461.80788655544285;461.80788655544285;0;0;True;optimal;True;False;False;False;0.012654375;0.012654375;0.012548667;0.012548667;0.00034201013513513514;1.3703703703703705;0.0;0;0;0;0;0;0;0;0;0;536;0;0;0;13;1617490a7c02fe5645bee129c4d3177dc46deb579011a6e61e87494acbbe83a8;1.9583000000000002e-05;5.2833e-05;1.6416e-05;0.011952375999999999;7.6833e-05;0.004515416999999999;0.003307997;0;0;0;0;0.0004152949999999999;1.8167e-05;0.0003815029999999999;1.5625e-05;0.00021478800000000064
progressive_10s;10.0;10000000;free_order_v1;unordered-final-consolidated;470;0;30;243;4;20;107.70906734197344;419;419;0;0;0;9;304;420;3407;407;2988;0;3000;2988;12;304;0;3407;2988;304;3407;11.207236842105264;27;3103;304;10.207236842105264;26;0;0;;0;4;3;1341.8903037506457;3308.6988986468555;3308.6988986468555;3308.6988986468555;3305.5634297706138;3245.46024328362;0.000119791;59.4435654359654;3245.46024328362;3245.46024328362;0;0;True;optimal;True;False;False;False;0.110137125;0.110137125;0.109943583;0.109943583;0.0002628571002386635;1.3782894736842106;0.0;0;0;0;0;0;0;0;0;0;9260;0;0;0;137;bdaa23f548cff556a0c7ff5e5ae349c2aec1b193f0259ac17c7be7a4b3766821;2.8333e-05;9.4708e-05;3.125e-05;0.10098236999999992;0.0007919130000000005;0.029815618000000012;0.035653665999999966;0;0;0;0;0.006865606000000001;4.0957999999999996e-05;0.006794523000000001;3.0125e-05;0.002166690000000078
progressive_10s;10.0;10000000;free_order_v1;unordered-final-consolidated;471;0;30;207;4;16;107.70906734197344;97;97;0;0;0;16;58;98;440;79;343;1;362;344;18;57;0;440;343;57;440;7.719298245614035;14;396;58;6.827586206896552;13;0;0;;0;3;2;339.41356793740584;750.8331047457106;750.8331047457106;750.8331047457106;683.1963592334516;682.2600684788239;0.000116;54.79507152893089;682.2600684788238;682.2600684788239;1.1368683772161603e-13;1.6663270059919191e-16;True;optimal;True;False;False;False;0.033595334;0.033595334;0.033424333;0.033424333;0.00034634364948453607;1.6724137931034482;0.0;0;0;0;0;0;0;0;0;0;1508;0;0;0;36;621f4fe9c2c3f7edd6b627e2a12833b31dd7653cf5381c59f131c3bb0de4103b;2.7459e-05;9.1375e-05;2.3084e-05;0.031915623000000004;0.00020761900000000011;0.014264132000000004;0.010160213000000001;0;0;0;0;0.0011670069999999996;3.9167999999999995e-05;0.0011060889999999996;2.175e-05;0.0004026209999999969
progressive_10s;10.0;10000000;free_order_v1;unordered-final-consolidated;472;0;40;253;4;15;159.15903982417854;580;580;0;0;0;18;112;581;1177;559;597;0;618;597;21;112;0;1177;597;112;1177;10.508928571428571;22;1065;112;9.508928571428571;21;0;0;;0;4;3;319.7730452993185;771.6332282634377;771.6332282634377;771.6332282634377;683.3527431144203;679.3381539177609;0.000155667;58.55893271742996;679.3381539177608;679.3381539177609;1.1368683772161603e-13;1.6734940775220862e-16;True;optimal;True;False;False;False;0.21997075;0.21997075;0.219719084;0.219719084;0.0003792599137931034;5.178571428571429;0.0;0;0;0;0;0;0;0;0;0;13736;0;0;0;455;7242647df7d8b6efdfd36c8df486b977c9bacf2fd8ad5816fec6195e55233e09;3.1125e-05;0.000128167;3.4292e-05;0.21448161700000012;0.0011078249999999996;0.08199993200000001;0.067406194;0;0;0;0;0.003881624000000006;5.0416e-05;0.003798416000000006;3.2792e-05;0.0014390509999998788
progressive_10s;10.0;10000000;free_order_v1;unordered-final-consolidated;473;0;40;256;4;24;159.15903982417854;162;162;0;0;0;6;80;163;913;154;751;0;759;751;8;80;0;913;751;80;913;11.4125;29;833;80;10.4125;28;0;0;;0;3;2;464.1881701422387;912.1757824584924;912.1757824584924;912.1757824584924;909.3041511073885;891.685519095965;0.000166042;49.11198268264033;891.6855190959648;891.685519095965;2.2737367544323206e-13;2.54993123218772e-16;True;optimal;True;False;False;False;0.060259459;0.060259459;0.059985625;0.059985625;0.0003719719691358025;2.025;0.0;0;0;0;0;0;0;0;0;0;4220;0;0;0;76;632b3f971423fa8cb64328df131e45a977248e89335e70fb5a2f183aa0a771d5;3.0709e-05;0.000138791;4.8958e-05;0.05711691499999999;0.000408872;0.020017291000000003;0.018837994000000007;0;0;0;0;0.0022262919999999978;6.5292e-05;0.002113374999999998;4.7625e-05;0.0007553350000000124
progressive_10s;10.0;10000000;free_order_v1;unordered-final-consolidated;474;0;50;230;4;12;214.20813806359016;18885;18885;0;0;0;593;11660;18886;148507;18285;129622;0;130222;129622;600;11660;0;148507;129622;11660;148507;12.736449399656946;30;136847;11660;11.736449399656946;29;0;0;;0;8;7;424.6404028116025;1252.1085396636222;1252.1085396636222;1252.1085396636222;1250.3509361246718;1188.982352807973;0.0001815;66.08597502851615;1188.9823528079728;1188.982352807973;2.2737367544323206e-13;1.9123385213098628e-16;True;optimal;True;False;False;False;6.43395775;6.43395775;6.433238709;6.433238709;0.0003406914350013238;1.619639794168096;0.0;0;0;0;0;0;0;0;0;0;440250;0;0;0;10906;51a00c26fead59f09a1a78838cc8f582141a0df58ab8bb518676d377022175cf;2.7168e-05;0.000158709;4.6834e-05;6.045350791999989;0.03991145899999929;2.272575603000015;2.141325331999993;0;0;0;0;0.2896345080000016;6.2958e-05;0.2895265500000016;4.5e-05;0.09836136700000953
progressive_60s;60.0;10000000;free_order_v1;unordered-final-consolidated;475;0;50;255;4;9;214.20813806359016;25137;25137;0;0;0;709;9939;25138;135266;24415;110129;2;110853;110131;722;9936;1;135264;110129;9937;135266;13.612357854483244;38;125430;9939;12.619981889526109;37;1;2;2;2;14;13;395.0995587190651;1088.1104212530165;1088.1104212530165;1088.1104212530165;1077.1736272590085;1032.887223098875;0.000178333;63.68938749211803;1032.8872230988748;1032.887223098875;2.2737367544323206e-13;2.2013407694313815e-16;True;optimal;True;False;False;False;10.694849166;10.694849166;10.693479375;10.693479375;0.000425462432509846;2.5291276788409296;0.00025907798763620267;0;0;0;0;0;0;0;0;0;653985;0;0;0;14641;f1ae142f6c5e8d0c58139c4db6a80bfabb38c4e1c920a29df856dd602c8e034e;2.8207999999999998e-05;0.000153916;4.1833e-05;10.254159978000043;0.06329990899999884;4.032633732000004;3.620635123999989;0;0;0;2.7708e-05;0.3235624069999986;4.9333000000000004e-05;0.32347269899999864;4.0375e-05;0.11581898999995893
progressive_600s;600.0;10000000;free_order_v1;unordered-final-consolidated;476;0;60;460;4;23;272.1329303702744;359328;359328;0;0;0;17909;165544;359329;2959790;341396;2600462;0;2618394;2600462;17932;165523;21;2959711;2600462;165544;2959790;17.879174116851107;46;2795065;165544;16.88412144203354;46;5;24;2;8;24;23;502.86403450634646;1645.359558521779;1645.359558521779;1645.359558521779;1631.4267989643351;1504.1818371021009;0.000297625;69.43743804192387;1504.1818371021009;1504.1818371021009;0;0;True;optimal;True;False;False;False;231.437439916;231.437439916;231.409926083;231.409926083;0.0006440840678043459;2.170589088097424;0.0005455400822175762;0;0;0;0;0;0;0;0;0;12338914;0;0;0;188956;33f9c47dbafbeb985d40d26ad106b7ee027a5ba14f40e67d4957162613ae579f;4.8583000000000006e-05;0.000254042;8.0708e-05;218.81337868100314;1.4930160910000634;75.3598061120005;74.32840330399908;0;0;0;0.001262584;9.895857233004175;0.000115667;9.895662483004177;7.9083e-05;2.699622334992668
progressive_60s;60.0;10000000;free_order_v1;unordered-final-consolidated;477;0;60;329;4;28;272.1329303702744;26674;26674;0;0;0;695;14877;26675;246681;25973;220007;1;220709;220008;701;14871;5;246663;220007;14876;246681;16.582481849959667;46;232051;14877;15.597970020837534;46;2;6;2;4;7;6;790.3270697628925;2552.1055212254105;2552.1055212254105;2552.1055212254105;2490.8050479894896;2380.108521997012;0.000245625;69.03235139809534;2380.108521997012;2380.108521997012;0;0;True;optimal;True;False;False;False;13.275608459;13.275608459;13.274200292;13.274200292;0.0004976984501387119;1.7929690125697386;0.0005451727521455671;1;0;1;0;0;0;0;0;1;831039;0;0;0;11993;3e73e4536ed889da4de5b5ba3fa3ba5da0b2750bbd1454aa08cfa963527786ef;3.5209e-05;0.000215125;7.025e-05;12.457863292000017;0.0811471669999991;4.350205961999998;4.692231801999994;0.01749025;0;0;7.237500000000001e-05;0.6374893540000062;9.2999e-05;0.6373282710000061;6.8084e-05;0.17893635399997687
progressive_10s;10.0;10000000;free_order_v1;unordered-final-consolidated;478;0;5;43;6;11;6.906890595608517;0;0;0;0;0;0;0;1;0;0;0;0;0;0;0;0;0;0;0;0;0;;0;0;0;;0;0;0;;0;1;0;73.9249457219958;73.9249457219958;73.9249457219958;73.9249457219958;;73.9249457219958;1.0917e-05;0;73.9249457219958;73.9249457219958;0;0;True;optimal;True;False;False;False;1.75e-05;1.75e-05;2.92e-07;2.92e-07;;;0.0;0;0;0;0;0;0;0;0;0;0;0;0;0;1;d383cb980cfe2dd7020e6fab1238bf5834809ca0125f4d2ce7b14dc48a1612e7;8.792e-06;4.667e-06;1.791e-06;0;0;0;0;0;0;0;0;2.208e-06;1e-06;0;1.208e-06;2.92e-07
progressive_10s;10.0;10000000;free_order_v1;unordered-final-consolidated;479;0;5;41;7;10;6.906890595608517;0;0;0;0;0;0;0;1;0;0;0;0;0;0;0;0;0;0;0;0;0;;0;0;0;;0;0;0;;0;1;0;93.62220516522775;93.62220516522775;93.62220516522775;93.62220516522775;;93.62220516522775;1.325e-05;0;93.62220516522775;93.62220516522775;0;0;True;optimal;True;False;False;False;1.925e-05;1.925e-05;3.33e-07;3.33e-07;;;0.0;0;0;0;0;0;0;0;0;0;0;0;0;0;1;d3746aa9ab2b9c6943ecfb806d5b0518bd5efb17d9edc335fe4b02745b8ffe0f;1.0875e-05;4.333e-06;1.917e-06;0;0;0;0;0;0;0;0;2.2920000000000002e-06;1.083e-06;0;1.209e-06;3.33e-07
progressive_10s;10.0;10000000;free_order_v1;unordered-final-consolidated;480;0;10;88;6;13;21.791061114716957;4;4;0;0;0;0;4;5;10;3;6;0;7;6;1;4;0;10;6;4;10;2.5;4;6;4;1.5;3;0;0;;0;2;1;156.36580828301308;173.9440634400448;173.9440634400448;173.9440634400448;173.94176527321304;173.94176527321304;4.3166e-05;10.105694215365165;173.94176527321304;173.94176527321304;0;0;True;optimal;True;False;False;False;0.000354042;0.000354042;0.000299875;0.000299875;8.85105e-05;1.0;0.0;0;0;0;0;0;0;0;0;0;20;0;0;0;1;29a8d33e04312319398c4280067b36d338773cf963ea9fb384b643b69c39601e;1.2125e-05;3.2708e-05;4.292e-06;0.00026266799999999997;5.249e-06;5.4624e-05;8.425e-05;0;0;0;0;3.2584e-05;8.249999999999999e-06;2.0626e-05;3.708e-06;1.658100000000004e-05
progressive_10s;10.0;10000000;free_order_v1;unordered-final-consolidated;481;0;10;98;4;16;21.791061114716957;3;3;0;0;0;1;2;4;3;1;0;0;2;0;2;2;0;3;0;2;3;1.5;2;1;2;0.5;1;0;0;;0;2;1;127.26863635633093;129.6479117289989;129.6479117289989;129.6479117289989;128.47957529350708;128.47957529350708;4.4208e-05;1.835182179903798;128.47957529350708;128.47957529350708;0;0;True;optimal;True;False;False;False;0.000612458;0.000612458;0.000557;0.000557;0.00020415266666666665;1.5;0.0;0;0;0;0;0;0;0;0;0;10;0;0;0;1;74a9ca7498b3617728826cf1288d6a519b67902d80334ddb87e81a2fbca2df03;1.2873999999999999e-05;3.3167e-05;4.458e-06;0.000533417;3.666e-06;0.000272833;0.000157416;0;0;0;0;2.7333e-05;9.250000000000001e-06;1.4208e-05;3.875e-06;9.37499999999998e-06
progressive_10s;10.0;10000000;free_order_v1;unordered-final-consolidated;482;0;15;90;4;10;40.25014046988262;15;15;0;0;0;3;13;16;65;12;50;0;53;50;3;12;1;62;50;13;65;5.0;9;59;13;4.538461538461538;9;1;3;3;3;2;1;207.57472124514587;383.41879566688567;383.41879566688567;383.41879566688567;383.41879561744366;383.41879561744366;4.8417e-05;45.862142495099064;383.4187956174436;383.41879561744366;5.684341886080802e-14;1.4825412710733037e-16;True;optimal;True;False;False;False;0.003681375;0.003681375;0.003614542;0.003614542;0.000245425;1.1538461538461537;1.981813860310346;0;0;0;0;0;0;0;0;0;168;0;0;0;3;a742b0f5b866a083623135aad9d5dd053c7bb4f07e42a61569e707c4cf157c14;1.5249e-05;3.5958e-05;7.084e-06;0.003367955;2.1497999999999996e-05;0.0014702920000000002;0.0010953760000000001;0;0;0;7.2958e-05;0.00010912299999999999;1.1249999999999999e-05;9.1373e-05;6.5e-06;8.225599999999994e-05
progressive_10s;10.0;10000000;free_order_v1;unordered-final-consolidated;483;0;15;60;4;4;40.25014046988262;35;35;0;0;0;3;24;36;142;31;107;0;111;107;4;24;0;142;107;24;142;5.916666666666667;10;118;24;4.916666666666667;9;0;0;;0;2;1;207.17749733018786;283.7331181659223;283.7331181659223;283.7331181659223;272.3540674496916;272.3540674496916;3.7833e-05;26.981559759606913;272.35406744969157;272.3540674496916;5.684341886080802e-14;2.0871147397608795e-16;True;optimal;True;False;False;False;0.009467834;0.009467834;0.009415542;0.009415542;0.00027050954285714286;1.4583333333333333;0.0;0;0;0;0;0;0;0;0;0;414;0;0;0;16;3a1021bb25e01a52e461edb3f951860532962e31e46f94386c3289e8243a146f;9.251e-06;3.0208e-05;5.667e-06;0.009098663;5.312199999999999e-05;0.0038187539999999997;0.002696420999999999;0;0;0;0;0.00017462600000000002;8.792e-06;0.000160709;5.125e-06;0.0001561700000000008
progressive_10s;10.0;10000000;free_order_v1;unordered-final-consolidated;484;0;20;155;4;18;61.07738392090622;14;14;0;0;0;2;11;15;54;11;40;0;43;40;3;11;0;54;40;11;54;4.909090909090909;9;43;11;3.909090909090909;8;0;0;;0;2;1;333.1843933920075;725.2485813222938;725.2485813222938;725.2485813222938;720.524991250219;720.524991250219;7.3417e-05;54.05928367560041;720.524991250219;720.524991250219;0;0;True;optimal;True;False;False;False;0.003696167;0.003696167;0.003595917;0.003595917;0.0002640119285714286;1.2727272727272727;0.0;0;0;0;0;0;0;0;0;0;150;0;0;0;4;554fae4f6c1f1a5ac393c791d86e8e6881edf37570df18c29513f6e2f27651c7;2.05e-05;5.5292e-05;1.2083e-05;0.003402666;2.4042e-05;0.001443043;0.001002292;0;0;0;0;0.000148416;1.8042e-05;0.000118791;1.1583e-05;7.446000000000019e-05
progressive_10s;10.0;10000000;free_order_v1;unordered-final-consolidated;485;0;20;134;4;10;61.07738392090622;5;5;0;0;0;1;4;6;10;3;5;0;7;5;2;4;0;10;5;4;10;2.5;4;6;4;1.5;3;0;0;;0;2;1;239.3301055028389;329.9968657043651;329.9968657043651;329.9968657043651;328.8581601493762;328.8581601493762;7.2958e-05;27.47503677284984;328.8581601493762;328.8581601493762;0;0;True;optimal;True;False;False;False;0.000790709;0.000790709;0.00069875;0.00069875;0.0001581418;1.25;0.0;0;0;0;0;0;0;0;0;0;26;0;0;0;1;37d159d29ca81cd40c0fd4e9a1ba41a93f0a8e2227802789a696994286825a01;1.7208e-05;5.7709e-05;8.208e-06;0.000647375;6.835e-06;0.000161334;0.000332584;0;0;0;0;5.8917000000000005e-05;1.9416e-05;3.1959000000000004e-05;7.542e-06;1.9416000000000093e-05
progressive_10s;10.0;10000000;free_order_v1;unordered-final-consolidated;486;0;30;220;4;14;107.70906734197344;202;202;0;0;0;7;89;203;709;192;507;0;517;507;10;89;0;709;507;89;709;7.966292134831461;15;620;89;6.966292134831461;14;0;0;;0;4;3;253.04038649986288;584.3276178219535;584.3276178219535;584.3276178219535;581.573499235395;564.5679719072699;0.000119959;56.69546008400974;564.5679719072699;564.5679719072699;0;0;True;optimal;True;False;False;False;0.048534;0.048534;0.048355292;0.048355292;0.00024026732673267326;2.269662921348315;0.0;0;0;0;0;0;0;0;0;0;3220;0;0;0;104;eceff25a38e4b697336773c009ed22a39aa98e28f8add3972dff80fe0baee072;3.3917e-05;9.5625e-05;2.2791e-05;0.04618162400000001;0.00037708699999999996;0.01347008;0.015401627000000001;0;0;0;0;0.0015602510000000001;4.1957e-05;0.001496586;2.1708e-05;0.0006770819999999897
progressive_10s;10.0;10000000;free_order_v1;unordered-final-consolidated;487;0;30;338;4;24;107.70906734197344;3482;3482;0;0;0;169;1145;3483;12256;3308;8774;0;8948;8774;174;1143;2;12249;8774;1145;12256;10.703930131004366;24;11154;1145;9.741484716157204;24;2;7;3;4;6;5;312.48622321632035;704.1934242655013;704.1934242655013;704.1934242655013;666.4688899811026;643.5332417778245;0.000157041;55.62494444729379;643.5332417778245;643.5332417778245;0;0;True;optimal;True;False;False;False;1.456420916;1.456420916;1.456041209;1.456041209;0.00041827137162550257;3.041048034934498;0.01020474221203783;0;0;0;0;0;0;0;0;0;69340;0;0;0;2165;3124b2249ef6cb801a7e0f79c679254e97e95d883fd53f5e8df0cf0cf13955b9;3.4333e-05;0.000126959;4.5084e-05;1.4059315670000039;0.009238232000000008;0.3518172539999999;0.4808981649999995;0;0;0;0.000148624;0.0364744990000002;5.7e-05;0.0363735820000002;4.3917e-05;0.01358743599999581
progressive_10s;10.0;10000000;free_order_v1;unordered-final-consolidated;488;0;40;318;4;22;159.15903982417854;17112;17112;0;0;0;1037;9630;17113;117477;16072;100365;1;101406;100366;1040;9626;3;117471;100365;9629;117477;12.200332329421538;27;107942;9630;11.208930425752856;26;1;2;2;2;4;3;307.64056949628736;792.2621070274342;792.2621070274342;792.2621070274342;780.1465609583888;769.8159600814051;0.000182583;61.16934449249957;769.815960081405;769.8159600814051;1.1368683772161603e-13;1.4768054134600441e-16;True;optimal;True;False;False;False;8.123315208;8.123315208;8.122570667;8.122570667;0.0004747145399719495;1.7769470404984424;0.00034468685854298814;0;0;0;0;0;0;0;0;0;390940;0;0;0;7678;b38e062ee414958d201dec64eb79ebf5eeae000e792eac1b35913e8ad1905701;3.3958e-05;0.000152458;4.1e-05;7.720764299999985;0.05304350499999951;2.959324060999985;2.589180545000012;0;0;0;2.8e-05;0.30476750299999533;6.3668e-05;0.3046641679999953;3.9667e-05;0.09711419900001966
progressive_10s;10.0;10000000;free_order_v1;unordered-final-consolidated;489;0;40;386;4;18;159.15903982417854;491;491;0;0;0;12;176;492;1525;475;1034;1;1051;1035;16;174;1;1521;1034;175;1525;8.714285714285714;22;1388;176;7.886363636363637;22;1;4;4;4;5;4;386.4588124237821;967.0236013021341;967.0236013021341;967.0236013021341;947.2942768243886;883.0907506484799;0.000201625;60.036258483929394;883.0907506484799;883.0907506484799;0;0;True;optimal;True;False;False;False;0.157850584;0.157850584;0.1575505;0.1575505;0.0003214879511201629;2.789772727272727;0.06488224332448464;0;0;0;0;0;0;0;0;0;8870;0;0;0;300;e805c4582237004d269fe7da85b9ee71372fe4b5cc7d6220ef36d5e5e410972c;3.7834e-05;0.000167542;4.0291e-05;0.14890055199999994;0.0009627530000000001;0.049776295000000005;0.05135274399999999;0;0;0;0.000102417;0.006867767;7.5083e-05;0.006753892;3.8792e-05;0.0017936390000000734
progressive_10s;10.0;10000000;free_order_v1;unordered-final-consolidated;490;0;50;283;4;24;214.20813806359016;1594;1594;0;0;0;114;1133;1595;11179;1479;9585;0;9700;9585;115;1133;0;11179;9585;1133;11179;9.866725507502206;22;10046;1133;8.866725507502206;21;0;0;;0;2;1;398.19487653660235;1011.2144187202811;1011.2144187202811;1011.2144187202811;1005.2870495445032;1005.2870495445032;0.000201792;60.62211246547209;1005.2870495445032;1005.2870495445032;0;0;True;optimal;True;False;False;False;0.424869208;0.424869208;0.424583667;0.424583667;0.0002665427904642409;1.406884377758164;0.0;0;0;0;0;0;0;0;0;0;28368;0;0;0;590;65cd8dac0cbc6736c45a8f41a5853cda49774aed8e282814ef293f8834225d9c;2.7917e-05;0.00017775;3.0583e-05;0.3929796709999997;0.0025979300000000026;0.13887332400000005;0.1441726979999998;0;0;0;0;0.024508647000000168;7.4792e-05;0.024404689000000167;2.9166e-05;0.007199307000000134
progressive_60s;60.0;10000000;free_order_v1;unordered-final-consolidated;491;0;50;200;4;4;214.20813806359016;82863;82863;0;0;0;5523;39195;82864;530738;77337;447875;0;453401;447875;5526;39195;0;530738;447875;39195;530738;13.540961857379768;24;491543;39195;12.540961857379768;23;0;0;;0;4;3;359.50445129372184;1141.4060384869047;1141.4060384869047;1141.4060384869047;1094.3498115950474;1074.1367317138927;0.000158;68.50336872491968;1074.1367317138927;1074.1367317138927;0;0;True;optimal;True;False;False;False;30.2881915;30.2881915;30.283926625;30.283926625;0.00036552130021843285;2.114121699196326;0.0;0;0;0;0;0;0;0;0;0;2126892;0;0;0;41565;c6a519d0ccf096c223a6d98095b1d30b3b55505b97372bbcb8183a3146f372b7;2.1959e-05;0.000139083;3.0041e-05;28.886001758000255;0.18246925200000333;10.424237173000078;10.155887902000016;0;0;0;0;0.9932570850000199;4.8334e-05;0.9931803760000198;2.8375e-05;0.40474449099972476
progressive_3600s;3600.0;10000000;free_order_v1;unordered-final-consolidated;492;0;60;434;5;11;272.1329303702744;2652562;2652562;0;0;0;513684;1471043;2652563;33215292;2138863;30562730;2;31076431;30562732;513699;1471041;0;33215292;30562730;1471041;33215292;22.57944679991924;39;31744322;1471043;21.579465726018885;38;0;0;;0;16;15;288.93620956882506;835.7124930934167;835.7124930934167;835.7124930934167;819.2925863891256;722.0018543448707;0.000263708;65.42636230082927;722.0018543448707;722.0018543448707;0;0;True;optimal;True;False;False;False;3008.311252291;3008.311252291;3008.148019167;3008.148019167;0.0011341153391668131;1.8031845432118572;0.0;204;0;204;0;0;0;0;13;191;112023156;0;0;0;1030796;53b7b58b8b35ed757397ee2b4d5ef5595c66ff6bd8ed33633f2e46249adc2468;3.8625000000000004e-05;0.000229416;0.000105084;2873.560290304956;15.318452371012064;985.4535576130327;936.3514957959458;2.300108009999998;0;0;0;107.36355626213235;7.970899999999999e-05;107.36337334413234;0.000103209;27.224355517911263
progressive_600s;600.0;10000000;free_order_v1;unordered-final-consolidated;493;0;60;337;4;31;272.1329303702744;153087;153087;0;0;0;12019;78177;153088;1229815;141057;1076728;1;1088759;1076729;12030;78176;0;1229815;1076728;78176;1229815;15.731362566516578;39;1151675;78177;14.73163462399427;38;0;0;;0;12;11;353.2912873253457;1124.0325040180064;1124.0325040180064;1124.0325040180064;1081.2375312480722;964.028668371771;0.000260042;68.56929972554546;964.028668363456;964.028668371771;8.315055310958996e-09;8.625319540551623e-12;True;optimal;True;False;False;False;86.439564375;86.439564375;86.430216708;86.430216708;0.0005646434013012209;1.9582102152807093;0.0;1;1;0;0;0;1;0;0;0;4496195;0;0;0;66057;65b2bdd89b997e4d5d14c85b1abcbe6e5f33adda374849af2d6c60d985dd4b7a;3.4708e-05;0.0002315;6.7334e-05;82.13593132799957;0.5618739350000438;29.815539169000107;28.62005281100014;0.0087125;0;0;0;3.2827796399999705;9.9583e-05;3.282614723999971;6.5333e-05;1.0116706560004607
progressive_10s;10.0;10000000;free_order_v1;unordered-final-consolidated;494;0;16;83;3;7;44.25014046988263;29;29;0;0;0;4;15;30;72;20;43;0;52;43;9;15;0;72;43;15;72;4.8;8;57;15;3.8;7;0;0;;0;6;5;32.949506655487276;37.79906959041673;37.79906959041673;37.79906959041673;36.36746398543525;35.89566175124242;4.1667e-05;12.829847367880642;35.895661751242415;35.89566175124242;7.105427357601002e-15;1.9794668801042702e-16;True;optimal;True;False;False;False;0.01523175;0.01523175;0.015175167;0.015175167;0.0005252327586206896;1.9333333333333333;0.0;3;0;3;0;0;0;0;0;3;371;0;0;0;7;223768aff140ce509a5356dd76ca38ba0853c98cb13f608b6e621675f62c4766;1.4501e-05;2.9041e-05;5.667e-06;0.014939749999999998;0.000299709;0.0045664189999999995;0.0028626259999999996;0.005358165999999999;0;0;0;0.00012554200000000003;1.0501e-05;0.00011004100000000001;5e-06;0.00012537600000000164
progressive_10s;10.0;10000000;free_order_v1;unordered-final-consolidated;495;0;22;117;3;8;69.92913296232227;18;18;0;0;0;4;11;19;57;13;39;0;44;39;5;11;0;57;39;11;57;5.181818181818182;8;46;11;4.181818181818182;7;0;0;;0;2;1;32.949506655487276;38.92201138311478;38.92201138311478;38.92201138311478;38.284586102726514;38.284586102726514;5.7833e-05;15.3447998070791;38.284586102726514;38.284586102726514;0;0;True;optimal;True;False;False;False;0.012416166;0.012416166;0.012336458;0.012336458;0.000689787;1.6363636363636365;0.0;3;0;3;0;0;0;0;0;3;187;0;0;0;6;bed0d854b9cae449754979dbeacc6e15a6f4fc1fce4e59e48d3fbb0263f5298c;1.7958e-05;4.225e-05;9.458e-06;0.012164208999999999;0.00013924899999999998;0.002199293;0.0017798759999999997;0.007087626;0;0;0;0.00011858399999999999;1.8251e-05;9.183299999999999e-05;8.5e-06;8.041600000000107e-05
progressive_10s;10.0;10000000;free_order_v1;unordered-final-consolidated;496;0;10;49;3;7;21.791061114716957;9;9;0;0;0;4;5;10;14;4;5;0;10;5;5;5;0;14;5;5;14;2.8;4;9;5;1.8;3;0;0;;0;2;1;676.791329731698;1105.439801563495;1105.439801563495;1105.439801563495;1104.1464565857095;1104.1464565857095;2.4666e-05;38.77628354122329;1104.1464565857095;1104.1464565857095;0;0;True;optimal;True;False;False;False;0.001606916;0.001606916;0.001574416;0.001574416;0.0001785462222222222;1.8;0.0;0;0;0;0;0;0;0;0;0;91;0;0;0;2;8ff672834a1e750c0423f2952cc9581b4b9f05ff474b97a796e593bd4cd8647f;9.207999999999999e-06;1.7e-05;2.917e-06;0.0015331659999999999;5.5211000000000004e-05;0.000746083;0.00043266599999999995;0;0;0;0;2.2833e-05;4.917e-06;1.5458e-05;2.458e-06;2.5792000000000054e-05
progressive_10s;10.0;10000000;free_order_v1;unordered-final-consolidated;497;0;10;48;3;7;21.791061114716957;2;2;0;0;0;0;2;3;3;1;1;0;2;1;1;2;0;3;1;2;3;1.5;2;1;2;0.5;1;0;0;;0;2;1;742.585219351961;1603.828963618553;1603.828963618553;1603.828963618553;1422.2546790983172;1422.2546790983172;2.4584e-05;53.69922627681303;1422.254679098317;1422.2546790983172;2.2737367544323206e-13;1.5986846714920475e-16;True;optimal;True;False;False;False;0.000241833;0.000241833;0.000210458;0.000210458;0.0001209165;1.0;0.0;0;0;0;0;0;0;0;0;0;6;0;0;0;1;5394591af84c8caf8fae5029a09978e4061088a2a8f7092857b6580f9e808e73;1.0125e-05;1.65e-05;2.208e-06;0.000197041;2.1240000000000003e-06;9.374900000000001e-05;5.2249999999999996e-05;0;0;0;0;1.2625e-05;5.042e-06;5.8750000000000005e-06;1.708e-06;7.5419999999999966e-06
progressive_10s;10.0;10000000;free_order_v1;unordered-final-consolidated;498;0;15;76;3;7;40.25014046988262;14;14;0;0;0;6;6;15;20;7;6;0;13;6;7;6;0;20;6;6;20;3.3333333333333335;5;14;6;2.3333333333333335;4;0;0;;0;2;1;1181.4136515209225;2471.284218107234;2471.284218107234;2471.284218107234;2103.6340380221377;2103.6340380221377;3.6542e-05;52.19434321375744;2103.6340380221377;2103.6340380221377;0;0;True;optimal;True;False;False;False;0.00602625;0.00602625;0.005978208;0.005978208;0.0004304464285714286;2.3333333333333335;0.0;4;0;4;0;0;0;0;0;4;148;0;0;0;4;2bd942e38091bd1fc3ea72551a83c21bb6b9b7ad48adc539705effd9a748c2ae;1.1958e-05;2.7084e-05;4.25e-06;0.005904583;9.1209e-05;0.0009597489999999999;0.000597292;0.003843833;0;0;0;4.4418e-05;9.792e-06;3.0835000000000005e-05;3.791e-06;4.27899999999999e-05
progressive_10s;10.0;10000000;free_order_v1;unordered-final-consolidated;499;0;15;78;4;7;40.25014046988262;27;27;0;0;0;8;15;28;66;15;39;0;51;39;12;15;0;66;39;15;66;4.4;7;51;15;3.4;6;0;0;;0;5;4;1172.4588316866395;2187.396868168409;2187.396868168409;2187.396868168409;2133.116886075283;2102.288340844781;4.0834e-05;46.39935492509029;2102.288340844781;2102.288340844781;0;0;True;optimal;True;False;False;False;0.022883209;0.022883209;0.022828375;0.022828375;0.0008475262592592593;1.8;0.0;12;1;11;0;0;1;0;0;11;264;0;0;0;8;47131f123ef95de56f84184eae45f5590270230905431e27dd183be4c7d817f5;1.4084000000000001e-05;2.8916e-05;5.25e-06;0.022574666999999996;0.00018512600000000003;0.001629084;0.0014207070000000002;0.01832225;0;0;0;0.00012853699999999997;1.0708e-05;0.00011312099999999998;4.708e-06;0.00014058700000000527
progressive_10s;10.0;10000000;free_order_v1;unordered-final-consolidated;500;0;20;102;4;8;61.07738392090622;22;22;0;0;0;2;11;23;47;19;25;0;28;25;3;11;0;47;25;11;47;4.2727272727272725;8;36;11;3.272727272727273;7;0;0;;0;2;1;1521.380520448451;3105.6842879197216;3105.6842879197216;3105.6842879197216;2892.332128097592;2892.332128097592;5.2917e-05;51.01303354091036;2892.332128097592;2892.332128097592;0;0;True;optimal;True;False;False;False;0.00655975;0.00655975;0.006486459;0.006486459;0.00029817045454545455;2.0;0.0;1;0;1;0;0;0;0;0;1;241;0;0;0;11;f731ec03983ac914894ca6bcb33a0c128ae173b8785ec4afe46ad5a930d6823b;1.7667e-05;3.7416e-05;8.459e-06;0.006327541;0.000150708;0.001634085;0.00096579;0.002584375;0;0;0;0.000102664;1.6207999999999998e-05;7.862200000000002e-05;7.834e-06;8.029600000000006e-05
progressive_10s;10.0;10000000;free_order_v1;unordered-final-consolidated;501;0;20;105;3;8;61.07738392090622;34;34;0;0;0;5;9;35;39;25;5;0;14;5;9;9;0;39;5;9;39;4.333333333333333;8;30;9;3.3333333333333335;7;0;0;;0;5;4;1694.9355683329086;4311.541904464163;4311.541904464163;4311.541904464163;4271.106585671222;3107.7038828767486;5.0917e-05;60.688412500920485;3107.703882876748;3107.7038828767486;4.547473508864641e-13;1.4632904807697193e-16;True;optimal;True;False;False;False;0.012290709;0.012290709;0.012219875;0.012219875;0.0003614914411764706;3.7777777777777777;0.0;0;0;0;0;0;0;0;0;0;441;0;0;0;19;7bdb2a9d079499a0750df02a282c6bed4d1388ebfacaa3a5751ebd6fbdfcfde9;1.7624999999999998e-05;3.5125e-05;7.709e-06;0.011999541000000002;0.00025196300000000007;0.006117793;0.003450912;0;0;0;0;0.000157958;1.3957e-05;0.00013704300000000002;6.958e-06;8.329099999999736e-05
progressive_10s;10.0;10000000;free_order_v1;unordered-final-consolidated;502;0;25;132;4;7;83.68151360887518;293;293;0;0;0;101;104;294;725;186;432;0;539;432;107;104;0;725;432;104;725;6.971153846153846;11;621;104;5.971153846153846;10;0;0;;0;7;6;2058.930069720679;4997.320565331526;4997.320565331526;4997.320565331526;4296.991413768837;4204.628699089508;7.25e-05;58.79931969935397;4204.628699089508;4204.628699089508;0;0;True;optimal;True;False;False;False;0.312306625;0.312306625;0.312201584;0.312201584;0.0010658929180887371;2.8173076923076925;0.0;61;0;61;0;0;0;0;0;61;5594;0;0;0;98;970ca6f46d61227551cfe27ca8a86c730fbfa9339ced60dc16ddc7c8282b5d51;1.8959000000000003e-05;5.575e-05;1.3959e-05;0.3097328639999999;0.003255913000000001;0.07566779400000001;0.04921545999999994;0.16158979100000004;0;0;0;0.0015437960000000014;2.2125e-05;0.0015085870000000013;1.3084e-05;0.0009601330000000895
progressive_10s;10.0;10000000;free_order_v1;unordered-final-consolidated;503;0;25;134;3;8;83.68151360887518;120;120;0;0;0;14;34;121;197;100;77;0;97;77;20;34;0;197;77;34;197;5.794117647058823;11;163;34;4.794117647058823;10;0;0;;0;7;6;2063.661418740972;5745.566894291072;5745.566894291072;5745.566894291072;5124.644347803776;4495.470054307977;7.375e-05;64.08254473911924;4495.470054307977;4495.470054307977;0;0;True;optimal;True;False;False;False;0.077534209;0.077534209;0.077435;0.077435;0.0006461184083333334;3.5294117647058822;0.0;12;1;11;1;0;0;0;2;9;2034;0;0;0;69;5eec663601981c3d2eff607bab84aa4674a2a2c13eb51d93a1839b5d530f6314;2.3834000000000003e-05;5.2625e-05;8.917e-06;0.07648904100000004;0.0010708310000000008;0.022584377000000006;0.015533454999999996;0.029749668000000003;0;0;0;0.000533043;2.0999e-05;0.0005042110000000001;7.833e-06;0.0004417479999999684
progressive_10s;10.0;10000000;free_order_v1;unordered-final-consolidated;504;0;30;160;3;8;107.70906734197344;331;331;0;0;0;69;87;332;802;255;471;0;547;471;76;87;0;802;471;87;802;9.218390804597702;15;715;87;8.218390804597702;14;0;0;;0;8;7;2260.3945655570847;5394.372955319078;5394.372955319078;5394.372955319078;4984.527265515546;4549.938806968274;9.4375e-05;58.09717673806293;4549.938806968273;4549.938806968274;9.094947017729282e-13;1.9989163379077287e-16;True;optimal;True;False;False;False;0.680738208;0.680738208;0.68059375;0.68059375;0.0020566109003021145;3.8045977011494254;0.0;112;0;112;0;0;0;0;36;76;7955;0;0;0;174;37354600ea882ee71aeea517c66db202b313c9f4700d6856213c5bdf717128be;3.0791e-05;6.625e-05;1.925e-05;0.677108168;0.004949285000000003;0.068360997;0.05263753499999999;0.5275667900000002;0;0;0;0.0022385439999999994;2.775e-05;0.0021926269999999995;1.8167e-05;0.001292955000000043
progressive_10s;10.0;10000000;free_order_v1;unordered-final-consolidated;505;0;30;161;3;9;107.70906734197344;330;330;0;0;0;51;127;331;996;276;666;0;720;666;54;127;0;996;666;127;996;7.84251968503937;15;869;127;6.84251968503937;14;0;0;;0;4;3;2472.4429700197334;6232.733523283482;6232.733523283482;6232.733523283482;6160.220963461242;5960.278168503267;9.8375e-05;60.33132235184636;5960.278168503266;5960.278168503267;9.094947017729282e-13;1.5259266028540388e-16;True;optimal;True;False;False;False;0.200574042;0.200574042;0.200435375;0.200435375;0.0006078001272727273;2.5984251968503935;0.0;11;0;11;0;0;0;0;6;5;7653;0;0;0;159;843ae92f14e3847541ec5b97be2f97df076e438676afb3b93ec2f89511cde870;3.1251e-05;7.025e-05;1.5e-05;0.19698262500000016;0.0036810440000000005;0.07406425400000001;0.049108535000000064;0.045283791999999996;0;0;0;0.002225582000000001;2.9e-05;0.0021828740000000013;1.3708e-05;0.0012698759999998366
progressive_10s;10.0;10000000;free_order_v1;unordered-final-consolidated;506;0;35;192;4;7;132.92440362991408;578;578;0;0;0;246;199;579;1774;328;1196;1;1447;1197;250;198;0;1774;1196;198;1774;8.95959595959596;15;1590;199;7.989949748743719;14;0;0;;0;5;4;2887.3755283301825;7504.4688739379535;7504.4688739379535;7504.4688739379535;6777.33395196758;6050.354946087365;0.000103667;61.52458519272878;6050.354946046945;6050.354946087365;4.041976353619248e-08;6.6805607102986704e-12;True;optimal;True;False;False;False;1.02949475;1.02949475;1.029342708;1.029342708;0.0017811327854671281;2.9045226130653266;0.0;188;0;188;0;0;0;0;0;188;12006;0;0;0;132;dd4b97a04bc0113a543ada0faf46c774e3bf026cfbf7205bca069aa5948597e9;2.7125e-05;7.9625e-05;1.8458e-05;1.0232483919999995;0.008030448;0.12951907699999995;0.10881352800000002;0.7321060009999996;0;0;0;0.003848939;3.8001e-05;0.003793688;1.725e-05;0.0023006280000004327
progressive_10s;10.0;10000000;free_order_v1;unordered-final-consolidated;507;0;35;191;3;8;132.92440362991408;455;455;0;0;0;96;123;456;1061;353;606;0;708;606;102;123;0;1061;606;123;1061;8.626016260162602;15;938;123;7.626016260162602;14;0;0;;0;7;6;2951.4408104517356;7800.280287456919;7800.280287456919;7800.280287456919;6837.252779928528;6393.614778475405;0.000107;62.16237491878671;6393.614778475405;6393.614778475405;0;0;True;optimal;True;False;False;False;0.662661334;0.662661334;0.662503333;0.662503333;0.0014563985362637363;3.6991869918699187;0.0;44;2;42;2;0;0;0;6;36;9639;0;0;0;234;101b471da3760993bdf88d3996173678b9ac5351d85c8881233da256405d9968;2.7584000000000002e-05;8.2125e-05;1.8625e-05;0.6573389639999999;0.0071073389999999955;0.15488553800000002;0.12272128800000003;0.32606345600000003;0;0;0;0.003552632000000002;3.7209e-05;0.003498340000000002;1.7083e-05;0.0016660290000000554
progressive_10s;10.0;10000000;free_order_v1;unordered-final-consolidated;508;0;40;215;3;8;159.15903982417854;2528;2528;0;0;0;922;893;2529;9566;1600;7038;1;7967;7039;928;892;0;9566;7038;892;9566;10.72421524663677;20;8691;893;9.732362821948488;19;0;0;;0;7;6;3360.048447507863;10735.919052887062;10735.919052887062;10735.919052887062;9829.404609674066;8727.929019685942;0.000124375;68.70274048308615;8727.92901968594;8727.929019685942;1.8189894035458565e-12;2.0841019667358723e-16;True;optimal;True;False;False;False;5.247657333;5.247657333;5.247418666;5.247418666;0.0020758138184335446;2.8309070548712207;0.0;539;9;530;9;0;0;0;50;480;69784;0;0;0;728;5a6cae59434f83476a06ec0970fd0b4b75b74324923ea7e810443b7bb34193af;2.65e-05;0.000101417;2.9917e-05;5.218076430999992;0.04144742399999998;0.9211716000000009;0.7018379359999994;3.3045743690000036;0;0;0;0.017784789000000027;4.2625e-05;0.017713706000000027;2.8458e-05;0.011628529000007628
progressive_10s;10.0;10000000;free_order_v1;unordered-final-consolidated;509;0;40;220;3;10;159.15903982417854;357;357;0;0;0;50;102;358;943;303;586;1;641;587;54;101;0;943;586;101;943;9.336633663366337;17;858;102;8.411764705882353;16;0;0;;0;5;4;3332.1812358873876;9763.97709204889;9763.97709204889;9763.97709204889;9267.33685062125;7938.366189546198;0.000124541;65.87270530774917;7938.366189486218;7938.366189546198;5.998026608722284e-08;7.555744425875578e-12;True;optimal;True;False;False;False;0.871770458;0.871770458;0.87157575;0.87157575;0.0024419340560224087;3.5;0.0;142;0;142;0;0;0;0;63;79;6788;0;0;0;204;529a3fc5ee785dcad28c41fb4f446cad57487d810ae9c05f914066b8bb1e5c5e;2.7792e-05;0.000100292;2.8833e-05;0.8671307080000001;0.005154453999999997;0.08012458900000001;0.06853555099999996;0.6847648339999999;0;0;0;0.003047556999999997;4.5e-05;0.0029752229999999973;2.7334e-05;0.0014698189999998463
progressive_10s;10.0;10000000;free_order_v1;unordered-final-consolidated;510;0;45;249;4;8;186.28645872124443;684;684;0;0;0;176;210;685;2146;502;1462;0;1644;1462;182;210;0;2146;1462;210;2146;10.219047619047618;20;1936;210;9.219047619047618;19;0;0;;0;8;7;3802.9069155055586;11232.12562191698;11232.12562191698;11232.12562191698;9716.902910245828;9148.085665887746;0.000150166;66.14258918111604;9148.085665815488;9148.085665887746;7.22575350664556e-08;7.898650898722604e-12;True;optimal;True;False;False;False;0.507222;0.507222;0.506989041;0.506989041;0.0007415526315789473;3.257142857142857;0.0;31;1;30;1;0;0;0;8;22;19315;0;0;0;326;bb2de9ac4c906f920f8628d801742855872cb69c5e700e29ea58b26a3a55abc3;3.0959e-05;0.000122625;3.125e-05;0.49786328999999996;0.011313757999999978;0.17154504099999973;0.12091815699999997;0.123140707;0;0;0;0.006538793000000001;5.3666000000000004e-05;0.006455877000000001;2.925e-05;0.002669874000000014
progressive_10s;10.0;10000000;free_order_v1;unordered-final-consolidated;511;0;45;247;3;8;186.28645872124443;2093;2093;0;0;0;757;678;2094;8751;1330;6658;1;7422;6659;763;677;0;8751;6658;677;8751;12.926144756277695;20;8093;678;11.936578171091446;19;0;0;;0;7;6;3772.3637858509883;12409.841232881226;12409.841232881226;12409.841232881226;10206.153575236402;9575.322104578052;0.000150625;69.60183684013863;9575.322104502602;9575.322104578052;7.544986146967858e-08;7.879616021857405e-12;True;optimal;True;False;False;False;5.897979166;5.897979166;5.897668958;5.897668958;0.0028179546899187767;3.0870206489675516;0.0;715;59;656;59;0;0;0;56;600;60183;0;0;0;718;dee5af8072717b46e7530d3133eaaf9e638634b27c8bfc3d023671ef306b3075;3.3083e-05;0.00012125;2.55e-05;5.867945089999993;0.04368574600000002;0.6212719349999999;0.5613725139999997;4.419189009000005;0;0;0;0.019220066999999938;5.3334e-05;0.01914298299999994;2.375e-05;0.010580885000006764
progressive_10s;10.0;10000000;free_order_v1;unordered-final-consolidated;512;0;50;276;3;10;214.20813806359016;3315;3315;0;0;0;925;1125;3316;12253;2385;8938;1;9869;8939;930;1124;0;12253;8938;1124;12253;10.901245551601424;22;11151;1125;9.912;22;0;0;;0;6;5;4068.074070122126;13238.011361740324;13238.011361740324;13238.011361740324;12595.649131542523;10933.803271746137;0.000364708;69.26974936825164;10933.803271746137;10933.803271746137;0;0;True;optimal;True;False;False;False;5.828113875;5.828113875;5.827594708;5.827594708;0.0017581037330316742;2.9466666666666668;0.0;467;27;440;27;0;0;0;64;376;88734;0;0;0;1345;1baa16217f497d689e424b364dc78a31c79cac1af5ae4f52ee16f4548a52e1a7;7.2208e-05;0.000303042;3.7125e-05;5.776240764999993;0.05761827399999996;0.9993943569999991;0.7724503819999994;3.6008692840000007;0;0;0;0.03663483199999998;0.00015608400000000002;0.03644308199999998;3.5666e-05;0.014910861000007637
progressive_10s;10.0;10000000;free_order_v1;unordered-final-consolidated;513;0;50;273;4;10;214.20813806359016;3107;3107;0;0;0;688;1092;3108;12083;2410;8976;0;9673;8976;697;1092;0;12083;8976;1092;12083;11.065018315018316;23;10991;1092;10.065018315018316;22;0;0;;0;10;9;4242.388335831599;13971.588277034449;13971.588277034449;13971.588277034449;13651.761514698528;11511.525872334709;0.000171959;69.63560440150567;11511.52587224562;11511.525872334709;8.908864401746541e-08;7.739082116956308e-12;True;optimal;True;False;False;False;8.292866875;8.292866875;8.292529916;8.292529916;0.0026690913662697135;2.8452380952380953;0.0;1188;0;1188;0;0;0;0;77;1111;75205;0;0;0;1332;8a3860f5560ff51661b0558fe444e5f2d81740bfe03b25343b8b33909ffaa3e2;3.1417e-05;0.000144209;3.7959e-05;8.244804046000022;0.05090874299999998;0.5716674840000001;0.5165406760000005;6.848227744000001;0;0;0;0.03386104099999997;6.425e-05;0.03376033299999996;3.6458e-05;0.01396553699997767
progressive_60s;60.0;10000000;free_order_v1;unordered-final-consolidated;514;0;60;333;3;10;272.1329303702744;11876;11876;0;0;0;6275;5194;11877;71515;5592;59639;0;65923;59639;6284;5194;0;71515;59639;5194;71515;13.76877165960724;29;66321;5194;12.76877165960724;28;0;0;;0;11;10;5056.267884200757;16223.261931017725;16223.261931017725;16223.261931017725;15969.892178419172;13472.209639591718;0.000248833;68.8332229011631;13472.209639591718;13472.209639591718;0;0;True;optimal;True;False;False;False;45.359935084;45.359935084;45.359539;45.359539;0.00381946236813742;2.286484405082788;0.0;4522;2;4520;2;0;0;0;489;4031;314848;0;0;0;2246;3d05932a3595bcf848c086bbc13ba43d0b234eac20840e1ffd25d1e6582519d8;4.3625e-05;0.000211417;5.4959e-05;45.08476840299986;0.30329452900000026;3.20305397300002;3.2379673010000065;36.957551297;0;0;0;0.198595950999999;9.1082e-05;0.198452076999999;5.2792e-05;0.07631852000013584
progressive_600s;600.0;10000000;free_order_v1;unordered-final-consolidated;515;0;60;334;3;9;272.1329303702744;44714;44714;0;0;0;22399;16417;44715;239649;22306;194935;2;217345;194937;22408;16415;0;239649;194935;16415;239649;14.599390801096558;27;223287;16417;13.60096241700676;27;0;0;;0;10;9;5119.646119801641;17128.3517045047;17128.3517045047;17128.3517045047;15541.540210590232;14160.109192156879;0.000239292;70.11010628386857;14160.10919201865;14160.109192156879;1.3822864275425673e-07;9.761834522492241e-12;True;optimal;True;False;False;False;72.128639125;72.128639125;72.127775208;72.127775208;0.0016131108629288367;2.723640129134434;0.0;4415;29;4386;25;0;4;0;1596;2790;1769226;0;0;0;9478;9ac68864d7fd7fc5246e97d69d630f828ac211111429093b645fdf52984246c4;4.9167e-05;0.000196833;5.9542e-05;71.21101050899975;1.1299948869999954;16.61816204899987;12.161695528999953;35.13564932600006;0;0;0;0.6532689299999968;8.808299999999999e-05;0.6531237219999968;5.7125e-05;0.263640977000257
progressive_10s;10.0;10000000;free_order_v1;unordered-final-consolidated;516;0;10;50;3;7;21.791061114716957;6;6;0;0;0;1;3;7;6;3;0;0;3;0;3;3;0;6;0;3;6;2.0;3;3;3;1.0;2;0;0;;0;3;2;8155.131362571666;11215.175186971253;11215.175186971253;11215.175186971253;10512.445969770806;10439.32633757311;2.6375e-05;27.284850868441726;10439.326337573108;10439.32633757311;1.8189894035458565e-12;1.742439449372293e-16;True;optimal;True;False;False;False;0.000482709;0.000482709;0.00044775;0.00044775;8.04515e-05;2.0;0.0;0;0;0;0;0;0;0;0;0;37;0;0;0;2;b6a459a837fc06c9a86da19c1e3910722ed7bece7787ee35ea8336922fcce471;1.0625e-05;1.7583e-05;3.625e-06;0.00041850000000000004;2.4958e-05;0.00015104;0.000101874;0;0;0;0;2.0749e-05;5.668e-06;1.1998000000000001e-05;3.083e-06;1.7251999999999976e-05
progressive_10s;10.0;10000000;free_order_v1;unordered-final-consolidated;517;0;15;76;3;8;40.25014046988262;30;30;0;0;0;3;10;31;37;22;7;0;15;7;8;10;0;37;7;10;37;3.7;6;27;10;2.7;5;0;0;;0;6;5;15750.876461556034;32313.59667857783;32313.59667857783;32313.59667857783;31600.43085451559;26314.89839852785;4.0375e-05;51.25619528451311;26314.898398527846;26314.89839852785;3.637978807091713e-12;1.3824787586089386e-16;True;optimal;True;False;False;False;0.009582333;0.009582333;0.00952725;0.00952725;0.0003194111;3.0;0.0;2;0;2;0;0;0;0;0;2;292;0;0;0;13;2e4b8cc7db5eb08f57040e44e9d1e4cec176408dff602fc1b1aba456f349f5d2;1.5748999999999998e-05;2.6959e-05;5.292e-06;0.009296418;0.000146916;0.003918747000000001;0.002248875;0.0014789579999999998;0;0;0;0.00012858100000000003;9.166e-06;0.00011470600000000001;4.709e-06;0.00011612599999999852
progressive_10s;10.0;10000000;free_order_v1;unordered-final-consolidated;518;0;20;105;4;8;61.07738392090622;40;40;0;0;0;9;17;41;91;27;51;0;64;51;13;17;0;91;51;17;91;5.352941176470588;9;74;17;4.352941176470588;8;0;0;;0;5;4;14962.409308717632;23681.048054842988;23681.048054842988;23681.048054842988;23373.71627744501;22176.75705058037;7.6334e-05;36.816946302097115;22176.75705058037;22176.75705058037;0;0;True;optimal;True;False;False;False;0.015202833;0.015202833;0.015106584;0.015106584;0.000380070825;2.3529411764705883;0.0;2;0;2;0;0;0;0;0;2;536;0;0;0;12;7171e158648d91133772089f505438081022fb7bd7cd1318864b79c05c88962a;2.3708e-05;5.5375e-05;7.833e-06;0.014774502;0.00027596;0.006146582000000001;0.003636958;0.002445417;0;0;0;0.00024091900000000003;3.0583e-05;0.000203377;6.959e-06;0.00012870499999999917
progressive_10s;10.0;10000000;free_order_v1;unordered-final-consolidated;519;0;25;130;3;7;83.68151360887518;60;60;0;0;0;20;20;61;117;37;57;1;81;58;23;19;0;117;57;19;117;6.157894736842105;9;106;20;5.3;8;0;0;;0;4;3;17444.182186299247;30530.001995493145;30530.001995493145;30530.001995493145;26885.154655473194;25823.330900740115;7.2292e-05;42.862164932467515;25823.330900740115;25823.330900740115;0;0;True;optimal;True;False;False;False;0.019310333;0.019310333;0.019211667;0.019211667;0.0003218388833333333;3.0;0.0;0;0;0;0;0;0;0;0;0;1113;0;0;0;22;582e4b55c58ecca430187daf0c3aa032b7b484090ea83ed9019dc801ae599284;2.0041e-05;5.4917e-05;1.075e-05;0.018696546;0.00047991600000000004;0.008952417;0.005348624000000002;0;0;0;0;0.000304668;2.4959e-05;0.000269959;9.75e-06;0.0002451620000000003
progressive_10s;10.0;10000000;free_order_v1;unordered-final-consolidated;520;0;30;158;3;8;107.70906734197344;77;77;0;0;0;7;25;78;155;66;78;1;90;79;11;24;0;155;78;24;155;6.458333333333333;11;142;25;5.68;11;0;0;;0;5;4;16403.69061302974;45121.357969759454;45121.357969759454;45121.357969759454;34472.53758535938;28699.921749996294;8.4708e-05;63.645396878295266;28699.921749799454;28699.921749996294;1.968401193153113e-07;6.858559442425543e-12;True;optimal;True;False;False;False;0.033011792;0.033011792;0.032893667;0.032893667;0.0004287245714285714;3.08;0.0;4;0;4;0;0;0;0;1;3;1335;0;0;0;48;12e14ef82e809592eeb35b80eed10d5bae302ca7b64b5d3d55d7a24870cdd9e0;2.4625000000000002e-05;6.3e-05;1.3084e-05;0.032056213;0.0006603770000000002;0.009132786000000002;0.006742416;0.010664083;0;0;0;0.0006302079999999999;2.9083000000000003e-05;0.000589166;1.1959e-05;0.00024828800000000135
progressive_10s;10.0;10000000;free_order_v1;unordered-final-consolidated;521;0;35;190;3;8;132.92440362991408;897;897;0;0;0;418;310;898;3445;476;2548;0;2969;2548;421;310;0;3445;2548;310;3445;11.112903225806452;17;3135;310;10.112903225806452;16;0;0;;0;4;3;18744.105480625105;40947.31531749674;40947.31531749674;40947.31531749674;38788.288103720784;35833.82584881692;0.000119959;54.22384755804547;35833.825848816916;35833.82584881692;7.275957614183426e-12;2.0304718912462e-16;True;optimal;True;False;False;False;1.326775792;1.326775792;1.326588708;1.326588708;0.0014791257435897436;2.893548387096774;0.0;127;1;126;1;0;0;0;81;45;27876;0;0;0;192;d039c35ab4ad629876b6711d754b6a8f1d057e66215007208c9ad8f8c12bfc01;2.6708e-05;9.6e-05;2.825e-05;1.316209252000001;0.015852917999999973;0.29829216700000016;0.2353200949999998;0.6768142119999999;0;0;0;0.006906786999999992;4.5041e-05;0.006834953999999992;2.6792e-05;0.003544501999999018
progressive_10s;10.0;10000000;free_order_v1;unordered-final-consolidated;522;0;40;218;3;10;159.15903982417854;1941;1941;0;0;0;717;571;1942;7193;1214;5252;0;5979;5252;727;571;0;7193;5252;571;7193;12.597197898423818;20;6622;571;11.597197898423818;19;0;0;;0;11;10;17348.018945804735;35364.66845586456;35364.66845586456;35364.66845586456;33973.78827114706;28536.24055854914;0.0001355;50.94533696122381;28536.24055854914;28536.24055854914;0;0;True;optimal;True;False;False;False;6.906637834;6.906637834;6.906379166;6.906379166;0.003558288425553838;3.3992994746059546;0.0;813;3;810;3;0;0;0;68;742;52448;0;0;0;687;63d15069982f559fb0691bc41d5559fdf4346986a704625135d85424b80c8320;2.7e-05;0.000112167;3.5375e-05;6.875904764999993;0.04217753800000004;0.7951310730000007;0.7768847459999991;5.038261666000002;0;0;0;0.020660155999999995;5.2082e-05;0.020574156999999996;3.3917e-05;0.009900244000006428
progressive_10s;10.0;10000000;free_order_v1;unordered-final-consolidated;523;0;45;249;3;10;186.28645872124443;647;647;0;0;0;189;191;648;1855;451;1208;2;1406;1210;196;189;0;1855;1208;189;1855;9.814814814814815;19;1699;191;8.895287958115183;18;0;0;;0;8;7;17907.218536981112;45957.78945998373;45957.78945998373;45957.78945998373;45932.063998562386;32807.06403230302;0.000186541;61.03550943725602;32807.06403230301;32807.06403230302;7.275957614183426e-12;2.2178021193908897e-16;True;optimal;True;False;False;False;1.428294167;1.428294167;1.428005708;1.428005708;0.002207564400309119;3.387434554973822;0.0;149;0;149;0;0;0;0;50;99;14560;0;0;0;269;2742237d1a72cba51057c4534c673ba4ded49eace0e3934fc37f7d05ba5bca65;3.3083e-05;0.00015875;4.25e-05;1.4184551639999996;0.011206299;0.15410071699999997;0.13623802399999996;1.054303873;0;0;0;0.007072247999999996;9.0708e-05;0.0069406229999999965;4.0917e-05;0.0026099210000003308
progressive_10s;10.0;10000000;free_order_v1;unordered-final-consolidated;524;0;50;275;3;10;214.20813806359016;763;763;0;0;0;183;302;764;2891;575;2128;2;2318;2130;188;300;0;2891;2128;300;2891;9.636666666666667;19;2626;302;8.695364238410596;19;0;0;;0;7;6;17479.861153224298;43694.34755873227;43694.34755873227;43694.34755873227;38286.96769748196;35623.50261590636;0.000182083;59.99514323968669;35623.50261590636;35623.50261590636;0;0;True;optimal;True;False;False;False;0.607345042;0.607345042;0.607057667;0.607057667;0.0007959961231979029;2.5264900662251657;0.0;64;0;64;0;0;0;0;6;58;18637;0;0;0;308;a94e358f824ed4f91ce34650a9a12b7886f13aa1c7662397f4ad51ba46b20ba7;3.5292e-05;0.000150625;4.2958e-05;0.5935827570000001;0.009372874000000008;0.14307225700000004;0.11459509099999997;0.26194912499999995;0;0;0;0.010530081;6.9375e-05;0.010419497;4.1209e-05;0.003055412999999896
progressive_10s;10.0;10000000;free_order_v1;unordered-final-consolidated;525;0;60;335;3;9;272.1329303702744;3395;3395;0;0;0;696;974;3396;11431;2694;8036;1;8738;8037;701;973;0;11431;8036;973;11431;11.748201438848922;27;10478;974;10.757700205338809;26;0;0;;0;6;5;19368.366575713088;43481.698287663705;43481.698287663705;43481.698287663705;43209.83815875188;39208.24104127366;0.000260292;55.456278529930074;39208.24104127365;39208.24104127366;7.275957614183426e-12;1.855721506742469e-16;True;optimal;True;False;False;False;7.428108291;7.428108291;7.427613541;7.427613541;0.0021879553139911635;3.4856262833675564;0.0;687;21;666;20;0;1;0;105;561;81886;0;0;0;1749;715e024273223e81c1b50c8a9cff58f2c4111d6eebbe73d14b0174f7613ce9dc;5.3750000000000005e-05;0.000213125;6.6333e-05;7.363140486000008;0.06831400100000008;0.8701509899999983;0.7493626459999986;5.290607839000006;0;0;0;0.05003237399999979;0.000105208;0.04986299899999979;6.4167e-05;0.014610055999992773
progressive_10s;10.0;10000000;free_order_v1;unordered-final-consolidated;526;0;5;37;4;13;6.906890595608517;5;5;0;0;0;2;4;6;9;3;4;0;6;4;2;3;1;6;4;4;9;2.25;3;5;4;1.25;2;1;3;3;3;1;0;83.87664812091624;110.39978635969192;110.39978635969192;110.39978635969192;;110.39978635969192;2.1375e-05;24.02462822922595;110.39978635935643;110.39978635969192;3.354898581164889e-10;3.0388632911248065e-12;True;optimal;True;False;False;False;0.000438375;0.000438375;0.000409417;0.000409417;8.7675e-05;1.25;10.816538351867692;0;0;0;0;0;0;0;0;0;18;0;0;0;1;c5febf9185559485f6fbd442815c4bd55cf4f57eb3085cdfb870b4de7756281a;9e-06;1.4041e-05;3.042e-06;0.00033874999999999997;6.833999999999999e-06;0.00012658300000000002;0.000100624;0;0;0;4.7417e-05;1.5334e-05;3.1249999999999997e-06;9.709e-06;2.5e-06;1.354100000000001e-05
progressive_10s;10.0;10000000;free_order_v1;unordered-final-consolidated;527;0;4;17;4;5;4.584962500721156;1;1;0;0;0;0;2;2;3;1;2;0;2;2;0;2;0;3;2;2;3;1.5;2;1;2;0.5;1;0;0;;0;1;0;214.20996452079441;216.59520543651357;216.59520543651357;216.59520543651357;;216.59520543651357;1.5542e-05;1.1012436359854105;216.59520543587095;216.59520543651357;6.426148502214346e-10;2.966893237208762e-12;True;optimal;True;False;False;False;0.000138333;0.000138333;0.000118042;0.000118042;0.000138333;0.5;0.0;0;0;0;0;0;0;0;0;0;2;0;0;0;1;3b5b4039e2b6a804cc34fc80d31ae04bc869fa1a99e58a93dc37ada94f50e714;7.416e-06;9.75e-06;1.25e-06;0.000110292;2.0458e-05;3.6209e-05;2.4916e-05;0;0;0;0;3.584e-06;1.417e-06;1.2499999999999999e-06;9.17e-07;6.500000000000012e-06
progressive_10s;10.0;10000000;free_order_v1;unordered-final-consolidated;528;0;10;95;4;22;21.791061114716957;17;17;0;0;0;0;15;18;69;15;52;0;54;52;2;15;0;69;52;15;69;4.6;8;54;15;3.6;7;0;0;;0;3;2;212.8370028918844;374.8954084112418;374.8954084112418;374.8954084112418;373.88729985795635;372.2183934029204;3.9875e-05;43.227631462903204;372.2183934029204;372.2183934029204;0;0;True;optimal;True;False;False;False;0.002925875;0.002925875;0.002872166;0.002872166;0.00017211029411764707;1.1333333333333333;0.0;0;0;0;0;0;0;0;0;0;146;0;0;0;6;33ccab5049d4fa9c39c095af863321831aa5c6ef48c2c3a303fd18e27f3ce45f;1.3792e-05;2.7958e-05;5.375e-06;0.0026303739999999996;3.866599999999999e-05;0.000842499;0.0009697500000000001;0;0;0;0;0.00012400100000000002;9.084e-06;0.00011000000000000002;4.917e-06;0.00013179200000000064
progressive_10s;10.0;10000000;free_order_v1;unordered-final-consolidated;529;0;10;100;8;14;21.791061114716957;19;19;0;0;0;0;15;20;76;18;57;0;58;57;1;15;0;76;57;15;76;5.066666666666666;8;61;15;4.066666666666666;7;0;0;;0;2;1;150.09326733734594;225.9829621489317;225.9829621489317;225.9829621489317;223.1873373916557;223.1873373916557;4.7333e-05;33.58204268584261;223.1873373916557;223.1873373916557;0;0;True;optimal;True;False;False;False;0.003267;0.003267;0.003204709;0.003204709;0.00017194736842105263;1.2666666666666666;0.0;0;0;0;0;0;0;0;0;0;168;0;0;0;5;4425d2e411556df9fbfa7acf3d0335947157bfe4fbf861d3b8e4cd337d473f85;1.9166e-05;3.0458e-05;5.75e-06;0.002916209;4.4746e-05;0.000827459;0.0010092079999999997;0;0;0;0;0.00015508400000000002;9.541e-06;0.000140251;5.292e-06;0.00014824900000000012
progressive_10s;10.0;10000000;free_order_v1;unordered-final-consolidated;530;0;15;74;4;8;40.25014046988262;52;52;0;0;0;1;29;53;187;48;135;0;139;135;4;29;0;187;135;29;187;6.448275862068965;12;158;29;5.448275862068965;11;0;0;;0;4;3;213.59040661977306;482.0712456239225;482.0712456239225;482.0712456239225;471.3800635029796;457.7421979720199;6.3208e-05;55.69318673148968;457.74219797201954;457.7421979720199;3.410605131648481e-13;7.450930123459928e-16;True;optimal;True;False;False;False;0.010327625;0.010327625;0.010242375;0.010242375;0.00019860817307692307;1.793103448275862;0.0;0;0;0;0;0;0;0;0;0;646;0;0;0;21;fc0e87960cb62e5183da0410626666f61f0ed4c0e402736bcb9ba6817b92b238;3.825e-05;3.1291e-05;6.208e-06;0.009659036999999999;9.308100000000003e-05;0.0028945859999999993;0.0033034169999999995;0;0;0;0;0.0003217090000000002;7.709e-06;0.0003082500000000002;5.75e-06;0.00027508800000000075
progressive_10s;10.0;10000000;free_order_v1;unordered-final-consolidated;531;0;15;158;4;19;40.25014046988262;45;45;0;0;0;4;14;46;80;37;35;0;43;35;8;14;0;80;35;14;80;5.714285714285714;11;66;14;4.714285714285714;10;0;0;;0;5;4;233.97003440611795;531.1135478518997;531.1135478518997;531.1135478518997;526.8038887193875;452.2946513433854;6e-05;55.947266765757554;452.29465134338534;452.2946513433854;5.684341886080802e-14;1.2567784892431124e-16;True;optimal;True;False;False;False;0.012819041;0.012819041;0.012738542;0.012738542;0.0002848675777777778;3.2142857142857144;0.0;0;0;0;0;0;0;0;0;0;624;0;0;0;26;1248f7c24fc4c90f3f20efe33e600eebee4c3c62ba4e00553776d6eb06c67ce3;2.0792e-05;4.1417e-05;7.541e-06;0.012156871999999999;0.00012599899999999998;0.0033329209999999995;0.003722665;0;0;0;0;0.0004163790000000001;1.3790999999999999e-05;0.0003955880000000001;7e-06;0.00018608200000000104
progressive_10s;10.0;10000000;free_order_v1;unordered-final-consolidated;532;0;20;175;4;28;61.07738392090622;57;57;0;0;0;4;29;58;224;51;167;0;173;167;6;29;0;224;167;29;224;7.724137931034483;14;195;29;6.724137931034483;13;0;0;;0;3;2;240.53232984361995;501.3803211842193;501.3803211842193;501.3803211842193;457.0428649887514;451.5402190740687;8.2792e-05;52.02597316234864;451.54021907406866;451.5402190740687;5.684341886080802e-14;1.2588783116013785e-16;True;optimal;True;False;False;False;0.012273583;0.012273583;0.01215575;0.01215575;0.00021532601754385963;1.9655172413793103;0.0;0;0;0;0;0;0;0;0;0;926;0;0;0;24;de58ba23772b15d44eaf72c83cd0688cf038cfc28a3edd12f359c01d087cb694;2.7459e-05;5.8083e-05;1.4334e-05;0.011445618000000001;0.000273748;0.0032166209999999994;0.0037984600000000005;0;0;0;0;0.000511548;2.2001e-05;0.0004757970000000001;1.375e-05;0.00023433499999999866
progressive_10s;10.0;10000000;free_order_v1;unordered-final-consolidated;533;0;20;241;4;25;61.07738392090622;47;47;0;0;0;10;26;48;169;36;122;0;133;122;11;25;1;165;122;26;169;6.5;11;151;26;5.8076923076923075;11;1;4;4;4;2;1;251.47952998206435;361.89142993602826;361.89142993602826;361.89142993602826;332.9136836785746;332.9136836785746;8.4583e-05;30.50967522869538;332.91368367857456;332.9136836785746;5.684341886080802e-14;1.7074521609538244e-16;True;optimal;True;False;False;False;0.0438785;0.0438785;0.043749;0.043749;0.0009335851063829787;1.8076923076923077;0.23103570085577216;6;1;5;1;0;0;0;0;5;645;0;0;0;20;9555df5c557e460f044014cb6168927ad80c3ef59a02cbfb66c961c2f94cd5b9;2.55e-05;6.25e-05;2.025e-05;0.04290758699999999;0.0004582870000000001;0.007605542999999999;0.006066878000000002;0.025169958;0;0;0.000101375;0.0005695760000000001;3.2291e-05;0.0005177440000000001;1.9541e-05;0.00022229400000001295
progressive_10s;10.0;10000000;free_order_v1;unordered-final-consolidated;534;0;30;208;4;12;107.70906734197344;2422;2422;0;0;0;63;895;2423;8870;2356;6448;0;6514;6448;66;895;0;8870;6448;895;8870;9.910614525139664;22;7975;895;8.910614525139664;21;0;0;;0;4;3;263.4529392510169;732.6001118251289;732.6001118251289;732.6001118251289;710.0635362065842;691.7134882139225;0.0001085;64.03864332006779;691.7134882139225;691.7134882139225;0;0;True;optimal;True;False;False;False;0.742932708;0.742932708;0.742704542;0.742704542;0.0003067434797687861;2.706145251396648;0.0;0;0;0;0;0;0;0;0;0;42538;0;0;0;1690;475014162f7f4dbeb0ff030578929006f8a2428472a71aa4eb1e4c247a00d5e0;2.7000000000000002e-05;8.5e-05;2.2125e-05;0.7149884200000008;0.004952633000000014;0.24951315599999968;0.26808752399999997;0;0;0;0;0.019321472999999985;3.1416e-05;0.019269098999999984;2.0958e-05;0.008447022999999193
progressive_10s;10.0;10000000;free_order_v1;unordered-final-consolidated;535;0;30;244;4;23;107.70906734197344;180;180;0;0;0;8;79;181;790;168;610;0;622;610;12;79;0;790;610;79;790;10.0;21;711;79;9.0;20;0;0;;0;5;4;919.1918242673833;1623.5118941732899;1623.5118941732899;1623.5118941732899;1613.8311055916229;1542.380629385693;0.000130125;43.382501380721585;1542.380629385693;1542.380629385693;0;0;True;optimal;True;False;False;False;0.078341708;0.078341708;0.078145959;0.078145959;0.0004352317111111111;2.278481012658228;0.0;1;0;1;0;0;0;0;0;1;3735;0;0;0;90;0501cae9cacceb8bad48928528e7789bf295e53b2184cf4d143f12d85caf9c61;2.8042e-05;0.000105042;2.7833e-05;0.07469461999999999;0.0006645780000000003;0.02512987699999999;0.021887712000000004;0.006100417;0;0;0;0.0027620929999999998;4.5876e-05;0.002689342;2.6875e-05;0.0007619970000000116
progressive_10s;10.0;10000000;free_order_v1;unordered-final-consolidated;536;0;40;618;4;33;159.15903982417854;417;417;0;0;0;41;145;418;1271;371;854;1;901;855;46;142;2;1265;854;144;1271;8.82638888888889;22;1177;145;8.117241379310345;22;1;3;3;3;6;5;266.66710070798007;730.7738723819916;730.7738723819916;730.7738723819916;674.5795228286524;629.5171573669943;0.00023;63.508944314228664;629.5171573669942;629.5171573669943;1.1368683772161603e-13;1.805937080366805e-16;True;optimal;True;False;False;False;0.377552125;0.377552125;0.377191083;0.377191083;0.0009054007793764989;2.8758620689655174;0.01711684181356415;54;5;49;5;0;0;0;35;14;8829;0;0;0;237;54d4c1ea04510ed7b3b8cbe79a3f5e05e8868057e7a6b8c6d12617be81c14d44;4.8958e-05;0.000184792;5.6875e-05;0.36818366699999977;0.004562081999999998;0.05225309399999997;0.05262970700000002;0.219591292;0;0;6.4625e-05;0.007635004999999997;0.00010337499999999999;0.007476046999999997;5.5583e-05;0.001466744000000215
progressive_10s;10.0;10000000;free_order_v1;unordered-final-consolidated;537;0;40;508;6;22;159.15903982417854;2687;2687;0;0;0;551;1206;2688;14217;2131;11530;1;12087;11531;556;1166;39;13959;11530;1205;14217;11.798340248962656;20;13432;1206;11.137645107794361;19;3;18;4;7;6;5;338.89397825868787;802.3403943683061;802.3403943683061;802.3403943683061;762.3186405804609;750.554116766571;0.000211375;57.761820215283585;750.5541167665707;750.554116766571;3.410605131648481e-13;4.544116214219912e-16;True;optimal;True;False;False;False;3.22687725;3.22687725;3.226473;3.226473;0.001200921938965389;2.228026533996683;0.018632564966640737;296;179;117;178;0;1;0;58;59;63978;0;0;0;963;9784a8d5855f9361380140d94beed80c3a6f016b563272a640dfca77c14d07e4;4.2583e-05;0.000172459;6.2667e-05;3.1561051609999953;0.03940917299999993;0.5130322379999996;0.47799191100000077;1.807249588000001;0;0;0.00060125;0.05732342600000026;9.8958e-05;0.05716326000000026;6.1208e-05;0.012603329000004396
progressive_60s;60.0;10000000;free_order_v1;unordered-final-consolidated;538;0;50;778;5;170;214.20813806359016;10536;10536;0;0;0;1104;8760;10537;131375;9422;120839;0;121953;120839;1114;8754;6;131352;120839;8760;131375;14.997146118721462;34;122782;8760;14.0162100456621;34;4;17;2;10;11;10;584.9131146589209;1677.3200563835362;1677.3200563835362;1677.3200563835362;1623.7406947973238;1533.206514414014;0.000348791;65.12811538663348;1533.2065143958816;1533.206514414014;1.8132368495571427e-08;1.1826435855251733e-11;True;optimal;True;False;False;False;12.425328958;12.425328958;12.424626542;12.424626542;0.0011793212754365983;1.2027397260273973;0.00787872903251951;699;506;193;500;0;6;0;161;32;281161;0;0;0;3609;9df7259cc28a35fd4ef1d2442f91d9d289562570f6c78d5bb62be0b5e9eaa6fa;6.0042e-05;0.000293667;0.000145458;11.45020209900005;0.11572812399999997;1.5494379709999992;1.6657896379999997;6.442514375999994;0;0;0.000978958;0.8837663049999966;0.00016862500000000002;0.8834538049999966;0.000143875;0.08999167999995383
progressive_60s;60.0;10000000;free_order_v1;unordered-final-consolidated;539;0;50;462;4;22;214.20813806359016;25495;25495;0;0;0;1004;12242;25496;189157;24480;163662;0;164677;163662;1015;12237;5;189138;163662;12242;189157;15.451478516582258;36;177071;12242;14.464221532429342;35;3;11;3;5;12;11;704.362872743872;1500.5255077311158;1500.5255077311158;1500.5255077311158;1465.6985160385484;1383.154470908194;0.000297792;53.05892041722698;1383.1544709081934;1383.154470908194;6.821210263296962e-13;4.931633022028322e-16;True;optimal;True;False;False;False;13.483446291;13.483446291;13.481939042;13.481939042;0.0005288662989213571;2.0825845450089853;0.0011137063682319377;216;59;157;0;0;59;0;133;24;753325;0;0;0;13092;7e55b63554b2030de75e94cea1ffc6d7bd42fc3f26e19758284b20b3aa746eb1;4.4333e-05;0.000257833;9.3459e-05;12.668144564999903;0.10029030799999868;3.7132728739999874;3.815831713999995;1.8316100019999981;0;0;0.000150166;0.6581948690000083;0.000140042;0.6579629100000084;9.1917e-05;0.15568140100008943
progressive_600s;600.0;10000000;free_order_v1;unordered-final-consolidated;540;0;60;713;4;25;272.1329303702744;57858;57858;0;0;0;12177;26435;57859;426506;45667;368648;1;380840;368649;12191;26399;35;426286;368648;26434;426506;16.134750699856244;37;401037;26435;15.170682806884813;37;9;55;2;12;15;14;375.0618391678898;1097.35414440978;1097.35414440978;1097.35414440978;1068.0127391037506;946.3798444330898;0.000347541;65.82125824388082;946.3798444330895;946.3798444330898;3.410605131648481e-13;3.603843796664474e-16;True;optimal;True;False;False;False;187.89598625;187.89598625;187.892742833;187.892742833;0.0032475368358740363;2.188689237752979;0.0005822817303528217;13135;2062;11073;1843;0;219;0;3987;7086;1676862;0;0;0;24281;c59a218e3feef52c8c205e7f950590433cdd34681acfa1336c7653fe79c6ccf6;5.6458999999999996e-05;0.000297584;0.000121167;185.09504903199957;1.5494725220000038;15.636182490000015;16.33549359499999;142.22345952499958;0;0;0.001094084;2.3708017629999665;0.000156208;2.3705263049999665;0.00011925;0.4260734120004681
unlimited_1b_calls;;1000000000;free_order_v1;unordered-final-consolidated;541;0;60;408;4;12;272.1329303702744;13210358;13210358;0;0;0;951531;7477894;13210359;155040805;12258810;141830447;2;142781997;141830449;951548;7477871;21;155040738;141830447;7477892;155040805;20.733223346900438;51;147563907;7477894;19.733350994277266;50;7;22;2;5;18;17;329.98813993839235;1291.8828998757624;1291.8828998757624;1291.8828998757624;1244.9830570109891;1128.6747230566589;0.000254875;74.45680719435744;1128.674722155696;1128.6747230566589;9.009629593492718e-07;7.982485484474201e-10;True;optimal;True;False;False;False;7786.152686542;7786.152686542;7785.363138791;7785.363138791;0.0005893975535365507;1.7665880259869957;4.190696138851527e-06;0;0;0;0;0;0;0;0;0;522275538;0;0;0;5470003;15d245734a50d8d7a940e70230d93439ece938eb6724ad20c1c4e36c769cde24;3.1959e-05;0.000227334;7.3e-05;7341.26346536404;52.538643512075524;2709.0529531344864;2647.165111538834;0;0;0;0.00032629400000000003;345.28229507350846;9.2334e-05;345.28213248950846;7.025e-05;98.81721464345173
progressive_10s;10.0;10000000;free_order_v1;unordered-final-consolidated;542;0;5;44;4;24;6.906890595608517;3;3;0;0;0;0;3;4;6;2;3;0;4;3;1;3;0;6;3;3;6;2.0;3;3;3;1.0;2;0;0;;0;2;1;181.07739174176325;230.99118727888043;230.99118727888043;230.99118727888043;225.28501052879116;225.28501052879116;2.0625e-05;21.608528067720275;225.28501052879113;225.28501052879116;2.842170943040401e-14;1.2615890140090676e-16;True;optimal;True;False;False;False;0.00022575;0.00022575;0.000199;0.000199;7.525e-05;1.0;0.0;0;0;0;0;0;0;0;0;0;12;0;0;0;1;77bb8054e2459ac048cd4b6bcc79a02d2559dd3a1eb1a43e6c4f466d3f3d2186;8.751e-06;1.3584e-05;1.833e-06;0.000180624;3.584e-06;3.6375e-05;5.7583e-05;0;0;0;0;1.0539999999999999e-05;2.832e-06;6.416999999999999e-06;1.291e-06;1.1959000000000015e-05
progressive_10s;10.0;10000000;free_order_v1;unordered-final-consolidated;543;0;5;54;6;22;6.906890595608517;3;3;0;0;0;0;4;4;10;3;7;0;7;7;0;4;0;10;7;4;10;2.5;4;6;4;1.5;3;0;0;;0;1;0;111.50327214929612;156.1567159145631;156.1567159145631;156.1567159145631;;156.1567159145631;2.1875e-05;28.595275908400815;156.15671591400562;156.1567159145631;5.574918304773746e-10;3.570079117073588e-12;True;optimal;True;False;False;False;0.000366375;0.000366375;0.000337125;0.000337125;0.000122125;0.75;0.0;0;0;0;0;0;0;0;0;0;12;0;0;0;1;48b5d31520df008ae7bd8c5b07c785fa979c5c1cd32f2998b2f71d0d0b6143e1;8.334e-06;1.5e-05;2.666e-06;0.000314459;4.374e-06;0.000119541;9.2958e-05;0;0;0;0;1.4000000000000001e-05;3.334e-06;8.416e-06;2.25e-06;1.4250000000000016e-05
progressive_10s;10.0;10000000;free_order_v1;unordered-final-consolidated;544;0;10;77;4;12;21.791061114716957;32;32;0;0;0;1;12;33;54;28;22;0;26;22;4;12;0;54;22;12;54;4.5;8;42;12;3.5;7;0;0;;0;4;3;154.37860020093459;368.6267612818929;368.6267612818929;368.6267612818929;323.0205137912375;274.35478229438155;3.425e-05;58.12062052573564;274.3547822943815;274.35478229438155;5.684341886080802e-14;2.0718945879286793e-16;True;optimal;True;False;False;False;0.006978583;0.006978583;0.006929083;0.006929083;0.00021808071875;2.6666666666666665;0.0;0;0;0;0;0;0;0;0;0;312;0;0;0;17;cb435a2033aa78bfa96c936111a39c98b54c3a49983b17ebe74773d7ee3b65ec;1.1625000000000001e-05;2.4167e-05;5.917e-06;0.0066515440000000006;5.0709000000000005e-05;0.0024168329999999997;0.0020697500000000004;0;0;0;0;0.00013778899999999998;6.792e-06;0.00012562199999999996;5.375e-06;0.00015191699999999943
progressive_10s;10.0;10000000;free_order_v1;unordered-final-consolidated;545;0;10;65;4;16;21.791061114716957;5;5;0;0;0;0;6;6;21;5;16;0;16;16;0;6;0;21;16;6;21;3.5;6;15;6;2.5;5;0;0;;0;1;0;370.91248887035334;395.54076436576764;395.54076436576764;395.54076436576764;;395.54076436576764;3.3083e-05;6.226482252696419;395.5407643631711;395.54076436576764;2.5965505301428493e-09;6.564558609543835e-12;True;optimal;True;False;False;False;0.000413917;0.000413917;0.00036775;0.00036775;8.27834e-05;0.8333333333333334;0.0;0;0;0;0;0;0;0;0;0;30;0;0;0;1;239838f852e7b1909d4a59e50d5b51480d7ac61c11a5ab20692100f7535c44f1;1.2792e-05;2.2125e-05;5.291e-06;0.00032779200000000004;5.916e-06;7.4708e-05;0.000107585;0;0;0;0;2.6208e-05;5.75e-06;1.5583e-05;4.875e-06;2.4374999999999986e-05
progressive_10s;10.0;10000000;free_order_v1;unordered-final-consolidated;546;0;15;261;4;31;40.25014046988262;49;49;0;0;0;16;28;50;179;32;130;0;147;130;17;28;0;179;130;28;179;6.392857142857143;10;151;28;5.392857142857143;9;0;0;;0;2;1;336.9719469035961;553.9009912173286;553.9009912173286;553.9009912173286;545.9158724277698;545.9158724277698;8.2958e-05;39.16386642258566;545.9158724277698;545.9158724277698;0;0;True;optimal;True;False;False;False;0.022718833;0.022718833;0.022596709;0.022596709;0.0004636496530612245;1.75;0.0;0;0;0;0;0;0;0;0;0;618;0;0;0;13;9164d944399b06be5c199eab2c3f4b25313adec94f755531c8cff327b6a051d6;2.4916000000000003e-05;6.0958e-05;1.7834e-05;0.021712668;0.00016212800000000004;0.007278788999999997;0.008055004;0;0;0;0;0.000685746;2.4917e-05;0.000643579;1.725e-05;0.00024046199999999858
progressive_10s;10.0;10000000;free_order_v1;unordered-final-consolidated;547;0;15;172;4;23;40.25014046988262;66;66;0;0;0;8;17;67;112;55;46;0;57;46;11;17;0;112;46;17;112;6.588235294117647;12;95;17;5.588235294117647;11;0;0;;0;4;3;323.01285237587683;817.2947164728023;817.2947164728023;817.2947164728023;805.351993906431;595.2662419846931;6.4167e-05;60.47780000708888;595.2662419846931;595.2662419846931;0;0;True;optimal;True;False;False;False;0.018505917;0.018505917;0.018406709;0.018406709;0.0002803926818181818;3.8823529411764706;0.0;0;0;0;0;0;0;0;0;0;1036;0;0;0;43;524624499ef8cc6f027b30d34bea6793b30128c78ce85d7a6326bcd8a06cf28c;2.1333e-05;4.5041e-05;1.4459e-05;0.017888589;0.000141789;0.006386953999999999;0.0061347089999999995;0;0;0;0;0.00033379099999999995;1.6666000000000003e-05;0.00030324999999999997;1.3875e-05;0.00021487000000000041
progressive_10s;10.0;10000000;free_order_v1;unordered-final-consolidated;548;0;20;244;4;50;61.07738392090622;60;60;0;0;0;1;38;61;257;56;197;0;201;197;4;38;0;257;197;38;257;6.7631578947368425;12;219;38;5.7631578947368425;11;0;0;;0;4;3;403.9543333100908;684.7481577313732;684.7481577313732;684.7481577313732;643.8979230402097;637.6426788184448;8.5417e-05;41.00687548420362;637.6426788184447;637.6426788184448;1.1368683772161603e-13;1.7829239086109847e-16;True;optimal;True;False;False;False;0.015529208;0.015529208;0.015403666;0.015403666;0.0002588201333333333;1.5789473684210527;0.0;0;0;0;0;0;0;0;0;0;832;0;0;0;21;b87ca724f07577b6145a795c364a860b7b8f3e24f780d3a0e5880f464f586f75;2.475e-05;6.3375e-05;1.7417e-05;0.014227378999999997;0.00010224899999999999;0.004695957000000001;0.004865496999999998;0;0;0;0;0.0009577109999999998;3.0791e-05;0.0009102529999999998;1.6667e-05;0.00026603400000000353
progressive_10s;10.0;10000000;free_order_v1;unordered-final-consolidated;549;0;20;216;4;35;61.07738392090622;26;26;0;0;0;0;22;27;177;25;151;0;152;151;1;22;0;177;151;22;177;8.045454545454545;15;155;22;7.045454545454546;14;0;0;;0;2;1;670.9176251224885;1500.608267664205;1500.608267664205;1500.608267664205;1487.7671167065846;1487.7671167065846;8.0792e-05;55.29028863963173;1487.7671167065846;1487.7671167065846;0;0;True;optimal;True;False;False;False;0.006471084;0.006471084;0.006355166;0.006355166;0.00024888784615384615;1.1818181818181819;0.0;0;0;0;0;0;0;0;0;0;410;0;0;0;6;25dc6bdd78c3b7352f7fd9c622bae1710384e0e100e047066ac451f347de491e;2.4959e-05;5.8667e-05;1.5334e-05;0.005933792000000001;5.7957999999999996e-05;0.001536413;0.002129541;0;0;0;0;0.000292954;2.2791e-05;0.000255496;1.4667e-05;0.00016587799999999864
progressive_10s;10.0;10000000;free_order_v1;unordered-final-consolidated;550;0;30;264;4;18;107.70906734197344;1962;1962;0;0;0;62;1167;1963;12961;1895;10999;0;11066;10999;67;1165;2;12954;10999;1167;12961;11.106255355612682;22;11831;1167;10.13796058269066;21;2;7;3;4;6;5;367.8303757168513;1028.875171968965;1028.875171968965;1028.875171968965;1028.128909147169;1005.1237182634545;0.000119584;64.24927087968;1005.1237182549943;1005.1237182634545;8.4602334027295e-09;8.417106520325864e-12;True;optimal;True;False;False;False;0.626233875;0.626233875;0.626006084;0.626006084;0.00031918138379204896;1.6812339331619537;0.019361775981856618;0;0;0;0;0;0;0;0;0;43204;0;0;0;774;6896aa7297ca0915af6ec6ec34b7529ee94bc57e4a490c3214eca74f592b19f5;2.8125e-05;9.525e-05;3.0791e-05;0.5873159979999995;0.009067229000000001;0.19145185700000006;0.20411157200000027;0;0;0;0.00012125;0.028709061999999935;4.3833e-05;0.028635936999999934;2.9292e-05;0.00993289900000063
progressive_10s;10.0;10000000;free_order_v1;unordered-final-consolidated;551;0;30;261;4;16;107.70906734197344;345;345;0;0;0;7;254;346;2253;336;1908;0;1917;1908;9;254;0;2253;1908;254;2253;8.87007874015748;20;1999;254;7.8700787401574805;19;0;0;;0;3;2;355.54433591325846;799.2513631854318;799.2513631854318;799.2513631854318;755.1568372494503;750.412943209987;0.000121541;55.515329433254934;750.412943209987;750.412943209987;0;0;True;optimal;True;False;False;False;0.09372575;0.09372575;0.093532625;0.093532625;0.00027166884057971014;1.358267716535433;0.0;0;0;0;0;0;0;0;0;0;6055;0;0;0;123;4ef71e28a9bccb04fe9fb3f613d458fe786f34451eed079f4147d0d320428414;3.1290999999999996e-05;9.3792e-05;3.0667e-05;0.08619804299999997;0.0015825279999999995;0.028147089000000017;0.030222044000000003;0;0;0;0;0.005721441000000005;4.2291e-05;0.0056499000000000054;2.925e-05;0.0016846820000000146
progressive_10s;10.0;10000000;free_order_v1;unordered-final-consolidated;552;0;40;445;7;17;159.15903982417854;3548;3548;0;0;0;240;2310;3549;29312;3304;25764;0;26008;25764;244;2308;2;29308;25764;2310;29312;12.689177489177489;24;27048;2310;11.709090909090909;24;1;2;2;2;5;4;327.38760941733887;904.4212228043618;904.4212228043618;904.4212228043618;890.9337842968278;806.3824727076797;0.00019275;63.80142336751013;806.3824727076786;806.3824727076797;1.0231815394945443e-12;1.2688538926929976e-15;True;optimal;True;False;False;False;3.499539791;3.499539791;3.499164875;3.499164875;0.0009863415419954905;1.535930735930736;0.0008584271588298108;370;113;257;99;0;14;0;48;209;80903;0;0;0;1274;3ea49087f1295974b9a591287fa1e7b1226e28adfc03876d5819e2b3834a7d37;3.7041e-05;0.000160208;5.2459e-05;3.370590974000003;0.03431721100000009;0.4239131269999999;0.49717158500000014;1.9517658689999995;0;0;3.0041e-05;0.10686049299999993;7.9875e-05;0.10672974299999993;5.0875e-05;0.021814116999997163
progressive_10s;10.0;10000000;free_order_v1;unordered-final-consolidated;553;0;40;752;4;193;159.15903982417854;1786;1786;0;0;0;220;929;1787;14154;1562;12368;0;12592;12368;224;914;15;14094;12368;929;14154;15.23573735199139;27;13585;929;14.623250807319698;27;3;12;2;7;6;5;610.3415345525814;1481.2555819299232;1481.2555819299232;1481.2555819299232;1449.7105231347518;1437.2661885270127;0.000355208;58.795663489931336;1437.2661885270127;1437.2661885270127;0;0;True;optimal;True;False;False;False;6.650048458;6.650048458;6.649312625;6.649312625;0.0037234313874580064;1.922497308934338;0.026620723310224036;473;0;473;0;0;0;0;473;0;45572;0;0;0;638;9bc3e0742a1bd4d6b28fcf661bbf62863c4a8b76ea276776990a35f0447ed943;5.4542e-05;0.00030575;0.000156417;6.526682627999995;0.04730413399999989;0.5805261439999999;0.6140382780000001;4.9713394179999995;0;0;0.001770291;0.10810822400000002;0.00018641599999999999;0.10776693300000002;0.000154875;0.013092773000005081
progressive_10s;10.0;10000000;free_order_v1;unordered-final-consolidated;554;0;50;1558;4;323;214.20813806359016;4075;4075;0;0;0;281;1893;4076;23972;3788;19897;1;20185;19898;287;1889;3;23952;19897;1892;23972;12.670190274841438;32;22191;1893;11.722662440570524;32;3;20;3;9;7;6;833.6947665063037;2530.8282194538115;2530.8282194538115;2530.8282194538115;2505.029076779239;2272.751377457133;0.000561125;67.05842142513225;2272.7513774296194;2272.751377457133;2.751357897068374e-08;1.210584635151219e-11;True;optimal;True;False;False;False;2.29177925;2.29177925;2.290732875;2.290732875;0.0005623998159509202;2.1526677231907025;0.09987872959404795;0;0;0;0;0;0;0;0;0;104121;0;0;0;1897;b115a8f823a120a13a32dfbec45c6a8c83ddc1848362a8e62c5304b2496267e9;9.8334e-05;0.0004695;0.000174;2.0343620630000037;0.022446380999999887;0.6361358759999992;0.6663507780000016;0;0;0;0.002289;0.2338974330000014;0.000262042;0.2334631830000014;0.000172208;0.020618628999994726
progressive_10s;10.0;10000000;free_order_v1;unordered-final-consolidated;555;0;50;530;4;26;214.20813806359016;23088;23088;0;0;0;430;9623;23089;114942;22655;91854;0;92287;91854;433;9620;3;114928;91854;9623;114942;11.944507949703835;33;105403;9623;10.953237036267277;33;2;9;4;5;4;3;487.80179847966934;1706.9206495741673;1706.9206495741673;1706.9206495741673;1542.6104512225816;1504.1806077808146;0.000302958;71.42211627697144;1504.1806077808144;1504.1806077808146;2.2737367544323206e-13;1.5116115329972686e-16;True;optimal;True;False;False;False;9.4343695;9.4343695;9.432993208;9.432993208;0.0004086265375952876;2.3992517925802765;0.0025089964941483367;230;1;229;0;0;1;0;5;224;533083;0;0;0;13048;14ac6d109b442b6168892670acdddaa1f7ba7718bc99f06e61b0d65b407e910f;4.7082999999999996e-05;0.000259792;8.9583e-05;8.831970108000009;0.09382695499999905;2.1513548559999927;2.69712078200001;1.4351632939999999;0;0;0.00023670799999999997;0.4911085219999913;0.000128875;0.4908918559999913;8.7791e-05;0.10989453599999888
progressive_600s;600.0;10000000;free_order_v1;unordered-final-consolidated;556;0;60;414;4;20;272.1329303702744;168833;168833;0;0;0;13563;123833;168834;2238097;155265;2069264;0;2082832;2069264;13568;123832;1;2238094;2069264;123833;2238097;18.073510292086922;39;2114295;123833;17.073760629234535;38;1;3;3;3;6;5;633.9042060122333;1511.777937766397;1511.777937766397;1511.777937766397;1501.3367468033623;1472.33857435409;0.000264333;58.068960382580634;1472.3385743306355;1472.33857435409;2.345450411667116e-08;1.593010230473692e-11;True;optimal;True;False;False;False;98.824946084;98.824946084;98.8186765;98.8186765;0.0005853414088714884;1.3633926336275468;4.907667741986481e-05;435;0;435;0;0;0;0;0;435;5847078;0;0;0;67371;bf45661b94265b5daf984c90912097d06390c22e7b7cdead5096a5937f8507fd;4.2542e-05;0.000227291;6.9458e-05;88.72041627799956;1.3672647600000252;28.08020232199971;32.10600214899983;3.551294917000003;0;0;4.85e-05;8.580906435000085;0.00010275;8.580736102000085;6.7583e-05;1.517475620000349
progressive_3600s;3600.0;10000000;free_order_v1;unordered-final-consolidated;557;0;60;429;4;15;272.1329303702744;728223;728223;0;0;0;89621;574599;728224;10577054;638592;9848831;0;9938462;9848831;89631;574584;15;10577006;9848831;574599;10577054;18.407713901346852;49;10003121;574599;17.408872970541196;49;4;11;2;5;11;10;498.5804958078484;1481.7520507411034;1481.7520507411034;1481.7520507411034;1365.14483009647;1298.8658685818643;0.000268875;66.35196181719594;1298.8658685818639;1298.8658685818643;4.547473508864641e-13;3.5011109452199953e-16;True;optimal;True;False;False;False;992.099781417;992.099781417;992.085598;992.085598;0.0013623571095900569;1.2673586274950008;2.1889733680801995e-05;88897;16726;72171;16255;0;471;0;933;71238;22575276;0;0;0;305921;518c85f61d41ad0adab456739106034e9045f270164c5d2133e3cbfeb0c31bbd;4.2459e-05;0.000230291;0.0001405;950.2234334439887;10.910144207000739;133.92455055500153;139.97773256500403;558.5590264760028;0;0;0.000217168;34.670527296106926;0.000106208;34.670288546106924;0.000132542;7.1916588419043705
