source;case_index;repeat_index;polygons;decomposed_pieces;grouped_pieces;total_combinations;calls;incumbent_solves;bound_solves;leaf_solves;visited_nodes;pruned_nodes;best_updates;first_best_update_length;mean_selected;total_vertices_min;total_vertices_max;initial_length;incumbent_length;final_length;initial_gap_percent;incumbent_gap_percent;prune_rate_percent;calls_per_visited_node;bound_calls_per_leaf;decomposition_seconds;decomposition_percent;approximation_seconds;approximation_percent;bnb_seconds;bnb_percent;solver_seconds;solver_percent;incumbent_solver_seconds;bound_solver_seconds;leaf_solver_seconds;seconds_per_call;piece_graph_precompute_seconds;piece_graph_bound_seconds;piece_graph_bound_calls;port_bound_precompute_seconds;port_bound_seconds;port_bound_calls;hull_bound_prunes;piece_graph_extra_prunes;piece_graph_dominates;port_extra_prunes;port_dominates;refinement_bound_seconds;refinement_bound_calls;refinement_extra_prunes;refinement_dominates;contact_bound_seconds;contact_path_calls;contact_bound_calls;contact_extra_prunes;contact_dominates;exhausted;time_limited;branch_limited;exact;termination;max_observed_branching;failed_prune_count;failed_prune_ratio_mean;failed_prune_gap_mean;failed_prune_depth_mean;checksum
nonconvex_bnb_cgal;0;0;48;48;48;1;2;1;1;0;1;1;0;;0.000;264;264;47121.419378353756;47117.249602084674;47117.249602084674;0.008850;0.000000;50.000000;2.000000;0.000000;0.000327;0.37%;0.000894;1.02%;0.086771;98.61%;0.086760;98.60%;0.042761;0.043999;0.000000;0.043380125000;0.000000;0.000000;0;0.000000;0.000000;0;1;0;0;0;0;0.000000;0;0;0;0.000000;0;0;0;0;true;false;false;true;optimal;1;0;0.000000;0.000000;0.000;94234.499204169348
nonconvex_bnb_cgal;1;0;5;16;16;100;32;1;25;6;17;9;0;;3.706;20;29;204.104119308618;204.104086883533;204.104086883533;0.000016;0.000000;34.615385;1.882353;4.166667;0.000359;29.33%;0.000802;65.48%;0.000064;5.19%;0.000038;3.08%;0.000005;0.000027;0.000005;0.000001176969;0.000000;0.000000;0;0.000000;0.000000;0;9;0;0;0;0;0.000000;0;0;0;0.000000;0;0;0;0;true;false;false;true;optimal;5;16;1.000000;0.000000;3.938;6686.775683839260
nonconvex_bnb_cgal;2;0;5;5;5;1;7;1;5;1;6;0;0;;2.500;20;20;93.372091965172;93.370113919695;93.370113919695;0.002118;0.000000;0.000000;1.166667;5.000000;0.000042;4.71%;0.000827;92.50%;0.000025;2.79%;0.000017;1.90%;0.000005;0.000011;0.000001;0.000002422714;0.000000;0.000000;0;0.000000;0.000000;0;0;0;0;0;0;0.000000;0;0;0;0.000000;0;0;0;0;true;false;false;true;optimal;1;5;1.000000;0.000000;3.000;653.590797437868
nonconvex_bnb_cgal;3;0;10;10;10;1;13;1;10;1;11;0;0;;5.000;40;40;246.891803379679;246.891456303851;246.891456303851;0.000141;0.000000;0.000000;1.181818;10.000000;0.000060;6.21%;0.000853;88.36%;0.000052;5.43%;0.000040;4.16%;0.000007;0.000028;0.000005;0.000003086462;0.000000;0.000000;0;0.000000;0.000000;0;0;0;0;0;0;0.000000;0;0;0;0.000000;0;0;0;0;true;false;false;true;optimal;1;10;1.000000;0.000000;5.500;3209.588931950058
nonconvex_bnb_cgal;4;0;10;10;10;1;13;1;10;1;11;0;0;;5.000;40;40;304.312372602659;304.312174236208;304.312174236208;0.000065;0.000000;0.000000;1.181818;10.000000;0.000061;6.43%;0.000841;88.27%;0.000051;5.30%;0.000038;3.96%;0.000007;0.000027;0.000004;0.000002900615;0.000000;0.000000;0;0.000000;0.000000;0;0;0;0;0;0;0.000000;0;0;0;0.000000;0;0;0;0;true;false;false;true;optimal;1;10;1.000000;0.000000;5.500;3956.058265070708
nonconvex_bnb_cgal;5;0;15;15;15;1;17;1;15;1;16;0;0;;7.500;60;60;198.834560544368;198.833620355065;198.833620355065;0.000473;0.000000;0.000000;1.062500;15.000000;0.000074;7.34%;0.000863;85.22%;0.000075;7.44%;0.000059;5.86%;0.000008;0.000049;0.000002;0.000003487706;0.000000;0.000000;0;0.000000;0.000000;0;0;0;0;0;0;0.000000;0;0;0;0.000000;0;0;0;0;true;false;false;true;optimal;1;15;1.000000;0.000000;8.000;3380.171546036109
nonconvex_bnb_cgal;6;0;15;16;16;2;18;1;16;1;16;1;0;;7.500;60;61;507.945537860399;507.944905993791;507.944905993791;0.000124;0.000000;5.882353;1.125000;16.000000;0.000089;0.18%;0.000834;1.68%;0.048769;98.14%;0.048741;98.09%;0.000009;0.048729;0.000003;0.002707844889;0.000000;0.000000;0;0.000000;0.000000;0;1;0;0;0;0;0.000000;0;0;0;0.000000;0;0;0;0;true;false;false;true;optimal;2;15;1.000000;0.000000;8.000;9171.749059580090
nonconvex_bnb_cgal;7;0;20;20;20;1;22;1;20;1;21;0;0;;10.000;80;80;542.048525917127;542.047445903321;542.047445903321;0.000199;0.000000;0.000000;1.047619;20.000000;0.000093;8.49%;0.000873;79.75%;0.000129;11.76%;0.000107;9.80%;0.000011;0.000093;0.000004;0.000004877000;0.000000;0.000000;0;0.000000;0.000000;0;0;0;0;0;0;0.000000;0;0;0;0.000000;0;0;0;0;true;false;false;true;optimal;1;20;1.000000;0.000000;10.500;11925.043809873065
nonconvex_bnb_cgal;8;0;20;20;20;1;22;1;20;1;21;0;0;;10.000;80;80;576.552114789592;576.551181273823;576.551181273823;0.000162;0.000000;0.000000;1.047619;20.000000;0.000098;9.45%;0.000820;79.10%;0.000119;11.45%;0.000099;9.51%;0.000011;0.000083;0.000005;0.000004479045;0.000000;0.000000;0;0.000000;0.000000;0;0;0;0;0;0;0.000000;0;0;0;0.000000;0;0;0;0;true;false;false;true;optimal;1;20;1.000000;0.000000;10.500;12684.125988024105
nonconvex_bnb_cgal;9;0;30;31;31;2;54;1;49;2;50;0;0;;17.280;120;121;704.512050479536;704.501382468015;704.501382468015;0.001514;0.000000;0.000000;1.080000;24.500000;0.000127;8.76%;0.000859;59.15%;0.000466;32.09%;0.000420;28.89%;0.000017;0.000374;0.000028;0.000007770074;0.000000;0.000000;0;0.000000;0.000000;0;0;0;0;0;0;0.000000;0;0;0;0.000000;0;0;0;0;true;false;false;true;optimal;2;49;1.000000;0.000000;17.633;38043.074653272779
nonconvex_bnb_cgal;10;0;30;30;30;1;2;1;1;0;1;1;0;;0.000;120;120;796.396302839133;796.393027938914;796.393027938914;0.000411;0.000000;50.000000;2.000000;0.000000;0.000131;11.61%;0.000951;84.45%;0.000044;3.93%;0.000039;3.45%;0.000022;0.000017;0.000000;0.000019416500;0.000000;0.000000;0;0.000000;0.000000;0;1;0;0;0;0;0.000000;0;0;0;0.000000;0;0;0;0;true;false;false;true;optimal;1;0;0.000000;0.000000;0.000;1592.786055877827
nonconvex_bnb_cgal;11;0;40;40;40;1;42;1;40;1;41;0;0;;20.000;160;160;645.196801201637;645.188584696663;645.188584696663;0.001274;0.000000;0.000000;1.024390;40.000000;0.000151;9.06%;0.000942;56.40%;0.000577;34.54%;0.000525;31.42%;0.000024;0.000490;0.000011;0.000012500095;0.000000;0.000000;0;0.000000;0.000000;0;0;0;0;0;0;0.000000;0;0;0;0.000000;0;0;0;0;true;false;false;true;optimal;1;40;1.000000;0.000000;20.500;27097.920557259829
nonconvex_bnb_cgal;12;0;40;40;40;1;42;1;40;1;41;0;0;;20.000;160;160;1241.753763739864;1241.746883394564;1241.746883394564;0.000554;0.000000;0.000000;1.024390;40.000000;0.000136;7.08%;0.000964;50.17%;0.000822;42.76%;0.000773;40.25%;0.000032;0.000724;0.000018;0.000018413786;0.000000;0.000000;0;0.000000;0.000000;0;0;0;0;0;0;0.000000;0;0;0;0.000000;0;0;0;0;true;false;false;true;optimal;1;40;1.000000;0.000000;20.500;52153.369102571633
nonconvex_bnb_cgal;13;0;50;51;51;2;53;1;51;1;51;1;0;;25.000;201;202;1170.230993635972;1170.202567076108;1170.202567076108;0.002429;0.000000;1.923077;1.039216;51.000000;0.000199;9.99%;0.000924;46.39%;0.000869;43.63%;0.000798;40.09%;0.000029;0.000755;0.000014;0.000015062189;0.000000;0.000000;0;0.000000;0.000000;0;1;0;0;0;0;0.000000;0;0;0;0.000000;0;0;0;0;true;false;false;true;optimal;2;50;1.000000;0.000000;25.500;62024.739411056653
nonconvex_bnb_cgal;14;0;50;50;50;1;52;1;50;1;51;0;0;;25.000;200;200;1217.275600280981;1217.269782887169;1217.269782887169;0.000478;0.000000;0.000000;1.019608;50.000000;0.000165;8.68%;0.000939;49.55%;0.000792;41.77%;0.000726;38.29%;0.000028;0.000685;0.000013;0.000013961596;0.000000;0.000000;0;0.000000;0.000000;0;0;0;0;0;0;0.000000;0;0;0;0.000000;0;0;0;0;true;false;false;true;optimal;1;50;1.000000;0.000000;25.500;63298.028710132734
nonconvex_bnb_cgal;15;0;60;124;124;1448500838400;66687;1;65534;1152;27820;37715;0;;46.055;245;286;4145.356504097272;4145.312422514904;4145.312422514904;0.001063;0.000000;57.549401;2.397088;56.887153;0.001591;0.00%;0.000971;0.00%;1614.318877;100.00%;1614.008861;99.98%;0.019851;1587.101482;26.887528;0.024202751071;0.000000;0.000000;0;0.000000;0.000000;0;37715;0;0;0;0;0.000000;0;0;0;0.000000;0;0;0;0;true;false;false;true;optimal;11;27819;0.999935;0.271490;46.057;278278271.552485287189
nonconvex_bnb_cgal;16;0;60;67;67;36;105;1;100;4;95;6;0;;38.884;239;245;2075.773170819160;2075.728915927734;2075.728915927734;0.002132;0.000000;5.940594;1.105263;25.000000;0.000332;9.01%;0.000995;26.99%;0.002360;64.01%;0.002202;59.70%;0.000042;0.002080;0.000080;0.000020969838;0.000000;0.000000;0;0.000000;0.000000;0;6;0;0;0;0;0.000000;0;0;0;0.000000;0;0;0;0;true;false;false;true;optimal;4;94;1.000000;0.000000;39.298;218058.439668313338
nonconvex_bnb_cgal;17;0;5;5;5;1;7;1;5;1;6;0;0;;2.500;20;20;357.836951764891;357.836899955531;357.836899955531;0.000014;0.000000;0.000000;1.166667;5.000000;0.000040;4.56%;0.000815;92.71%;0.000024;2.72%;0.000014;1.59%;0.000005;0.000008;0.000001;0.000002000000;0.000000;0.000000;0;0.000000;0.000000;0;0;0;0;0;0;0.000000;0;0;0;0.000000;0;0;0;0;true;false;false;true;optimal;1;5;1.000000;0.000000;3.000;2504.858299688719
nonconvex_bnb_cgal;18;0;5;8;8;6;11;1;8;1;6;3;1;85.499722195323;2.500;20;25;85.499780355632;85.499780355632;85.499722195323;0.000068;0.000068;33.333333;1.833333;8.000000;0.000099;10.87%;0.000790;86.34%;0.000025;2.79%;0.000016;1.70%;0.000004;0.000010;0.000002;0.000001413000;0.000000;0.000000;0;0.000000;0.000000;0;3;0;0;0;0;0.000000;0;0;0;0.000000;0;0;0;0;true;false;false;true;optimal;3;5;0.999999;0.000058;3.000;960.330213499759
nonconvex_bnb_cgal;19;0;10;10;10;1;12;1;10;1;11;0;0;;5.000;40;40;361.048116351550;361.047766908896;361.047766908896;0.000097;0.000000;0.000000;1.090909;10.000000;0.000056;5.63%;0.000882;88.89%;0.000054;5.49%;0.000041;4.11%;0.000008;0.000030;0.000002;0.000003399417;0.000000;0.000000;0;0.000000;0.000000;0;0;0;0;0;0;0.000000;0;0;0;0.000000;0;0;0;0;true;false;false;true;optimal;1;10;1.000000;0.000000;5.500;4332.573202906750
nonconvex_bnb_cgal;20;0;10;16;16;48;23;1;20;2;14;7;0;;5.857;41;47;268.583933938332;268.583793016165;268.583793016165;0.000052;0.000000;33.333333;1.642857;10.000000;0.000126;11.94%;0.000847;80.33%;0.000082;7.73%;0.000061;5.74%;0.000007;0.000050;0.000003;0.000002634087;0.000000;0.000000;0;0.000000;0.000000;0;7;0;0;0;0;0.000000;0;0;0;0.000000;0;0;0;0;true;false;false;true;optimal;3;13;0.999878;0.032755;6.308;6225.511050721323
nonconvex_bnb_cgal;21;0;16;28;28;1536;149;1;132;16;84;49;0;;12.250;65;77;1208.204196478086;1208.202734574342;1208.202734574342;0.000121;0.000000;36.842105;1.773810;8.250000;0.000232;0.03%;0.000908;0.11%;0.802095;99.86%;0.801840;99.83%;0.005368;0.715876;0.080596;0.005381475403;0.000000;0.000000;0;0.000000;0.000000;0;49;0;0;0;0;0.000000;0;0;0;0.000000;0;0;0;0;true;false;false;true;optimal;4;83;1.000000;0.000000;12.398;181178.761116188602
nonconvex_bnb_cgal;22;0;15;16;16;2;18;1;16;1;16;1;0;;7.500;61;63;1335.347694830384;1335.344299600741;1335.344299600741;0.000254;0.000000;5.882353;1.125000;16.000000;0.000105;9.43%;0.000891;80.03%;0.000117;10.54%;0.000100;8.98%;0.000013;0.000083;0.000004;0.000005555611;0.000000;0.000000;0;0.000000;0.000000;0;1;0;0;0;0;0.000000;0;0;0;0.000000;0;0;0;0;true;false;false;true;optimal;2;15;1.000000;0.000000;8.000;24207.322177846298
nonconvex_bnb_cgal;23;0;20;23;23;4;25;1;23;1;21;3;0;;10.000;80;82;1115.193228564290;1115.185346158828;1115.185346158828;0.000707;0.000000;12.500000;1.190476;23.000000;0.000141;0.09%;0.000852;0.53%;0.158843;99.38%;0.158796;99.35%;0.007818;0.143923;0.007055;0.006351835080;0.000000;0.000000;0;0.000000;0.000000;0;3;0;0;0;0;0.000000;0;0;0;0.000000;0;0;0;0;true;false;false;true;optimal;4;20;1.000000;0.000000;10.500;27918.418326463816
nonconvex_bnb_cgal;24;0;20;36;36;216;432;1;421;10;228;194;0;;15.276;79;93;816.568528288909;816.562944126957;816.562944126957;0.000684;0.000000;45.971564;1.894737;42.100000;0.001219;0.54%;0.000902;0.40%;0.223494;99.06%;0.223189;98.92%;0.000018;0.223109;0.000063;0.000516641708;0.000000;0.000000;0;0.000000;0.000000;0;194;0;0;0;0;0.000000;0;0;0;0.000000;0;0;0;0;true;false;false;true;optimal;12;227;0.992458;6.158475;15.344;353073.972286026808
nonconvex_bnb_cgal;25;0;30;32;32;4;50;1;47;2;47;1;0;;17.553;122;124;1099.100104214966;1099.091349018955;1099.091349018955;0.000797;0.000000;2.083333;1.063830;23.500000;0.000159;10.36%;0.000888;57.93%;0.000486;31.71%;0.000436;28.45%;0.000021;0.000399;0.000016;0.000008726680;0.000000;0.000000;0;0.000000;0.000000;0;1;0;0;0;0;0.000000;0;0;0;0.000000;0;0;0;0;true;false;false;true;optimal;2;46;1.000000;0.000000;17.935;54976.093313286096
nonconvex_bnb_cgal;26;0;30;43;43;1728;84;1;83;0;52;32;0;;18.115;120;132;6847.478373328922;6847.461701119279;6847.461701119279;0.000243;0.000000;38.095238;1.615385;0.000000;0.000262;14.93%;0.000839;47.84%;0.000653;37.23%;0.000574;32.74%;0.000015;0.000559;0.000000;0.000006836774;0.000000;0.000000;0;0.000000;0.000000;0;32;0;0;0;0;0.000000;0;0;0;0.000000;0;0;0;0;true;false;false;true;optimal;4;51;0.999998;0.013905;18.471;576209.921338066459
nonconvex_bnb_cgal;27;0;40;40;40;1;42;1;40;1;41;0;0;;20.000;160;160;1898.752234152206;1898.749197925530;1898.749197925530;0.000160;0.000000;0.000000;1.024390;40.000000;0.000137;9.32%;0.000884;60.19%;0.000448;30.49%;0.000396;26.93%;0.000019;0.000368;0.000009;0.000009417643;0.000000;0.000000;0;0.000000;0.000000;0;0;0;0;0;0;0.000000;0;0;0;0.000000;0;0;0;0;true;false;false;true;optimal;1;40;1.000000;0.000000;20.500;79747.466312872202
nonconvex_bnb_cgal;28;0;40;40;40;1;2;1;1;0;1;1;0;;0.000;160;160;922.517409161331;922.510572484132;922.510572484132;0.000741;0.000000;50.000000;2.000000;0.000000;0.000149;0.18%;0.000976;1.16%;0.082987;98.66%;0.082978;98.65%;0.049948;0.033030;0.000000;0.041489187500;0.000000;0.000000;0;0.000000;0.000000;0;1;0;0;0;0;0.000000;0;0;0;0.000000;0;0;0;0;true;false;false;true;optimal;1;0;0.000000;0.000000;0.000;1845.021144968265
nonconvex_bnb_cgal;29;0;50;91;91;27518828544;24949;1;23122;1826;15174;7941;0;;44.648;200;233;1367.275891723766;1367.209142832339;1367.209142832339;0.004882;0.000000;34.354315;1.644194;12.662651;0.000642;0.00%;0.001010;0.00%;7200.057790;100.00%;7198.884283;99.98%;0.044162;6697.186815;501.653306;0.288544001096;0.000000;0.000000;0;0.000000;0.000000;0;7941;0;0;0;0;0.000000;0;0;0;0.000000;0;0;0;0;false;true;false;false;time_limit;4;15181;1.000000;0.000000;44.640;34137172.056440964341
nonconvex_bnb_cgal;30;0;50;68;68;46656;356;1;339;16;272;68;0;;36.893;202;216;3040.476563346609;3040.463804691336;3040.463804691336;0.000420;0.000000;20.000000;1.308824;21.187500;0.000361;0.01%;0.000933;0.02%;6.161856;99.98%;6.160803;99.96%;0.015344;5.903053;0.242405;0.017305625140;0.000000;0.000000;0;0.000000;0.000000;0;68;0;0;0;0;0.000000;0;0;0;0.000000;0;0;0;0;true;false;false;true;optimal;3;271;1.000000;0.000000;37.030;1082894.150040707318
nonconvex_bnb_cgal;31;0;60;95;95;191102976;24500;1;22443;1028;19812;2632;2;3093.029915766258;49.430;242;270;3093.048767922350;3093.048767922350;3092.997978320335;0.001642;0.001642;11.726965;1.236624;21.831712;0.000967;0.00%;0.000953;0.00%;691.089218;100.00%;691.037859;99.99%;0.028832;631.470556;59.538471;0.028205626912;0.000000;0.000000;0;0.000000;0.000000;0;2632;0;0;0;0;0.000000;0;0;0;0.000000;0;0;0;0;true;false;false;true;optimal;4;19811;0.999998;0.005614;49.432;75840593.190431430936
nonconvex_bnb_cgal;32;0;60;71;71;1536;1108;1;1043;64;960;84;0;;41.259;240;250;1394.792616849745;1394.783612886551;1394.783612886551;0.000646;0.000000;8.045977;1.154167;16.296875;0.000291;1.16%;0.000944;3.75%;0.023952;95.10%;0.022413;88.98%;0.000039;0.021122;0.001252;0.000020228223;0.000000;0.000000;0;0.000000;0.000000;0;84;0;0;0;0;0.000000;0;0;0;0.000000;0;0;0;0;true;false;false;true;optimal;3;959;1.000000;0.000000;41.302;1546445.892812027829
nonconvex_bnb_cgal;33;0;5;8;8;6;13;1;10;2;8;3;0;;3.000;23;26;742.034756983152;742.034740588689;742.034740588689;0.000002;0.000000;27.272727;1.625000;5.000000;0.000079;8.62%;0.000801;87.13%;0.000039;4.26%;0.000016;1.72%;0.000004;0.000010;0.000001;0.000001217769;0.000000;0.000000;0;0.000000;0.000000;0;3;0;0;0;0;0.000000;0;0;0;0.000000;0;0;0;0;true;false;false;true;optimal;3;7;1.000000;0.000000;3.429;9809.921081212531
nonconvex_bnb_cgal;34;0;5;6;6;2;2;1;1;0;1;1;0;;0.000;22;22;80.309029306788;80.306880214788;80.306880214788;0.002676;0.000000;50.000000;2.000000;0.000000;0.000047;0.51%;0.000860;9.22%;0.008421;90.27%;0.008416;90.21%;0.004135;0.004281;0.000000;0.004208000500;0.000000;0.000000;0;0.000000;0.000000;0;1;0;0;0;0;0.000000;0;0;0;0.000000;0;0;0;0;true;false;false;true;optimal;1;0;0.000000;0.000000;0.000;160.613760429575
nonconvex_bnb_cgal;35;0;10;47;47;2612736;178;1;170;6;48;123;1;157.565588927644;6.354;48;75;157.566809587509;157.566809587509;157.565588927644;0.000775;0.000775;71.929825;3.708333;28.333333;0.002227;0.20%;0.000895;0.08%;1.090216;99.71%;1.089841;99.68%;0.002270;1.040221;0.047350;0.006122702949;0.000000;0.000000;0;0.000000;0.000000;0;123;0;0;0;0;0.000000;0;0;0;0.000000;0;0;0;0;true;false;false;true;optimal;7;47;0.999998;0.000338;6.489;28961.262868032663
nonconvex_bnb_cgal;36;0;10;21;21;162;68;1;51;8;28;24;1;407.222405642820;7.571;43;50;407.222871675933;407.222871675933;407.222405642820;0.000114;0.000114;46.153846;2.428571;6.375000;0.000242;0.04%;0.000848;0.16%;0.545039;99.80%;0.544908;99.78%;0.006243;0.406650;0.132015;0.008013347500;0.000000;0.000000;0;0.000000;0.000000;0;24;0;0;0;0;0.000000;0;0;0;0.000000;0;0;0;0;true;false;false;true;optimal;6;27;0.999960;0.016252;7.852;27836.150638582294
nonconvex_bnb_cgal;37;0;15;98;98;418211942400;2414;1;2352;60;391;1962;1;460.471712118444;10.269;78;150;460.471778917093;460.471778917093;460.471712118444;0.000015;0.000015;83.382915;6.173913;39.200000;0.028068;0.09%;0.000876;0.00%;32.634453;99.91%;32.627209;99.89%;0.008320;32.102840;0.516049;0.013515828115;0.000000;0.000000;0;0.000000;0.000000;0;1962;0;0;0;0;0.000000;0;0;0;0.000000;0;0;0;0;true;false;false;true;optimal;14;390;0.999227;0.355826;10.295;1126156.246860982617
nonconvex_bnb_cgal;38;0;15;37;37;147456;796;1;722;72;428;295;1;414.071867304109;11.421;64;83;414.073877486227;414.073877486227;414.071867304109;0.000485;0.000485;40.802213;1.859813;10.027778;0.000433;0.00%;0.000907;0.01%;8.952422;99.99%;8.951076;99.97%;0.007140;8.241442;0.702494;0.011245070769;0.000000;0.000000;0;0.000000;0.000000;0;295;0;0;0;0;0.000000;0;0;0;0.000000;0;0;0;0;true;false;false;true;optimal;4;427;0.999918;0.033824;11.447;331961.810237096855
nonconvex_bnb_cgal;39;0;20;35;35;6912;132;1;122;8;80;43;1;515.575423001527;14.512;83;92;515.577462888584;515.577462888584;515.575423001527;0.000396;0.000396;34.959350;1.650000;15.250000;0.000322;0.03%;0.000879;0.09%;0.988812;99.88%;0.988553;99.85%;0.007950;0.915843;0.064760;0.007489041621;0.000000;0.000000;0;0.000000;0.000000;0;43;0;0;0;0;0.000000;0;0;0;0.000000;0;0;0;0;true;false;false;true;optimal;4;79;0.999999;0.000594;14.696;68571.658023545388
nonconvex_bnb_cgal;40;0;20;51;51;3732480;127;1;121;4;61;61;1;752.318982879688;8.836;87;107;752.324510047438;752.324510047438;752.318982879688;0.000735;0.000735;50.000000;2.081967;30.250000;0.000812;0.04%;0.000891;0.04%;1.985558;99.91%;1.985218;99.90%;0.010688;1.907922;0.066609;0.015631641732;0.000000;0.000000;0;0.000000;0.000000;0;61;0;0;0;0;0.000000;0;0;0;0.000000;0;0;0;0;true;false;false;true;optimal;6;60;0.999985;0.011450;8.983;95787.525062255096
nonconvex_bnb_cgal;41;0;30;116;116;47775744000000;6379;1;6185;192;1577;4609;1;1460.509293976914;21.023;135;231;1460.515350092092;1460.515350092092;1460.509293976914;0.000415;0.000415;74.506951;4.045022;32.213542;0.011005;0.01%;0.000861;0.00%;126.644392;99.99%;126.621641;99.97%;0.014887;123.628615;2.978139;0.019849763492;0.000000;0.000000;0;0.000000;0.000000;0;4609;0;0;0;0;0.000000;0;0;0;0.000000;0;0;0;0;true;false;false;true;optimal;20;1576;0.999818;0.266192;21.036;9416843.782781021670
nonconvex_bnb_cgal;42;0;30;96;96;3405455032320;982;1;932;48;546;387;1;412.036788485055;23.302;133;190;412.040628239494;412.040628239494;412.036788485055;0.000932;0.000932;41.479100;1.798535;19.416667;0.005416;0.02%;0.000927;0.00%;30.450370;99.98%;30.446851;99.97%;0.012589;29.043942;1.390320;0.031004939996;0.000000;0.000000;0;0.000000;0.000000;0;387;0;0;0;0;0.000000;0;0;0;0.000000;0;0;0;0;true;false;false;true;optimal;11;545;0.999999;0.000254;23.345;407887.883261389332
nonconvex_bnb_cgal;43;0;40;252;252;22610630377644457440394713497600;16439;1;16436;1;3349;13050;1;738.121587130173;30.544;181;349;738.181326622355;738.181326622355;738.121587130173;0.008093;0.008093;79.578023;4.908629;16436.000000;0.035522;0.00%;0.001011;0.00%;7200.947385;100.00%;7199.365022;99.98%;0.021456;7199.187482;0.156085;0.437944219376;0.000000;0.000000;0;0.000000;0.000000;0;13050;0;0;0;0;0.000000;0;0;0;0.000000;0;0;0;0;false;true;false;false;time_limit;11;3386;0.999909;0.067350;30.379;12193992.065496655181
nonconvex_bnb_cgal;44;0;40;181;181;81764975326003200000000;396727;1;340473;28510;139192;201270;2;1022.926467879588;36.530;177;286;1022.933337585823;1022.933337585823;1022.924798878861;0.000835;0.000835;59.116730;2.850214;11.942231;0.014921;0.00%;0.000990;0.00%;7200.014488;100.00%;7198.844547;99.98%;0.009084;6193.133999;1005.701464;0.018145587640;0.000000;0.000000;0;0.000000;0.000000;0;201270;0;0;0;0;0.000000;0;0;0;0.000000;0;0;0;0;false;true;false;false;time_limit;12;139203;1.000000;0.000077;36.528;406532118.966206192970
nonconvex_bnb_cgal;45;0;50;344;344;14320128686989279347827557846498228043776;26085;1;25415;666;4191;21190;3;1403.641657050910;45.555;240;437;1403.648376751186;1403.648376751186;1403.633075761810;0.001090;0.001090;83.487648;6.224052;38.160661;0.092292;0.00%;0.001726;0.00%;7200.888579;100.00%;7198.547570;99.97%;0.039705;7010.572592;187.935273;0.275965020892;0.000000;0.000000;0;0.000000;0.000000;0;21190;0;0;0;0;0.000000;0;0;0;0.000000;0;0;0;0;false;true;false;false;time_limit;12;4225;1.000000;0.000336;45.331;36933726.529966004193
nonconvex_bnb_cgal;46;0;50;119;119;1733686198272000;27356;1;26202;1152;14167;12025;1;1148.919410602423;39.956;217;256;1148.931108060094;1148.931108060094;1148.919410602423;0.001018;0.001018;45.910965;1.930966;22.744792;0.001643;0.00%;0.000985;0.00%;7200.530975;100.00%;7198.532866;99.97%;0.068751;6916.347976;282.116140;0.263142742589;0.000000;0.000000;0;0.000000;0.000000;0;12025;0;0;0;0;0.000000;0;0;0;0.000000;0;0;0;0;false;true;false;false;time_limit;7;14177;0.999992;0.008681;39.940;31442909.968296088278
nonconvex_bnb_cgal;47;0;60;244;244;352423730384732160000000;23619;1;23610;4;15134;8458;4;3890.469671117456;51.181;261;396;3890.482331454061;3890.482331454061;3890.409617735093;0.001869;0.001869;35.851136;1.560658;5902.500000;0.057111;0.00%;0.000963;0.00%;7200.728047;100.00%;7198.685305;99.97%;0.017778;7198.232819;0.434708;0.304783661659;0.000000;0.000000;0;0.000000;0.000000;0;8458;0;0;0;0;0.000000;0;0;0;0.000000;0;0;0;0;false;true;false;false;time_limit;33;15152;0.999984;0.062513;51.150;92110173.848597079515
nonconvex_bnb_cgal;48;0;60;269;269;187677639946519525734643633705975808;132539;1;121524;10941;41731;79768;2;1954.940043976580;58.010;302;464;1954.949895411131;1954.949895411131;1954.937127103757;0.000653;0.000653;65.653215;3.176032;11.107211;0.058285;0.00%;0.001691;0.00%;7200.030344;100.00%;7199.442053;99.99%;0.022110;6589.079561;610.340381;0.054319423362;0.000000;0.000000;0;0.000000;0.000000;0;79768;0;0;0;0;0.000000;0;0;0;0.000000;0;0;0;0;false;true;false;false;time_limit;9;41756;0.999999;0.002611;57.992;260620100.351771295071
nonconvex_bnb_cgal;49;0;52;52;52;1;2;1;1;0;1;1;0;;0.000;296;296;11622.592582429092;11619.835749420539;11619.835749420539;0.023725;0.000000;50.000000;2.000000;0.000000;0.000433;1.02%;0.000860;2.02%;0.041201;96.96%;0.041189;96.93%;0.019492;0.021697;0.000000;0.020594583000;0.000000;0.000000;0;0.000000;0.000000;0;1;0;0;0;0;0.000000;0;0;0;0.000000;0;0;0;0;true;false;false;true;optimal;1;0;0.000000;0.000000;0.000;23239.671498841082
nonconvex_bnb_cgal;50;0;5;12;12;20;17;1;14;2;9;6;0;;3.000;23;32;531.459485468044;531.459006959573;531.459006959573;0.000090;0.000000;40.000000;1.888889;7.000000;0.000463;35.20%;0.000812;61.76%;0.000040;3.04%;0.000026;2.00%;0.000005;0.000018;0.000003;0.000001549118;0.000000;0.000000;0;0.000000;0.000000;0;6;0;0;0;0;0.000000;0;0;0;0.000000;0;0;0;0;true;false;false;true;optimal;5;8;1.000000;0.000000;3.375;9225.220395597495
nonconvex_bnb_cgal;51;0;5;36;36;13440;272;1;192;78;119;74;1;150.814732039015;4.437;21;37;150.814866047695;150.814732056035;150.814732039015;0.000089;0.000000;38.341969;2.285714;2.461538;0.003297;0.93%;0.001138;0.32%;0.350646;98.75%;0.350442;98.69%;0.000009;0.265460;0.084972;0.001288388154;0.000000;0.000000;0;0.000000;0.000000;0;74;0;0;0;0;0.000000;0;0;0;0.000000;0;0;0;0;true;false;false;true;optimal;10;118;1.000000;0.000000;4.475;41264.676652674993
nonconvex_bnb_cgal;52;0;10;29;29;6912;67;1;57;8;28;30;1;278.068356690318;7.250;45;69;278.068550643963;278.068550643963;278.068356690318;0.000070;0.000070;51.724138;2.392857;7.125000;0.001072;0.51%;0.000849;0.41%;0.206887;99.08%;0.206816;99.05%;0.006636;0.179409;0.020771;0.003086807866;0.000000;0.000000;0;0.000000;0.000000;0;30;0;0;0;0;0.000000;0;0;0;0.000000;0;0;0;0;true;false;false;true;optimal;6;27;1.000000;0.000093;7.519;18745.141007109720
nonconvex_bnb_cgal;53;0;10;63;63;17563392;2776;1;2678;96;429;2250;1;395.502727179212;8.469;43;72;395.504689052579;395.504689052579;395.502727179212;0.000496;0.000496;83.986562;6.470862;27.895833;0.001260;0.01%;0.000857;0.01%;8.535327;99.98%;8.531161;99.93%;0.001557;8.191178;0.338425;0.003073184896;0.000000;0.000000;0;0.000000;0.000000;0;2250;0;0;0;0;0.000000;0;0;0;0.000000;0;0;0;0;true;false;false;true;optimal;11;428;0.999929;0.028098;8.488;1134228.128898043185
nonconvex_bnb_cgal;54;0;15;52;52;10000000;212;1;194;16;78;117;1;458.950745251051;11.949;62;82;458.950826490716;458.950826490716;458.950745251051;0.000018;0.000018;60.000000;2.717949;12.125000;0.000551;0.02%;0.000835;0.04%;2.217071;99.94%;2.216718;99.92%;0.003782;2.049311;0.163624;0.010456218769;0.000000;0.000000;0;0.000000;0.000000;0;117;0;0;0;0;0.000000;0;0;0;0.000000;0;0;0;0;true;false;false;true;optimal;5;77;1.000000;0.000020;12.104;98207.210772057020
nonconvex_bnb_cgal;55;0;15;63;63;11894784;954;1;920;32;231;690;1;624.738843425626;9.671;66;91;624.739666484020;624.739666484020;624.738843425626;0.000132;0.000132;74.918567;4.129870;28.750000;0.006568;0.07%;0.000992;0.01%;9.898951;99.92%;9.896594;99.90%;0.008632;9.623874;0.264088;0.010373788603;0.000000;0.000000;0;0.000000;0.000000;0;690;0;0;0;0;0.000000;0;0;0;0.000000;0;0;0;0;true;false;false;true;optimal;11;230;0.999765;0.147019;9.713;610696.128889977350
nonconvex_bnb_cgal;56;0;20;46;46;622080;202;1;193;8;113;81;0;;12.903;101;174;861.423732732070;861.423093731252;861.423093731252;0.000074;0.000000;41.752577;1.787611;24.125000;0.004435;0.44%;0.000868;0.09%;1.011599;99.48%;1.011178;99.44%;0.004529;0.971965;0.034683;0.005005830683;0.000000;0.000000;0;0.000000;0.000000;0;81;0;0;0;0;0.000000;0;0;0;0.000000;0;0;0;0;true;false;false;true;optimal;5;112;1.000000;0.000000;13.018;174466.171973048185
nonconvex_bnb_cgal;57;0;20;72;72;293932800;362;1;344;16;107;238;1;1187.363244258785;13.664;81;131;1187.365237558557;1187.365237558557;1187.363244258785;0.000168;0.000168;68.985507;3.383178;21.500000;0.008904;0.98%;0.000866;0.10%;0.897174;98.92%;0.896775;98.88%;0.000013;0.866231;0.030532;0.002477278301;0.000000;0.000000;0;0.000000;0.000000;0;238;0;0;0;0;0.000000;0;0;0;0.000000;0;0;0;0;true;false;false;true;optimal;12;106;1.000000;0.000452;13.792;431581.327460462635
nonconvex_bnb_cgal;58;0;30;59;59;2985984;3321;1;3031;288;2684;348;1;1241.690711654104;24.589;123;153;1241.692084376122;1241.692084376122;1241.690711654104;0.000111;0.000111;11.477573;1.237332;10.524306;0.001158;0.00%;0.000896;0.00%;30.249365;99.99%;30.238899;99.96%;0.007303;27.761103;2.470493;0.009105359611;0.000000;0.000000;0;0.000000;0.000000;0;348;0;0;0;0;0.000000;0;0;0;0.000000;0;0;0;0;true;false;false;true;optimal;6;2683;1.000000;0.000020;24.599;4124912.043051612563
nonconvex_bnb_cgal;59;0;30;135;135;47719177519104000;564;1;551;12;155;397;0;;21.110;138;210;1447.999498041528;1447.996603191889;1447.996603191889;0.000200;0.000000;71.920290;3.638710;45.916667;0.004871;37.58%;0.000872;6.73%;0.007221;55.70%;0.006396;49.34%;0.000018;0.006281;0.000097;0.000011340718;0.000000;0.000000;0;0.000000;0.000000;0;397;0;0;0;0;0.000000;0;0;0;0.000000;0;0;0;0;true;false;false;true;optimal;13;154;1.000000;0.000068;21.247;819048.095363206579
nonconvex_bnb_cgal;60;0;40;110;110;154279448064000;168;1;165;1;58;108;1;1452.356869900260;18.655;176;233;1452.360108679105;1452.360108679105;1452.356869900260;0.000223;0.000223;65.060241;2.896552;165.000000;0.004014;0.14%;0.001621;0.05%;2.946229;99.81%;2.945508;99.78%;0.011975;2.907916;0.025617;0.017532787982;0.000000;0.000000;0;0.000000;0.000000;0;108;0;0;0;0;0.000000;0;0;0;0.000000;0;0;0;0;true;false;false;true;optimal;7;57;0.999997;0.005070;18.982;244934.948960105190
nonconvex_bnb_cgal;61;0;40;55;55;2880;408;1;394;12;341;54;1;1557.720637099941;26.035;159;171;1557.726578080215;1557.726578080215;1557.720637099941;0.000381;0.000381;13.670886;1.196481;32.833333;0.000284;0.00%;0.000926;0.01%;8.618736;99.99%;8.617637;99.97%;0.019614;8.322818;0.275205;0.021121659924;0.000000;0.000000;0;0.000000;0.000000;0;54;0;0;0;0;0.000000;0;0;0;0.000000;0;0;0;0;true;false;false;true;optimal;5;340;0.999999;0.000790;26.112;636134.879608938005
nonconvex_bnb_cgal;62;0;50;149;149;49992297823579668480;29919;1;27687;2230;12489;15183;1;2119.980205583256;46.619;216;280;2119.985068174506;2119.985068174506;2119.980205583256;0.000229;0.000229;54.867736;2.395628;12.415695;0.003309;0.00%;0.000945;0.00%;7200.389584;100.00%;7198.067846;99.97%;0.035692;6668.280943;529.751210;0.240585174835;0.000000;0.000000;0;0.000000;0.000000;0;15183;0;0;0;0;0.000000;0;0;0;0.000000;0;0;0;0;false;true;false;false;time_limit;11;12504;0.999999;0.002291;46.585;63677102.185585759580
nonconvex_bnb_cgal;63;0;50;149;149;26541002009346048000;11513;1;11319;192;3688;7632;1;2634.093551596483;38.552;220;325;2634.098763749044;2634.098763749044;2634.093551596483;0.000198;0.000198;67.420495;3.121746;58.953125;0.004789;0.00%;0.000908;0.00%;229.605896;100.00%;229.559554;99.98%;0.015952;226.193114;3.350487;0.019939160403;0.000000;0.000000;0;0.000000;0.000000;0;7632;0;0;0;0;0.000000;0;0;0;0.000000;0;0;0;0;true;false;false;true;optimal;8;3687;0.999984;0.042560;38.562;30384783.482664193958
nonconvex_bnb_cgal;64;0;60;142;142;14790740711602913280;35047;1;35046;0;15103;19916;0;;50.716;258;327;2089.623685992739;2089.623685992739;2089.623685992739;0.000000;0.000000;56.871984;2.320532;0.000000;0.006650;0.00%;0.008190;0.00%;7200.604948;100.00%;7197.676980;99.96%;0.045660;7197.631320;0.000000;0.205372128284;0.000000;0.000000;0;0.000000;0.000000;0;19916;0;0;0;0;0.000000;0;0;0;0.000000;0;0;0;0;false;true;false;false;time_limit;8;15130;0.999865;0.282071;50.660;73353567.456635683775
nonconvex_bnb_cgal;65;0;60;147;147;17332899271409664000;37234;1;35286;1946;15024;20252;1;3159.906136512975;54.296;261;334;3159.916356112294;3159.916356112294;3159.906136512975;0.000323;0.000323;57.410137;2.478301;18.132580;0.005797;0.00%;0.001289;0.00%;7200.784278;100.00%;7197.950504;99.96%;0.017958;6827.405709;370.526838;0.193316605911;0.000000;0.000000;0;0.000000;0.000000;0;20252;0;0;0;0;0.000000;0;0;0;0.000000;0;0;0;0;false;true;false;false;time_limit;6;15034;1.000000;0.000074;54.283;117838298.597323924303
nonconvex_bnb_cgal;66;0;5;7;7;3;13;1;10;2;10;1;0;;2.900;21;25;161.392251467009;161.392231977161;161.392231977161;0.000012;0.000000;9.090909;1.300000;5.000000;0.000100;0.58%;0.000811;4.71%;0.016298;94.71%;0.016280;94.61%;0.001733;0.011776;0.002772;0.001252339692;0.000000;0.000000;0;0.000000;0.000000;0;1;0;0;0;0;0.000000;0;0;0;0.000000;0;0;0;0;true;false;false;true;optimal;3;9;1.000000;0.000000;3.222;2119.198905301678
nonconvex_bnb_cgal;67;0;5;6;6;2;13;1;8;2;9;0;0;;3.000;21;22;109.280382766265;109.279997591920;109.279997591920;0.000352;0.000000;0.000000;1.444444;4.000000;0.000045;0.14%;0.000832;2.66%;0.030389;97.19%;0.030375;97.15%;0.003203;0.017740;0.009432;0.002336544846;0.000000;0.000000;0;0.000000;0.000000;0;0;0;0;0;0;0.000000;0;0;0;0.000000;0;0;0;0;true;false;false;true;optimal;2;8;1.000000;0.000000;3.375;1420.639968694963
nonconvex_bnb_cgal;68;0;10;14;14;12;22;1;19;2;17;3;0;;5.882;40;42;723.444456570771;723.444008076263;723.444008076263;0.000062;0.000000;15.000000;1.294118;9.500000;0.000115;11.75%;0.000796;81.59%;0.000065;6.67%;0.000048;4.95%;0.000007;0.000038;0.000003;0.000002197000;0.000000;0.000000;0;0.000000;0.000000;0;3;0;0;0;0;0.000000;0;0;0;0.000000;0;0;0;0;true;false;false;true;optimal;3;16;1.000000;0.000000;6.250;15924.854605422852
nonconvex_bnb_cgal;69;0;6;8;8;4;11;1;8;1;7;2;0;;3.000;23;24;262.141578205528;262.141509982791;262.141509982791;0.000026;0.000000;22.222222;1.571429;8.000000;0.000072;0.45%;0.000852;5.40%;0.014838;94.14%;0.014825;94.06%;0.001770;0.009916;0.003139;0.001347734909;0.000000;0.000000;0;0.000000;0.000000;0;2;0;0;0;0;0.000000;0;0;0;0.000000;0;0;0;0;true;false;false;true;optimal;2;6;1.000000;0.000000;3.500;2896.259373675426
nonconvex_bnb_cgal;70;0;15;24;24;144;56;1;51;4;42;10;0;;9.738;68;73;861.439281841626;861.437823344752;861.437823344752;0.000169;0.000000;19.230769;1.333333;12.750000;0.000254;0.05%;0.000803;0.16%;0.496020;99.79%;0.495875;99.76%;0.010603;0.445968;0.039304;0.008854918107;0.000000;0.000000;0;0.000000;0.000000;0;10;0;0;0;0;0.000000;0;0;0;0.000000;0;0;0;0;true;false;false;true;optimal;4;41;0.999861;0.119556;9.976;48269.514138777820
nonconvex_bnb_cgal;71;0;15;41;41;230400;1828;1;1675;150;1076;600;2;435.792161545281;11.605;69;95;435.792649260782;435.792649260782;435.791254512336;0.000320;0.000320;35.799523;1.698885;11.166667;0.001039;0.00%;0.000924;0.00%;20.963309;99.99%;20.955457;99.95%;0.006307;19.415971;1.533179;0.011463597822;0.000000;0.000000;0;0.000000;0.000000;0;600;0;0;0;0;0.000000;0;0;0;0.000000;0;0;0;0;true;false;false;true;optimal;5;1075;1.000000;0.000215;11.616;800149.709749379894
nonconvex_bnb_cgal;72;0;20;21;21;2;23;1;21;1;21;1;0;;10.000;89;90;1610.172991567139;1610.171110814319;1610.171110814319;0.000117;0.000000;4.545455;1.095238;21.000000;0.000127;0.06%;0.000856;0.39%;0.215779;99.55%;0.215724;99.52%;0.008587;0.198573;0.008565;0.009379320565;0.000000;0.000000;0;0.000000;0.000000;0;1;0;0;0;0;0.000000;0;0;0;0.000000;0;0;0;0;true;false;false;true;optimal;2;20;1.000000;0.000000;10.500;37045.487969149603
nonconvex_bnb_cgal;73;0;20;43;43;442368;1322;1;1192;128;604;589;1;464.471533914381;16.753;76;95;464.475226196684;464.475226196684;464.471533914381;0.000795;0.000795;49.371333;2.188742;9.312500;0.000417;0.00%;0.000904;0.00%;35.992495;100.00%;35.988602;99.99%;0.025815;32.954868;3.007919;0.027222845925;0.000000;0.000000;0;0.000000;0.000000;0;589;0;0;0;0;0.000000;0;0;0;0.000000;0;0;0;0;true;false;false;true;optimal;6;603;0.999978;0.010009;16.781;652030.257812245865
nonconvex_bnb_cgal;74;0;30;42;42;1024;329;1;311;16;212;100;1;2412.317540183119;20.434;126;136;2412.319931279034;2412.319931279034;2412.317540183119;0.000099;0.000099;32.051282;1.551887;19.437500;0.000272;0.01%;0.000878;0.03%;2.596368;99.96%;2.595556;99.92%;0.008288;2.453230;0.134038;0.007889227693;0.000000;0.000000;0;0.000000;0.000000;0;100;0;0;0;0;0.000000;0;0;0;0.000000;0;0;0;0;true;false;false;true;optimal;4;211;1.000000;0.000397;20.531;794616.539415272186
nonconvex_bnb_cgal;75;0;30;66;66;23887872;2069;1;2039;28;838;1202;1;1092.421827104418;22.774;129;154;1092.425191653839;1092.425191653839;1092.421827104418;0.000308;0.000308;58.921569;2.468974;72.821429;0.002650;0.01%;0.001839;0.01%;35.973216;99.99%;35.965096;99.96%;0.010469;35.438506;0.516120;0.017382839885;0.000000;0.000000;0;0.000000;0.000000;0;1202;0;0;0;0;0.000000;0;0;0;0.000000;0;0;0;0;true;false;false;true;optimal;8;837;0.999894;0.116139;22.802;2263824.669167518150
nonconvex_bnb_cgal;76;0;40;63;63;3145728;9465;1;7415;2048;6620;796;1;766.344899349866;34.968;172;194;766.350633730639;766.350633730639;766.344899349866;0.000748;0.000748;10.733549;1.429758;3.620605;0.000434;0.00%;0.000933;0.00%;153.021452;100.00%;152.995151;99.98%;0.017359;118.709127;34.268665;0.016164305483;0.000000;0.000000;0;0.000000;0.000000;0;796;0;0;0;0;0.000000;0;0;0;0.000000;0;0;0;0;true;false;false;true;optimal;4;6619;1.000000;0.000064;34.974;7261005.971718325280
nonconvex_bnb_cgal;77;0;40;50;50;576;76;1;73;2;61;13;0;;23.443;170;179;5886.061551360151;5886.060774489042;5886.060774489042;0.000013;0.000000;17.567568;1.245902;36.500000;0.000290;0.06%;0.000851;0.18%;0.484109;99.76%;0.483884;99.72%;0.006348;0.465335;0.012201;0.006366895816;0.000000;0.000000;0;0.000000;0.000000;0;13;0;0;0;0;0.000000;0;0;0;0.000000;0;0;0;0;true;false;false;true;optimal;3;60;1.000000;0.000000;23.833;447426.206751261489
nonconvex_bnb_cgal;78;0;50;79;79;26542080;16558;1;15116;1440;8756;6356;1;1025.584309977730;45.429;213;230;1025.622157723431;1025.622157723431;1025.584309977730;0.003690;0.003690;42.059291;1.891046;10.497222;0.000556;0.00%;0.001011;0.00%;7201.342228;100.00%;7200.365134;99.99%;0.048387;6574.291766;626.024981;0.434857176821;0.000000;0.000000;0;0.000000;0.000000;0;6356;0;0;0;0;0.000000;0;0;0;0.000000;0;0;0;0;false;true;false;false;time_limit;5;8760;0.999994;0.006559;45.416;17018354.662315923721
nonconvex_bnb_cgal;79;0;50;94;94;122305904640;5048;1;4790;256;2604;2187;1;1448.348951880314;39.230;219;253;1448.360875565013;1448.360875565013;1448.348951880314;0.000823;0.000823;45.648090;1.938556;18.710938;0.001185;0.00%;0.001297;0.00%;196.830010;100.00%;196.807901;99.99%;0.022609;188.208176;8.577116;0.038987302164;0.000000;0.000000;0;0.000000;0.000000;0;2187;0;0;0;0;0.000000;0;0;0;0.000000;0;0;0;0;true;false;false;true;optimal;5;2603;0.999992;0.011509;39.245;7333200.710765078664
nonconvex_bnb_cgal;80;0;60;121;121;165112971264000;15531;1;13546;992;10637;2893;1;1938.910863579440;51.960;261;299;1938.937270173553;1938.937270173553;1938.910863579440;0.001362;0.001362;21.382114;1.460092;13.655242;0.002350;0.00%;0.001699;0.00%;7201.103032;100.00%;7200.120605;99.99%;0.039835;6296.739277;903.341493;0.463596716558;0.000000;0.000000;0;0.000000;0.000000;0;2893;0;0;0;0;0.000000;0;0;0;0.000000;0;0;0;0;false;true;false;false;time_limit;8;10653;1.000000;0.000285;51.921;30164087.459626205266
nonconvex_bnb_cgal;81;0;60;121;121;1127171217162240;15527;1;15524;1;6171;9340;1;1240.828924027547;52.267;262;297;1240.872699234941;1240.872699234941;1240.828924027547;0.003528;0.003528;60.215331;2.516124;15524.000000;0.001620;0.00%;0.000970;0.00%;7201.405355;100.00%;7200.377376;99.99%;0.020615;7200.081528;0.275233;0.463732683451;0.000000;0.000000;0;0.000000;0.000000;0;9340;0;0;0;0;0.000000;0;0;0;0.000000;0;0;0;0;false;true;false;false;time_limit;8;6184;0.999947;0.065326;52.209;19313664.242339614779
nonconvex_bnb_cgal;82;0;14;14;14;1;2;1;1;0;1;1;0;;0.000;71;71;25.284636490211;25.284601627096;25.284601627096;0.000138;0.000000;50.000000;2.000000;0.000000;0.000124;0.55%;0.000835;3.72%;0.021493;95.73%;0.021486;95.70%;0.008907;0.012580;0.000000;0.010743187500;0.000000;0.000000;0;0.000000;0.000000;0;1;0;0;0;0;0.000000;0;0;0;0.000000;0;0;0;0;true;false;false;true;optimal;1;0;0.000000;0.000000;0.000;50.569203254193
nonconvex_bnb_cgal;83;0;5;23;23;1500;45;1;40;4;14;27;0;;3.357;20;39;130.923271099935;130.920650609496;130.920650609496;0.002002;0.000000;65.853659;3.214286;10.000000;0.001024;2.05%;0.000819;1.64%;0.048172;96.31%;0.048120;96.21%;0.000897;0.045613;0.001611;0.001069341733;0.000000;0.000000;0;0.000000;0.000000;0;27;0;0;0;0;0.000000;0;0;0;0.000000;0;0;0;0;true;false;false;true;optimal;6;13;1.000000;0.000000;3.615;6130.124481019533
nonconvex_bnb_cgal;84;0;5;10;10;32;12;1;10;1;6;5;0;;2.500;19;25;155.487581537116;155.487578142501;155.487578142501;0.000002;0.000000;45.454545;2.000000;10.000000;0.000092;10.15%;0.000787;87.01%;0.000026;2.84%;0.000017;1.84%;0.000005;0.000011;0.000001;0.000001388750;0.000000;0.000000;0;0.000000;0.000000;0;5;0;0;0;0;0.000000;0;0;0;0.000000;0;0;0;0;true;false;false;true;optimal;2;5;1.000000;0.000000;3.000;1925.209545134189
nonconvex_bnb_cgal;85;0;10;52;52;2187000;1682;1;1621;60;230;1392;0;;8.322;41;67;1967.912327478549;1967.912231453357;1967.912231453357;0.000005;0.000000;85.819975;7.313043;27.016667;0.005125;43.39%;0.001546;13.08%;0.005142;43.53%;0.004109;34.78%;0.000010;0.003955;0.000143;0.000002442712;0.000000;0.000000;0;0.000000;0.000000;0;1392;0;0;0;0;0.000000;0;0;0;0.000000;0;0;0;0;true;false;false;true;optimal;15;229;1.000000;0.000000;8.358;3364865.038346406072
nonconvex_bnb_cgal;86;0;10;15;15;32;18;1;15;1;11;5;0;;5.000;40;43;169.821810785538;169.821413800304;169.821413800304;0.000234;0.000000;31.250000;1.636364;15.000000;0.000102;0.27%;0.000835;2.25%;0.036156;97.47%;0.036131;97.41%;0.001788;0.031020;0.003323;0.002007284667;0.000000;0.000000;0;0.000000;0.000000;0;5;0;0;0;0;0.000000;0;0;0;0.000000;0;0;0;0;true;false;false;true;optimal;2;10;1.000000;0.000000;5.500;3117.166878839171
nonconvex_bnb_cgal;87;0;15;36;36;24192;278;1;265;12;136;130;0;;9.331;63;79;498.353358562195;498.345491643273;498.345491643273;0.001579;0.000000;48.872180;2.044118;22.083333;0.001125;20.14%;0.001620;29.00%;0.002842;50.86%;0.002503;44.80%;0.000017;0.002394;0.000092;0.000009005094;0.000000;0.000000;0;0.000000;0.000000;0;130;0;0;0;0;0.000000;0;0;0;0.000000;0;0;0;0;true;false;false;true;optimal;7;135;0.999963;0.018538;9.400;140290.276993363106
nonconvex_bnb_cgal;88;0;15;24;24;288;28;1;25;1;17;9;1;691.131769013849;7.588;67;79;691.133620528055;691.133620528055;691.131769013849;0.000268;0.000268;34.615385;1.647059;25.000000;0.000222;0.10%;0.000825;0.38%;0.216897;99.52%;0.216833;99.49%;0.004840;0.199760;0.012233;0.007744029786;0.000000;0.000000;0;0.000000;0.000000;0;9;0;0;0;0;0.000000;0;0;0;0.000000;0;0;0;0;true;false;false;true;optimal;3;16;0.999734;0.183771;8.062;19469.161476994272
nonconvex_bnb_cgal;89;0;20;31;31;1152;3;1;2;0;1;2;0;;0.000;84;97;830.808764295105;830.807101054827;830.807101054827;0.000200;0.000000;66.666667;3.000000;0.000000;0.000285;24.18%;0.000853;72.38%;0.000041;3.44%;0.000032;2.69%;0.000013;0.000019;0.000000;0.000010569667;0.000000;0.000000;0;0.000000;0.000000;0;2;0;0;0;0;0.000000;0;0;0;0.000000;0;0;0;0;true;false;false;true;optimal;2;0;0.000000;0.000000;0.000;2501.925681569097
nonconvex_bnb_cgal;90;0;20;57;57;13122000;34384;1;30926;3456;15145;15782;1;740.425667215831;17.928;88;115;740.429355833575;740.429355833575;740.425667215831;0.000498;0.000498;51.029844;2.270320;8.948495;0.001965;0.00%;0.002833;0.00%;173.644632;100.00%;173.576407;99.96%;0.005768;156.213555;17.357084;0.005048173759;0.000000;0.000000;0;0.000000;0.000000;0;15782;0;0;0;0;0.000000;0;0;0;0.000000;0;0;0;0;true;false;false;true;optimal;9;15144;0.999894;0.078183;17.929;25730406.806843228638
nonconvex_bnb_cgal;91;0;30;82;82;119439360000;22284;1;21130;1152;9048;12083;1;1363.522240748017;26.053;132;175;1363.523829680663;1363.523829680663;1363.522240748017;0.000117;0.000117;57.181392;2.462865;18.342014;0.000954;0.00%;0.000874;0.00%;199.540705;100.00%;199.473367;99.97%;0.014441;189.228496;10.230430;0.008951416590;0.000000;0.000000;0;0.000000;0.000000;0;12083;0;0;0;0;0.000000;0;0;0;0.000000;0;0;0;0;true;false;false;true;optimal;5;9047;1.000000;0.000007;26.056;30549420.958144985139
nonconvex_bnb_cgal;92;0;30;106;106;1300264648704000;108169;1;105863;2304;32320;73544;1;1026.018291862125;23.050;130;208;1026.019528707259;1026.019528707259;1026.018291862125;0.000121;0.000121;69.470264;3.346813;45.947483;0.005617;0.00%;0.001351;0.00%;1284.570963;100.00%;1284.268181;99.98%;0.006394;1262.721045;21.540742;0.011872793321;0.000000;0.000000;0;0.000000;0.000000;0;73544;0;0;0;0;0.000000;0;0;0;0.000000;0;0;0;0;true;false;false;true;optimal;8;32319;0.999967;0.033586;23.051;111286277.229956254363
nonconvex_bnb_cgal;93;0;40;165;165;287915743641600000;825478;1;567429;129024;345909;221521;1;2222.434088345244;36.637;170;251;2222.452516247238;2222.452516247238;2222.434088345244;0.000829;0.000829;39.039353;2.386402;4.397856;0.017832;0.00%;0.001910;0.00%;4789.624417;100.00%;4787.989471;99.97%;0.012704;3326.489569;1461.487198;0.005800262964;0.000000;0.000000;0;0.000000;0.000000;0;221521;0;0;0;0;0.000000;0;0;0;0.000000;0;0;0;0;true;false;false;true;optimal;31;345908;0.999999;0.002415;36.637;1835996799.330875873566
nonconvex_bnb_cgal;94;0;40;82;82;313528320;62719;1;62462;128;26842;35621;0;;32.858;164;200;929.463956190849;929.426112071147;929.426112071147;0.004072;0.000000;57.027360;2.336599;487.984375;0.002786;0.00%;0.002372;0.00%;892.264009;100.00%;892.142841;99.99%;0.000059;892.138102;0.004680;0.014224443013;0.000000;0.000000;0;0.000000;0.000000;0;35621;0;0;0;0;0.000000;0;0;0;0.000000;0;0;0;0;true;false;false;true;optimal;9;26841;0.999063;0.870633;32.859;58719024.650185696781
nonconvex_bnb_cgal;95;0;50;153;153;4777380361682288640000;31996716;1;31546544;450171;11178261;20368269;0;;43.379;209;304;2119.514941413350;2119.498718563666;2119.498718563666;0.000765;0.000000;64.565799;2.862406;70.076802;0.002692;0.00%;0.000937;0.00%;7200.037692;100.00%;6708.869115;93.18%;0.000112;6673.056203;35.812800;0.000209673678;0.000000;0.000000;0;0.000000;0.000000;0;20368269;0;0;0;0;0.000000;0;0;0;0.000000;0;0;0;0;false;true;false;false;time_limit;7;11178275;0.999987;0.026673;43.379;67916972806.779953002930
nonconvex_bnb_cgal;96;0;50;177;177;295814814232058265600000000;32695;1;31407;1285;10767;20630;2;1357.985039695205;44.939;220;338;1357.989875375944;1357.989875375944;1357.985027740676;0.000357;0.000357;65.706915;3.036593;24.441245;0.022431;0.00%;0.035112;0.00%;7200.006377;100.00%;7197.157217;99.96%;0.683981;6936.331316;260.141921;0.220130210047;0.000000;0.000000;0;0.000000;0.000000;0;20630;0;0;0;0;0.000000;0;0;0;0.000000;0;0;0;0;false;true;false;false;time_limit;6;10777;1.000000;0.000033;44.911;44482198.877292290330
nonconvex_bnb_cgal;97;0;60;201;201;7429781938488294433934540800;19991758;1;17585175;1203291;7791686;9793476;0;;55.143;254;376;2803.337345200798;2803.320516644650;2803.320516644650;0.000600;0.000000;55.691702;2.565781;14.614233;0.017340;0.00%;0.003944;0.00%;7200.003831;100.00%;6737.145276;93.57%;0.000086;5919.408256;817.736933;0.000336996140;0.000000;0.000000;0;0.000000;0.000000;0;9793476;0;0;0;0;0.000000;0;0;0;0.000000;0;0;0;0;false;true;false;false;time_limit;9;7791699;1.000000;0.000208;55.143;56130739684.509460449219
nonconvex_bnb_cgal;98;0;60;117;117;100306130042880;3;1;2;0;1;2;0;;0.000;242;293;2730.007671212777;2729.967891821228;2729.967891821228;0.001457;0.000000;66.666667;3.000000;0.000000;0.000887;1.33%;0.000875;1.31%;0.065084;97.36%;0.065065;97.34%;0.017390;0.047675;0.000000;0.021688402667;0.000000;0.000000;0;0.000000;0.000000;0;2;0;0;0;0;0.000000;0;0;0;0.000000;0;0;0;0;true;false;false;true;optimal;2;0;0.000000;0.000000;0.000;8205.236496290450
nonconvex_bnb_cgal;99;0;5;8;8;8;10;1;8;1;6;3;0;;2.500;20;24;161.530176617104;161.529807847396;161.529807847396;0.000228;0.000000;33.333333;1.666667;8.000000;0.000084;9.19%;0.000807;88.13%;0.000024;2.67%;0.000016;1.76%;0.000005;0.000010;0.000001;0.000001616600;0.000000;0.000000;0;0.000000;0.000000;0;3;0;0;0;0;0.000000;0;0;0;0.000000;0;0;0;0;true;false;false;true;optimal;2;5;1.000000;0.000000;3.000;1635.159664030499
nonconvex_bnb_cgal;100;0;5;9;9;12;14;1;11;2;9;3;0;;3.000;21;25;112.289284452181;112.289007890951;112.289007890951;0.000246;0.000000;25.000000;1.555556;5.500000;0.000117;11.86%;0.000837;84.81%;0.000033;3.33%;0.000024;2.44%;0.000004;0.000018;0.000002;0.000001717357;0.000000;0.000000;0;0.000000;0.000000;0;3;0;0;0;0;0.000000;0;0;0;0.000000;0;0;0;0;true;false;false;true;optimal;3;8;1.000000;0.000000;3.375;1580.937037902996
nonconvex_bnb_cgal;101;0;10;14;14;12;28;1;19;4;18;2;0;;6.667;40;43;231.375645131894;231.375304477794;231.375304477794;0.000147;0.000000;10.000000;1.555556;4.750000;0.000105;9.60%;0.000850;77.97%;0.000136;12.44%;0.000120;10.99%;0.000008;0.000081;0.000031;0.000004278250;0.000000;0.000000;0;0.000000;0.000000;0;2;0;0;0;0;0.000000;0;0;0;0.000000;0;0;0;0;true;false;false;true;optimal;3;17;1.000000;0.000000;7.059;6484.894989127085
nonconvex_bnb_cgal;102;0;10;12;12;4;14;1;12;1;11;2;0;;5.000;42;44;400.269250193335;400.269043437858;400.269043437858;0.000052;0.000000;15.384615;1.272727;12.000000;0.000106;10.31%;0.000865;84.28%;0.000056;5.41%;0.000037;3.58%;0.000006;0.000029;0.000002;0.000002628000;0.000000;0.000000;0;0.000000;0.000000;0;2;0;0;0;0;0.000000;0;0;0;0.000000;0;0;0;0;true;false;false;true;optimal;2;10;1.000000;0.000000;5.500;5603.946924291137
nonconvex_bnb_cgal;103;0;15;18;18;8;2;1;1;0;1;1;0;;0.000;60;63;486.048052792543;486.047187837913;486.047187837913;0.000178;0.000000;50.000000;2.000000;0.000000;0.000104;10.76%;0.000846;87.40%;0.000018;1.85%;0.000014;1.40%;0.000007;0.000006;0.000000;0.000006791500;0.000000;0.000000;0;0.000000;0.000000;0;1;0;0;0;0;0.000000;0;0;0;0.000000;0;0;0;0;true;false;false;true;optimal;1;0;0.000000;0.000000;0.000;972.094375675827
nonconvex_bnb_cgal;104;0;15;33;33;6400;129;1;116;12;53;64;0;;11.396;63;79;536.568327604945;536.567872043827;536.567872043827;0.000085;0.000000;54.700855;2.433962;9.666667;0.000537;28.12%;0.000863;45.21%;0.000509;26.67%;0.000427;22.37%;0.000009;0.000381;0.000037;0.000003310434;0.000000;0.000000;0;0.000000;0.000000;0;64;0;0;0;0;0.000000;0;0;0;0.000000;0;0;0;0;true;false;false;true;optimal;5;52;1.000000;0.000000;11.615;69523.789076381028
nonconvex_bnb_cgal;105;0;20;32;32;972;468;1;443;24;250;194;0;;15.208;81;101;603.634299397379;603.631129676119;603.631129676119;0.000525;0.000000;43.693694;1.872000;18.458333;0.000307;5.89%;0.000934;17.93%;0.003968;76.18%;0.003664;70.34%;0.000016;0.003472;0.000176;0.000007828932;0.000000;0.000000;0;0.000000;0.000000;0;194;0;0;0;0;0.000000;0;0;0;0.000000;0;0;0;0;true;false;false;true;optimal;3;249;0.999742;0.155745;15.269;283283.966186399397
nonconvex_bnb_cgal;106;0;20;34;34;4096;1132;1;987;144;783;205;0;;16.713;82;98;398.457721697424;398.455103816274;398.455103816274;0.000657;0.000000;20.748988;1.445722;6.854167;0.000266;3.51%;0.000901;11.90%;0.006400;84.59%;0.005762;76.14%;0.000012;0.005053;0.000696;0.000005089687;0.000000;0.000000;0;0.000000;0.000000;0;205;0;0;0;0;0.000000;0;0;0;0.000000;0;0;0;0;true;false;false;true;optimal;4;782;1.000000;0.000000;16.734;451914.685305426246
nonconvex_bnb_cgal;107;0;30;64;64;167961600;650;1;585;64;301;285;0;;25.944;138;164;2953.146629160619;2953.143199944030;2953.143199944030;0.000116;0.000000;48.634812;2.159468;9.140625;0.000615;10.21%;0.000869;14.41%;0.004544;75.38%;0.004006;66.46%;0.000016;0.003607;0.000383;0.000006163523;0.000000;0.000000;0;0.000000;0.000000;0;285;0;0;0;0;0.000000;0;0;0;0.000000;0;0;0;0;true;false;false;true;optimal;5;300;0.999999;0.002049;26.030;1922646.339044265682
nonconvex_bnb_cgal;108;0;30;52;52;497664;2492;1;2107;192;1484;624;0;;23.750;121;144;1008.254128848557;1008.249139521419;1008.249139521419;0.000495;0.000000;29.601518;1.679245;10.973958;0.000418;1.38%;0.000951;3.15%;0.028827;95.47%;0.026876;89.00%;0.000022;0.022833;0.004020;0.000010784813;0.000000;0.000000;0;0.000000;0.000000;0;624;0;0;0;0;0.000000;0;0;0;0.000000;0;0;0;0;true;false;false;true;optimal;4;1483;0.999777;0.224959;23.766;2519335.086547886953
nonconvex_bnb_cgal;109;0;40;88;88;71663616000;12698;1;11675;1022;9397;2269;0;;33.666;171;216;1044.773488245947;1044.752448160791;1044.752448160791;0.002014;0.000000;19.449683;1.351282;11.423679;0.003544;0.00%;0.002183;0.00%;7200.570383;100.00%;7199.531469;99.99%;1.328984;6594.162301;604.040184;0.566981530075;0.000000;0.000000;0;0.000000;0.000000;0;2269;0;0;0;0;0.000000;0;0;0;0.000000;0;0;0;0;false;true;false;false;time_limit;5;9406;1.000000;0.000000;33.647;13268863.388341899961
nonconvex_bnb_cgal;110;0;40;72;72;37324800;119379;1;107090;12288;97115;9976;0;;36.054;158;198;1016.243564486628;1016.231451035154;1016.231451035154;0.001192;0.000000;9.315442;1.229254;8.715007;0.000516;0.02%;0.001019;0.04%;2.267214;99.93%;2.144656;94.53%;0.000031;1.928063;0.216562;0.000017965106;0.000000;0.000000;0;0.000000;0.000000;0;9976;0;0;0;0;0.000000;0;0;0;0.000000;0;0;0;0;true;false;false;true;optimal;5;97114;1.000000;0.000000;36.054;121341043.083679839969
nonconvex_bnb_cgal;111;0;50;98;98;464380231680;19059;1;18290;768;10147;8144;0;;43.605;208;257;2082.195159857958;2082.185664952744;2082.185664952744;0.000456;0.000000;44.524630;1.878289;23.815104;0.001042;0.33%;0.000992;0.31%;0.313762;99.36%;0.289933;91.81%;0.000029;0.278750;0.011154;0.000015212376;0.000000;0.000000;0;0.000000;0.000000;0;8144;0;0;0;0;0.000000;0;0;0;0.000000;0;0;0;0;true;false;false;true;optimal;5;10146;1.000000;0.000000;43.610;39711563.354576542974
nonconvex_bnb_cgal;112;0;50;128;128;894361927680000;932700;1;932697;1;258178;674520;1;1889.166994097115;21.034;224;302;1889.181166877373;1889.181166877373;1889.166994097115;0.000750;0.000750;72.319229;3.612624;932697.000000;0.009508;0.04%;0.001006;0.00%;26.561422;99.96%;25.117596;94.53%;0.000037;25.117520;0.000039;0.000026929984;0.000000;0.000000;0;0.000000;0.000000;0;674520;0;0;0;0;0.000000;0;0;0;0.000000;0;0;0;0;true;false;false;true;optimal;13;258177;0.999435;1.066694;21.034;1769654732.554101943970
nonconvex_bnb_cgal;113;0;60;77;77;23328;1216;1;1190;24;1034;157;1;2116.476052782034;38.647;249;265;2116.489604523272;2116.489604523272;2116.476052782034;0.000640;0.000640;13.182200;1.176015;49.583333;0.000529;0.00%;0.001031;0.00%;53.593995;100.00%;53.590070;99.99%;0.045846;52.404037;1.140187;0.044070781516;0.000000;0.000000;0;0.000000;0.000000;0;157;0;0;0;0;0.000000;0;0;0;0.000000;0;0;0;0;true;false;false;true;optimal;3;1033;1.000000;0.000853;38.684;2576339.653855455108
nonconvex_bnb_cgal;114;0;60;95;95;268738560;2;1;1;0;1;1;0;;0.000;245;281;1809.085529653389;1809.057802989412;1809.057802989412;0.001533;0.000000;50.000000;2.000000;0.000000;0.000775;40.60%;0.001036;54.26%;0.000098;5.14%;0.000088;4.63%;0.000044;0.000045;0.000000;0.000044208500;0.000000;0.000000;0;0.000000;0.000000;0;1;0;0;0;0;0.000000;0;0;0;0.000000;0;0;0;0;true;false;false;true;optimal;1;0;0.000000;0.000000;0.000;3618.115605978825
nonconvex_bnb_cgal;115;0;5;26;26;3456;95;1;82;12;28;55;0;;3.821;23;42;201.276730199653;201.276730199653;201.276730199653;0.000000;0.000000;66.265060;3.392857;6.833333;0.000698;0.79%;0.000805;0.91%;0.087168;98.30%;0.087094;98.22%;0.000865;0.075250;0.010978;0.000916778116;0.000000;0.000000;0;0.000000;0.000000;0;55;0;0;0;0;0.000000;0;0;0;0.000000;0;0;0;0;true;false;false;true;optimal;6;27;1.000000;0.000000;3.963;19742.103901117262
nonconvex_bnb_cgal;116;0;5;11;11;24;13;1;11;1;6;6;0;;2.500;21;24;130.904080571953;130.903966920381;130.903966920381;0.000087;0.000000;50.000000;2.166667;11.000000;0.000162;15.93%;0.000819;80.69%;0.000034;3.38%;0.000024;2.41%;0.000005;0.000018;0.000001;0.000001884538;0.000000;0.000000;0;0.000000;0.000000;0;6;0;0;0;0;0.000000;0;0;0;0.000000;0;0;0;0;true;false;false;true;optimal;4;5;1.000000;0.000000;3.000;1713.264354273190
nonconvex_bnb_cgal;117;0;10;21;21;576;155;1;118;36;106;13;0;;7.981;40;53;276.733336791777;276.733168740556;276.733168740556;0.000061;0.000000;10.924370;1.462264;3.277778;0.000207;0.06%;0.000837;0.24%;0.351184;99.70%;0.351003;99.65%;0.002540;0.265934;0.082529;0.002264537923;0.000000;0.000000;0;0.000000;0.000000;0;13;0;0;0;0;0.000000;0;0;0;0.000000;0;0;0;0;true;false;false;true;optimal;4;105;1.000000;0.000000;8.057;43065.057738075659
nonconvex_bnb_cgal;118;0;9;17;17;40;20;1;17;1;10;8;1;540.212926233969;4.500;39;50;540.213470007869;540.213470007869;540.212926233969;0.000101;0.000101;44.444444;2.000000;17.000000;0.000781;46.99%;0.000812;48.85%;0.000069;4.16%;0.000055;3.30%;0.000007;0.000043;0.000005;0.000002743850;0.000000;0.000000;0;0.000000;0.000000;0;8;0;0;0;0;0.000000;0;0;0;0.000000;0;0;0;0;true;false;false;true;optimal;5;9;0.999671;0.177593;5.000;10916.724091488097
nonconvex_bnb_cgal;119;0;15;34;34;12960;56;1;50;4;25;26;1;649.081395906913;8.880;61;74;649.085305258102;649.085305258102;649.081395906913;0.000602;0.000602;50.980392;2.240000;12.500000;0.000363;0.08%;0.000841;0.18%;0.467171;99.74%;0.467066;99.72%;0.004925;0.421552;0.040589;0.008340462018;0.000000;0.000000;0;0.000000;0.000000;0;26;0;0;0;0;0.000000;0;0;0;0.000000;0;0;0;0;true;false;false;true;optimal;6;24;0.997904;1.360381;9.250;36631.598832685740
nonconvex_bnb_cgal;120;0;15;26;26;648;127;1;113;12;70;44;1;303.419541527930;11.600;63;77;303.420546648636;303.420546648636;303.419541527930;0.000331;0.000331;38.596491;1.814286;9.416667;0.000263;0.05%;0.000838;0.16%;0.526416;99.79%;0.526197;99.75%;0.002982;0.469233;0.053982;0.004143286394;0.000000;0.000000;0;0.000000;0.000000;0;44;0;0;0;0;0.000000;0;0;0;0.000000;0;0;0;0;true;false;false;true;optimal;3;69;0.999999;0.000277;11.768;38818.744478828499
nonconvex_bnb_cgal;121;0;20;44;44;129600;434;1;401;32;278;124;0;;15.115;81;102;761.159271097136;761.157072050593;761.157072050593;0.000289;0.000000;30.845771;1.561151;12.531250;0.000534;0.02%;0.000867;0.03%;2.671476;99.95%;2.670648;99.92%;0.005732;2.497995;0.166921;0.006153566433;0.000000;0.000000;0;0.000000;0.000000;0;124;0;0;0;0;0.000000;0;0;0;0.000000;0;0;0;0;true;false;false;true;optimal;6;277;1.000000;0.000000;15.170;331897.648146451917
nonconvex_bnb_cgal;122;0;20;36;36;13824;151;1;133;16;95;39;1;603.458515889189;14.874;85;102;603.459114101465;603.459114101465;603.458515889189;0.000099;0.000099;29.104478;1.589474;8.312500;0.000304;0.03%;0.000874;0.10%;0.883043;99.87%;0.882746;99.83%;0.005949;0.784219;0.092577;0.005845996695;0.000000;0.000000;0;0.000000;0.000000;0;39;0;0;0;0;0.000000;0;0;0;0.000000;0;0;0;0;true;false;false;true;optimal;4;94;1.000000;0.000153;15.032;91611.945129143438
nonconvex_bnb_cgal;123;0;30;77;77;940369969152;372;1;272;96;217;56;3;435.252778193530;26.995;133;162;435.253078409705;435.253078409705;435.249313348315;0.000865;0.000865;20.512821;1.714286;2.833333;0.002107;0.01%;0.003058;0.02%;15.923389;99.97%;15.922163;99.96%;0.029034;11.741884;4.151245;0.042801513804;0.000000;0.000000;0;0.000000;0.000000;0;56;0;0;0;0;0.000000;0;0;0;0.000000;0;0;0;0;true;false;false;true;optimal;4;216;0.999999;0.000632;27.120;162107.065778541175
nonconvex_bnb_cgal;124;0;30;34;34;9;2;1;1;0;1;1;0;;0.000;129;129;907.224898784346;907.222288398269;907.222288398269;0.000288;0.000000;50.000000;2.000000;0.000000;0.000196;17.69%;0.000870;78.38%;0.000044;3.93%;0.000033;2.99%;0.000018;0.000015;0.000000;0.000016625000;0.000000;0.000000;0;0.000000;0.000000;0;1;0;0;0;0;0.000000;0;0;0;0.000000;0;0;0;0;true;false;false;true;optimal;1;0;0.000000;0.000000;0.000;1814.444576796539
nonconvex_bnb_cgal;125;0;40;88;88;521838526464;126;1;121;4;63;59;0;;25.349;191;273;1998.424342083055;1998.417129954808;1998.417129954808;0.000361;0.000000;48.360656;2.000000;30.250000;0.003071;0.12%;0.000982;0.04%;2.583311;99.84%;2.582882;99.83%;0.016663;2.501366;0.064854;0.020499064817;0.000000;0.000000;0;0.000000;0.000000;0;59;0;0;0;0;0.000000;0;0;0;0.000000;0;0;0;0;true;false;false;true;optimal;6;62;0.999997;0.006331;25.758;252116.031329247635
nonconvex_bnb_cgal;126;0;40;67;67;5598720;1208;1;1158;48;705;454;1;2176.921206018890;30.679;167;194;2176.929668547152;2176.929668547152;2176.921206018890;0.000389;0.000389;39.171700;1.713475;24.125000;0.000569;0.00%;0.001340;0.01%;18.356273;99.99%;18.351228;99.96%;0.014415;17.608299;0.728514;0.015191413502;0.000000;0.000000;0;0.000000;0.000000;0;454;0;0;0;0;0.000000;0;0;0;0.000000;0;0;0;0;true;false;false;true;optimal;5;704;1.000000;0.000553;30.723;2635525.326519569382
nonconvex_bnb_cgal;127;0;50;126;126;40814668800000;19397;1;19100;148;7499;11579;2;3085.752747518500;41.144;232;298;3085.803195237691;3085.803195237691;3085.742727425982;0.001960;0.001960;60.692945;2.586612;129.054054;0.015412;0.00%;0.002930;0.00%;7200.677303;100.00%;7198.618894;99.97%;0.618108;7091.879212;106.121573;0.371120219309;0.000000;0.000000;0;0.000000;0.000000;0;11579;0;0;0;0;0.000000;0;0;0;0.000000;0;0;0;0;false;true;false;false;time_limit;15;7521;0.999989;0.032424;41.081;60062073.726877540350
nonconvex_bnb_cgal;128;0;50;93;93;92876046336;53756;1;49145;2305;26017;23129;2;1613.468046150273;43.365;202;242;1613.471748006856;1613.471748006856;1613.465016737786;0.000417;0.000417;47.061816;2.066187;21.321041;0.000688;0.00%;0.000927;0.00%;650.321739;100.00%;650.236614;99.99%;0.011523;596.695597;53.529494;0.012096075117;0.000000;0.000000;0;0.000000;0.000000;0;23129;0;0;0;0;0.000000;0;0;0;0.000000;0;0;0;0;true;false;false;true;optimal;4;26016;0.999997;0.004102;43.367;86936088.261879682541
nonconvex_bnb_cgal;129;0;60;302;302;575063998867121452556798346366091511463936;17842063;1;17088081;753979;4230636;12857392;2;2723.924122476943;57.443;271;471;2723.946700676401;2723.946700676401;2723.923644256882;0.000846;0.000846;75.242105;4.217348;22.663869;0.283139;0.00%;0.027806;0.00%;7200.053101;100.00%;6768.179936;94.00%;0.000099;6477.168503;291.011334;0.000379338417;0.000000;0.000000;0;0.000000;0.000000;0;12857392;0;0;0;0;0.000000;0;0;0;0.000000;0;0;0;0;false;true;false;false;time_limit;6;4230689;0.999999;0.002577;57.443;48691436197.287017822266
nonconvex_bnb_cgal;130;0;60;108;108;9393093476352;1499202;1;1425472;73728;788153;637320;1;6038.550761754273;54.567;265;312;6038.624371350971;6038.624371350971;6038.550761754273;0.001219;0.001219;44.709370;1.902171;19.334201;0.001172;0.00%;0.001375;0.00%;40.273477;99.99%;37.625251;93.42%;0.000053;35.821381;1.803817;0.000025096852;0.000000;0.000000;0;0.000000;0.000000;0;637320;0;0;0;0;0.000000;0;0;0;0.000000;0;0;0;0;true;false;false;true;optimal;6;788152;1.000000;0.000007;54.567;9073195065.402557373047
nonconvex_bnb_cgal;131;0;51;51;51;1;2;1;1;0;1;1;0;;0.000;278;278;814.004727398596;813.933592015515;813.933592015515;0.008740;0.000000;50.000000;2.000000;0.000000;0.000356;0.90%;0.000892;2.26%;0.038212;96.84%;0.038201;96.81%;0.016935;0.021265;0.000000;0.019100333500;0.000000;0.000000;0;0.000000;0.000000;0;1;0;0;0;0;0.000000;0;0;0;0.000000;0;0;0;0;true;false;false;true;optimal;1;0;0.000000;0.000000;0.000;1627.867184031031
nonconvex_bnb_cgal;132;0;10;10;10;1;12;1;10;1;11;0;0;;5.000;51;51;16719.841679692545;16717.953844686999;16717.953844686999;0.011292;0.000000;0.000000;1.090909;10.000000;0.000090;0.09%;0.000817;0.80%;0.100926;99.11%;0.100900;99.08%;0.008469;0.084235;0.008196;0.008408319500;0.000000;0.000000;0;0.000000;0.000000;0;0;0;0;0;0;0.000000;0;0;0;0.000000;0;0;0;0;true;false;false;true;optimal;1;10;1.000000;0.000000;5.500;200615.446136243991
nonconvex_bnb_cgal;133;0;15;15;15;1;17;1;15;1;16;0;0;;7.500;77;77;22660.227300273578;22660.169334193506;22660.169334193506;0.000256;0.000000;0.000000;1.062500;15.000000;0.000127;0.08%;0.000841;0.55%;0.150696;99.36%;0.150661;99.34%;0.009211;0.132977;0.008473;0.008862436471;0.000000;0.000000;0;0.000000;0.000000;0;0;0;0;0;0;0.000000;0;0;0;0.000000;0;0;0;0;true;false;false;true;optimal;1;15;1.000000;0.000000;8.000;385222.878681289731
nonconvex_bnb_cgal;134;0;20;20;20;1;22;1;20;1;21;0;0;;10.000;104;104;28072.631847379365;28071.962041674706;28071.962041674706;0.002386;0.000000;0.000000;1.047619;20.000000;0.000161;0.06%;0.000849;0.34%;0.248682;99.60%;0.248596;99.56%;0.011099;0.226524;0.010972;0.011299814318;0.000000;0.000000;0;0.000000;0.000000;0;0;0;0;0;0;0.000000;0;0;0;0.000000;0;0;0;0;true;false;false;true;optimal;1;20;1.000000;0.000000;10.500;617583.164916843409
nonconvex_bnb_cgal;135;0;25;25;25;1;27;1;25;1;26;0;0;;12.500;134;134;38640.558073597742;38639.847932056087;38639.847932056087;0.001838;0.000000;0.000000;1.038462;25.000000;0.000185;0.04%;0.000860;0.21%;0.410145;99.75%;0.410059;99.73%;0.015666;0.379256;0.015136;0.015187367185;0.000000;0.000000;0;0.000000;0.000000;0;0;0;0;0;0;0.000000;0;0;0;0.000000;0;0;0;0;true;false;false;true;optimal;1;25;1.000000;0.000000;13.000;1043275.894165513804
nonconvex_bnb_cgal;136;0;30;30;30;1;2;1;1;0;1;1;0;;0.000;163;163;47283.247329597994;47282.717289988861;47282.717289988861;0.001121;0.000000;50.000000;2.000000;0.000000;0.000230;0.55%;0.000875;2.10%;0.040558;97.35%;0.040547;97.32%;0.020525;0.020022;0.000000;0.020273583500;0.000000;0.000000;0;0.000000;0.000000;0;1;0;0;0;0;0.000000;0;0;0;0.000000;0;0;0;0;true;false;false;true;optimal;1;0;0.000000;0.000000;0.000;94565.434579977737
nonconvex_bnb_cgal;137;0;35;35;35;1;37;1;35;1;36;0;0;;17.500;192;192;58113.658147838716;58113.295302065730;58113.295302065730;0.000624;0.000000;0.000000;1.027778;35.000000;0.000259;0.03%;0.000873;0.09%;0.939856;99.88%;0.939728;99.87%;0.024481;0.891414;0.023833;0.025398057432;0.000000;0.000000;0;0.000000;0.000000;0;0;0;0;0;0;0.000000;0;0;0;0.000000;0;0;0;0;true;false;false;true;optimal;1;35;1.000000;0.000000;18.000;2150191.926176433451
nonconvex_bnb_cgal;138;0;40;40;40;1;42;1;40;1;41;0;0;;20.000;220;220;41403.520375303902;41401.555059694620;41401.555059694620;0.004747;0.000000;0.000000;1.024390;40.000000;0.000290;0.03%;0.000906;0.08%;1.145119;99.90%;1.144944;99.88%;0.028043;1.089648;0.027253;0.027260583190;0.000000;0.000000;0;0.000000;0.000000;0;0;0;0;0;0;0.000000;0;0;0;0.000000;0;0;0;0;true;false;false;true;optimal;1;40;1.000000;0.000000;20.500;1738865.312507174443
nonconvex_bnb_cgal;139;0;45;45;45;1;2;1;1;0;1;1;0;;0.000;247;247;60165.841353111973;60156.120537112511;60156.120537112511;0.016159;0.000000;50.000000;2.000000;0.000000;0.000325;0.49%;0.000921;1.38%;0.065538;98.13%;0.065526;98.12%;0.034009;0.031518;0.000000;0.032763125000;0.000000;0.000000;0;0.000000;0.000000;0;1;0;0;0;0;0.000000;0;0;0;0.000000;0;0;0;0;true;false;false;true;optimal;1;0;0.000000;0.000000;0.000;120312.241074225036
nonconvex_bnb_cgal;140;0;50;50;50;1;2;1;1;0;1;1;0;;0.000;280;280;74981.617654655522;74980.877532039609;74980.877532039609;0.000987;0.000000;50.000000;2.000000;0.000000;0.000352;0.63%;0.000869;1.54%;0.055053;97.83%;0.055038;97.81%;0.026539;0.028499;0.000000;0.027519083500;0.000000;0.000000;0;0.000000;0.000000;0;1;0;0;0;0;0.000000;0;0;0;0.000000;0;0;0;0;true;false;false;true;optimal;1;0;0.000000;0.000000;0.000;149961.755064079247
nonconvex_bnb_cgal;141;0;60;60;60;1;62;1;60;1;61;0;0;;30.000;335;335;87910.995229667940;87909.118876794775;87909.118876794775;0.002134;0.000000;0.000000;1.016393;60.000000;0.000473;0.03%;0.000892;0.05%;1.720499;99.92%;1.720264;99.91%;0.027746;1.665893;0.026625;0.027746201613;0.000000;0.000000;0;0.000000;0.000000;0;0;0;0;0;0;0.000000;0;0;0;0.000000;0;0;0;0;true;false;false;true;optimal;1;60;1.000000;0.000000;30.500;5450365.370361271314
nonconvex_bnb_cgal;142;0;4;4;4;1;2;1;1;0;1;1;0;;0.000;16;16;87.998563383704;87.998531865385;87.998531865385;0.000036;0.000000;50.000000;2.000000;0.000000;0.000035;1.11%;0.000810;25.55%;0.002327;73.34%;0.002322;73.19%;0.001279;0.001043;0.000000;0.001160833500;0.000000;0.000000;0;0.000000;0.000000;0;1;0;0;0;0;0.000000;0;0;0;0.000000;0;0;0;0;true;false;false;true;optimal;1;0;0.000000;0.000000;0.000;175.997063730770
nonconvex_bnb_cgal;143;0;5;5;5;1;7;1;5;1;6;0;0;;2.500;20;20;466.858465493111;466.858372362940;466.858372362940;0.000020;0.000000;0.000000;1.166667;5.000000;0.000043;4.88%;0.000824;92.80%;0.000021;2.33%;0.000009;0.99%;0.000003;0.000005;0.000000;0.000001256143;0.000000;0.000000;0;0.000000;0.000000;0;0;0;0;0;0;0.000000;0;0;0;0.000000;0;0;0;0;true;false;false;true;optimal;1;5;1.000000;0.000000;3.000;3268.008606540580
nonconvex_bnb_cgal;144;0;10;11;11;2;13;1;11;1;11;1;0;;5.000;40;41;441.834070214226;441.834053203306;441.834053203306;0.000004;0.000000;8.333333;1.181818;11.000000;0.000067;7.06%;0.000832;87.36%;0.000053;5.57%;0.000041;4.27%;0.000007;0.000031;0.000003;0.000003124769;0.000000;0.000000;0;0.000000;0.000000;0;1;0;0;0;0;0.000000;0;0;0;0.000000;0;0;0;0;true;false;false;true;optimal;2;10;1.000000;0.000000;5.500;5757.504058094177
nonconvex_bnb_cgal;145;0;10;15;15;12;17;1;15;1;11;5;0;;5.000;40;44;428.790825539891;428.790712739351;428.790712739351;0.000026;0.000000;31.250000;1.545455;15.000000;0.000155;14.67%;0.000836;79.31%;0.000063;6.02%;0.000050;4.71%;0.000007;0.000040;0.000002;0.000002924059;0.000000;0.000000;0;0.000000;0.000000;0;5;0;0;0;0;0.000000;0;0;0;0.000000;0;0;0;0;true;false;false;true;optimal;4;10;1.000000;0.000000;5.500;7293.723724501935
nonconvex_bnb_cgal;146;0;15;17;17;4;2;1;1;0;1;1;0;;0.000;64;65;471.442193516087;471.438373798227;471.438373798227;0.000810;0.000000;50.000000;2.000000;0.000000;0.000126;1.08%;0.000852;7.33%;0.010648;91.59%;0.010641;91.54%;0.005296;0.005345;0.000000;0.005320750000;0.000000;0.000000;0;0.000000;0.000000;0;1;0;0;0;0;0.000000;0;0;0;0.000000;0;0;0;0;true;false;false;true;optimal;1;0;0.000000;0.000000;0.000;942.876747596454
nonconvex_bnb_cgal;147;0;15;24;24;80;44;1;37;6;28;10;0;;10.393;61;67;1124.627592338874;1124.627459211201;1124.627459211201;0.000012;0.000000;26.315789;1.571429;6.166667;0.000249;19.64%;0.000840;66.17%;0.000180;14.19%;0.000143;11.26%;0.000010;0.000118;0.000015;0.000003250068;0.000000;0.000000;0;0.000000;0.000000;0;10;0;0;0;0;0.000000;0;0;0;0.000000;0;0;0;0;true;false;false;true;optimal;5;27;1.000000;0.000000;10.778;49794.255243547828
nonconvex_bnb_cgal;148;0;20;36;36;10368;113;1;107;4;60;48;1;399.844670562476;12.400;85;100;399.844782763397;399.844782763397;399.844670562476;0.000028;0.000028;44.444444;1.883333;26.750000;0.000343;0.05%;0.000838;0.13%;0.661728;99.82%;0.661505;99.79%;0.004399;0.626930;0.030176;0.005854024292;0.000000;0.000000;0;0.000000;0.000000;0;48;0;0;0;0;0.000000;0;0;0;0.000000;0;0;0;0;true;false;false;true;optimal;4;59;1.000000;0.000042;12.610;45452.031990552176
nonconvex_bnb_cgal;149;0;20;31;31;288;124;1;115;8;89;27;0;;13.573;80;91;2231.422381793907;2231.414309427420;2231.414309427420;0.000362;0.000000;23.275862;1.393258;14.375000;0.000284;15.85%;0.000866;48.36%;0.000641;35.79%;0.000555;31.01%;0.000013;0.000511;0.000031;0.000004476847;0.000000;0.000000;0;0.000000;0.000000;0;27;0;0;0;0;0.000000;0;0;0;0.000000;0;0;0;0;true;false;false;true;optimal;4;88;1.000000;0.000000;13.727;277129.371000711108
nonconvex_bnb_cgal;150;0;30;38;38;256;209;1;191;16;170;22;1;900.008975745217;20.600;120;127;900.011362915585;900.011362915585;900.008975745217;0.000265;0.000265;11.458333;1.229412;11.937500;0.000188;0.00%;0.000877;0.02%;4.082843;99.97%;4.082398;99.96%;0.016109;3.742242;0.324048;0.019533006809;0.000000;0.000000;0;0.000000;0.000000;0;22;0;0;0;0;0.000000;0;0;0;0.000000;0;0;0;0;true;false;false;true;optimal;2;169;0.999999;0.000721;20.722;188273.693930605717
nonconvex_bnb_cgal;151;0;30;30;30;1;32;1;30;1;31;0;0;;15.000;120;120;786.621093546079;786.618166768063;786.618166768063;0.000372;0.000000;0.000000;1.032258;30.000000;0.000118;8.58%;0.000915;66.32%;0.000346;25.10%;0.000315;22.83%;0.000019;0.000288;0.000008;0.000009847594;0.000000;0.000000;0;0.000000;0.000000;0;0;0;0;0;0;0.000000;0;0;0;0.000000;0;0;0;0;true;false;false;true;optimal;1;30;1.000000;0.000000;15.500;25171.781336577991
nonconvex_bnb_cgal;152;0;40;53;53;3072;59;1;56;1;44;13;1;1074.072328010715;20.705;164;177;1074.088325792444;1074.088325792444;1074.072328010715;0.001489;0.001489;22.807018;1.340909;56.000000;0.000354;0.04%;0.000888;0.10%;0.917478;99.86%;0.917315;99.85%;0.011758;0.880060;0.025497;0.015547704085;0.000000;0.000000;0;0.000000;0.000000;0;13;0;0;0;0;0.000000;0;0;0;0.000000;0;0;0;0;true;false;false;true;optimal;4;43;0.999985;0.015998;21.186;63495.133051606404
nonconvex_bnb_cgal;153;0;40;64;64;3981312;90;1;81;4;56;26;0;;24.339;185;211;2002.760199699798;2002.757428284362;2002.757428284362;0.000138;0.000000;31.707317;1.607143;20.250000;0.000491;20.32%;0.000887;36.70%;0.001039;42.98%;0.000927;38.38%;0.000026;0.000825;0.000077;0.000010303767;0.000000;0.000000;0;0.000000;0.000000;0;26;0;0;0;0;0.000000;0;0;0;0.000000;0;0;0;0;true;false;false;true;optimal;3;55;0.999997;0.005765;24.782;180393.321613466454
nonconvex_bnb_cgal;154;0;50;52;52;4;91;1;87;2;86;2;1;1331.743093660629;28.256;202;204;1331.748882620204;1331.748882620204;1331.743093660629;0.000435;0.000435;2.272727;1.058140;43.500000;0.000195;0.01%;0.000886;0.05%;1.811020;99.94%;1.810745;99.93%;0.019275;1.736118;0.055352;0.019898298033;0.000000;0.000000;0;0.000000;0.000000;0;2;0;0;0;0;0.000000;0;0;0;0.000000;0;0;0;0;true;false;false;true;optimal;2;85;0.999997;0.003473;28.588;121310.652145583590
nonconvex_bnb_cgal;155;0;50;52;52;4;76;1;71;2;71;1;1;1462.786472998343;29.366;199;201;1462.803267249032;1462.803267249032;1462.786472998343;0.001148;0.001148;1.388889;1.070423;35.500000;0.000182;0.02%;0.000898;0.09%;1.027924;99.90%;1.027707;99.87%;0.016342;0.953832;0.057533;0.013522464855;0.000000;0.000000;0;0.000000;0.000000;0;1;0;0;0;0;0.000000;0;0;0;0.000000;0;0;0;0;true;false;false;true;optimal;2;70;0.999992;0.012236;29.786;111203.389616108267
nonconvex_bnb_cgal;156;0;59;147;147;1203673560514560;247185;1;247182;1;136530;110644;1;7176.752570447126;44.669;428;505;7176.846951429049;7176.846951429049;7176.752570447126;0.001315;0.001315;44.763608;1.810481;247182.000000;0.011391;0.00%;0.000908;0.00%;7200.000323;100.00%;7198.891226;99.98%;0.027768;7198.798942;0.064516;0.029123495462;0.000000;0.000000;0;0.000000;0.000000;0;110644;0;0;0;0;0.000000;0;0;0;0.000000;0;0;0;0;false;true;false;false;time_limit;12;136538;0.999988;0.084685;44.668;1775598327.358607053757
nonconvex_bnb_cgal;157;0;60;140;140;7011906707722862592;19246;1;17890;1354;8781;9099;1;1278.174239065342;54.408;267;334;1278.212218598139;1278.212218598139;1278.174239065342;0.002971;0.002971;50.889262;2.191778;13.212703;0.003864;0.00%;0.002884;0.00%;7200.390659;100.00%;7198.249595;99.97%;0.558591;6719.624400;478.066604;0.374012760825;0.000000;0.000000;0;0.000000;0.000000;0;9099;0;0;0;0;0.000000;0;0;0;0.000000;0;0;0;0;false;true;false;false;time_limit;6;8791;1.000000;0.000354;54.371;24676086.549619615078
nonconvex_bnb_cgal;158;0;5;5;5;1;7;1;5;1;6;0;0;;2.500;20;20;149.651172398775;149.651062332519;149.651062332519;0.000074;0.000000;0.000000;1.166667;5.000000;0.000041;4.83%;0.000793;92.95%;0.000019;2.22%;0.000010;1.22%;0.000004;0.000006;0.000001;0.000001487857;0.000000;0.000000;0;0.000000;0.000000;0;0;0;0;0;0;0.000000;0;0;0;0.000000;0;0;0;0;true;false;false;true;optimal;1;5;1.000000;0.000000;3.000;1047.557436327631
nonconvex_bnb_cgal;159;0;5;10;10;16;18;1;13;2;9;5;0;;3.000;18;22;914.414322515028;914.414320977009;914.414320977009;0.000000;0.000000;35.714286;2.000000;6.500000;0.000100;10.64%;0.000804;85.90%;0.000032;3.46%;0.000019;2.05%;0.000004;0.000012;0.000004;0.000001064889;0.000000;0.000000;0;0.000000;0.000000;0;5;0;0;0;0;0.000000;0;0;0;0.000000;0;0;0;0;true;false;false;true;optimal;4;8;1.000000;0.000000;3.375;16483.087010371321
nonconvex_bnb_cgal;160;0;10;21;21;126;35;1;31;3;21;11;0;;6.429;40;48;324.305941423768;324.305828190104;324.305828190104;0.000035;0.000000;34.375000;1.666667;10.333333;0.000372;28.85%;0.000821;63.60%;0.000097;7.55%;0.000076;5.89%;0.000007;0.000064;0.000005;0.000002172429;0.000000;0.000000;0;0.000000;0.000000;0;11;0;0;0;0;0.000000;0;0;0;0.000000;0;0;0;0;true;false;false;true;optimal;7;20;0.999998;0.000528;6.750;11427.296062409005
nonconvex_bnb_cgal;161;0;10;10;10;1;12;1;10;1;11;0;0;;5.000;40;40;294.061516043279;294.061178344208;294.061178344208;0.000115;0.000000;0.000000;1.090909;10.000000;0.000058;6.42%;0.000800;89.03%;0.000041;4.55%;0.000030;3.34%;0.000006;0.000022;0.000001;0.000002500167;0.000000;0.000000;0;0.000000;0.000000;0;0;0;0;0;0;0.000000;0;0;0;0.000000;0;0;0;0;true;false;false;true;optimal;1;10;1.000000;0.000000;5.500;3528.734140130492
nonconvex_bnb_cgal;162;0;15;18;18;6;48;1;43;4;42;2;0;;9.738;60;62;951.561375798728;951.561178352362;951.561178352362;0.000021;0.000000;4.545455;1.142857;10.750000;0.000105;9.71%;0.000830;76.51%;0.000150;13.78%;0.000120;11.10%;0.000007;0.000105;0.000008;0.000002508542;0.000000;0.000000;0;0.000000;0.000000;0;2;0;0;0;0;0.000000;0;0;0;0.000000;0;0;0;0;true;false;false;true;optimal;3;41;1.000000;0.000000;9.976;45701.060748998076
nonconvex_bnb_cgal;163;0;15;15;15;1;18;1;15;1;16;0;0;;7.500;60;60;253.619959501750;253.618952692592;253.618952692592;0.000397;0.000000;0.000000;1.125000;15.000000;0.000069;0.06%;0.000844;0.77%;0.108929;99.17%;0.108899;99.14%;0.006294;0.090585;0.012019;0.006049923611;0.000000;0.000000;0;0.000000;0.000000;0;0;0;0;0;0;0.000000;0;0;0;0.000000;0;0;0;0;true;false;false;true;optimal;1;15;1.000000;0.000000;8.000;4565.141148466651
nonconvex_bnb_cgal;164;0;20;28;28;48;2;1;1;0;1;1;0;;0.000;81;85;951.172169126797;951.163058428209;951.163058428209;0.000958;0.000000;50.000000;2.000000;0.000000;0.000216;2.38%;0.000864;9.53%;0.007980;88.09%;0.007975;88.02%;0.000013;0.007961;0.000000;0.003987271000;0.000000;0.000000;0;0.000000;0.000000;0;1;0;0;0;0;0.000000;0;0;0;0.000000;0;0;0;0;true;false;false;true;optimal;1;0;0.000000;0.000000;0.000;1902.326116856418
nonconvex_bnb_cgal;165;0;20;23;23;6;35;1;31;2;28;4;1;521.713260775544;11.750;79;82;521.714100931205;521.714100931205;521.713260775544;0.000161;0.000161;12.500000;1.250000;15.500000;0.000138;0.06%;0.000871;0.39%;0.224254;99.55%;0.224187;99.52%;0.006382;0.198739;0.019066;0.006405346486;0.000000;0.000000;0;0.000000;0.000000;0;4;0;0;0;0;0.000000;0;0;0;0.000000;0;0;0;0;true;false;false;true;optimal;3;27;0.999999;0.000653;12.185;18266.190440832896
nonconvex_bnb_cgal;166;0;30;32;32;4;64;1;61;2;60;2;0;;15.483;119;121;752.891451090441;752.887672370066;752.887672370066;0.000502;0.000000;3.225806;1.066667;30.500000;0.000144;0.02%;0.000925;0.14%;0.646129;99.83%;0.646008;99.82%;0.010558;0.614785;0.020664;0.010093869750;0.000000;0.000000;0;0.000000;0.000000;0;2;0;0;0;0;0.000000;0;0;0;0.000000;0;0;0;0;true;false;false;true;optimal;2;59;1.000000;0.000000;15.746;48192.219523569162
nonconvex_bnb_cgal;167;0;30;32;32;3;2;1;1;0;1;1;0;;0.000;120;121;868.934143936487;868.923850426850;868.923850426850;0.001185;0.000000;50.000000;2.000000;0.000000;0.000154;0.61%;0.000906;3.58%;0.024261;95.82%;0.024251;95.77%;0.012808;0.011443;0.000000;0.012125292000;0.000000;0.000000;0;0.000000;0.000000;0;1;0;0;0;0;0.000000;0;0;0;0.000000;0;0;0;0;true;false;false;true;optimal;1;0;0.000000;0.000000;0.000;1737.847700853701
nonconvex_bnb_cgal;168;0;40;41;41;2;61;1;58;2;59;0;0;;23.508;159;160;676.197823020660;676.191805177122;676.191805177122;0.000890;0.000000;0.000000;1.033898;29.000000;0.000163;0.02%;0.000917;0.13%;0.722365;99.85%;0.722213;99.83%;0.012424;0.685745;0.024043;0.011839549836;0.000000;0.000000;0;0.000000;0.000000;0;0;0;0;0;0;0.000000;0;0;0;0.000000;0;0;0;0;true;false;false;true;optimal;2;58;1.000000;0.000000;23.914;41247.700115804408
nonconvex_bnb_cgal;169;0;40;49;49;192;170;1;165;4;138;28;0;;23.007;164;172;1021.035029111780;1021.030100375875;1021.030100375875;0.000483;0.000000;16.867470;1.231884;41.250000;0.000281;8.19%;0.000921;26.86%;0.002227;64.96%;0.002046;59.70%;0.000025;0.001978;0.000043;0.000012036541;0.000000;0.000000;0;0.000000;0.000000;0;28;0;0;0;0;0.000000;0;0;0;0.000000;0;0;0;0;true;false;false;true;optimal;4;137;1.000000;0.000000;23.175;173771.959761889710
nonconvex_bnb_cgal;170;0;50;51;51;2;2;1;1;0;1;1;0;;0.000;201;202;1969.734091507127;1969.721702075785;1969.721702075785;0.000629;0.000000;50.000000;2.000000;0.000000;0.000197;16.80%;0.000910;77.79%;0.000063;5.41%;0.000056;4.78%;0.000030;0.000026;0.000000;0.000027958500;0.000000;0.000000;0;0.000000;0.000000;0;1;0;0;0;0;0.000000;0;0;0;0.000000;0;0;0;0;true;false;false;true;optimal;1;0;0.000000;0.000000;0.000;3939.443404151570
nonconvex_bnb_cgal;171;0;50;52;52;4;55;1;52;1;51;2;1;1328.651411568766;25.000;201;204;1328.665397540412;1328.665397540412;1328.651411568766;0.001053;0.001053;3.773585;1.078431;52.000000;0.000224;0.04%;0.000909;0.14%;0.639315;99.82%;0.639152;99.80%;0.010974;0.605854;0.022324;0.011620946200;0.000000;0.000000;0;0.000000;0.000000;0;2;0;0;0;0;0.000000;0;0;0;0.000000;0;0;0;0;true;false;false;true;optimal;2;50;0.999989;0.013986;25.500;73103.253426111958
nonconvex_bnb_cgal;172;0;60;61;61;2;64;1;61;1;61;1;1;1855.215029481822;30.000;240;241;1855.235588637442;1855.235588637442;1855.215029481822;0.001108;0.001108;1.612903;1.049180;61.000000;0.000213;0.01%;0.000933;0.05%;1.727061;99.93%;1.726860;99.92%;0.026533;1.649253;0.051074;0.026982193406;0.000000;0.000000;0;0.000000;0.000000;0;1;0;0;0;0;0.000000;0;0;0;0.000000;0;0;0;0;true;false;false;true;optimal;2;60;0.999989;0.020559;30.500;118775.672545472407
nonconvex_bnb_cgal;173;0;60;64;64;9;66;1;64;1;61;4;0;;30.000;240;243;1755.960954930438;1755.913680754560;1755.913680754560;0.002692;0.000000;6.153846;1.081967;64.000000;0.000249;9.40%;0.000923;34.83%;0.001478;55.77%;0.001378;51.97%;0.000038;0.001320;0.000020;0.000020871273;0.000000;0.000000;0;0.000000;0.000000;0;4;0;0;0;0;0.000000;0;0;0;0.000000;0;0;0;0;true;false;false;true;optimal;3;60;1.000000;0.000000;30.500;115946.850685161815
nonconvex_bnb_cgal;174;0;5;5;5;1;7;1;5;1;6;0;0;;2.500;20;20;165.125998259702;165.125484269570;165.125484269570;0.000311;0.000000;0.000000;1.166667;5.000000;0.000036;4.19%;0.000807;92.80%;0.000026;3.01%;0.000017;1.95%;0.000006;0.000010;0.000001;0.000002428571;0.000000;0.000000;0;0.000000;0.000000;0;0;0;0;0;0;0.000000;0;0;0;0.000000;0;0;0;0;true;false;false;true;optimal;1;5;1.000000;0.000000;3.000;1155.878389886987
nonconvex_bnb_cgal;175;0;5;5;5;1;2;1;1;0;1;1;0;;0.000;20;20;90.955189513955;90.954761144494;90.954761144494;0.000471;0.000000;50.000000;2.000000;0.000000;0.000042;0.71%;0.000855;14.69%;0.004926;84.60%;0.004920;84.51%;0.002535;0.002385;0.000000;0.002460187000;0.000000;0.000000;0;0.000000;0.000000;0;1;0;0;0;0;0.000000;0;0;0;0.000000;0;0;0;0;true;false;false;true;optimal;1;0;0.000000;0.000000;0.000;181.909522288989
nonconvex_bnb_cgal;176;0;10;10;10;1;2;1;1;0;1;1;0;;0.000;40;40;177.938405389199;177.935938535992;177.935938535992;0.001386;0.000000;50.000000;2.000000;0.000000;0.000057;0.35%;0.000886;5.50%;0.015173;94.15%;0.015168;94.12%;0.007080;0.008088;0.000000;0.007583812500;0.000000;0.000000;0;0.000000;0.000000;0;1;0;0;0;0;0.000000;0;0;0;0.000000;0;0;0;0;true;false;false;true;optimal;1;0;0.000000;0.000000;0.000;355.871877071984
nonconvex_bnb_cgal;177;0;10;10;10;1;12;1;10;1;11;0;0;;5.000;40;40;179.706025667431;179.701664756580;179.701664756580;0.002427;0.000000;0.000000;1.090909;10.000000;0.000063;0.10%;0.000873;1.35%;0.063843;98.56%;0.063828;98.53%;0.005423;0.052800;0.005605;0.005318972167;0.000000;0.000000;0;0.000000;0.000000;0;0;0;0;0;0;0.000000;0;0;0;0.000000;0;0;0;0;true;false;false;true;optimal;1;10;1.000000;0.000000;5.500;2156.419977078960
nonconvex_bnb_cgal;178;0;15;15;15;1;17;1;15;1;16;0;0;;7.500;60;60;291.103539268981;291.103538464439;291.103538464439;0.000000;0.000000;0.000000;1.062500;15.000000;0.000083;0.03%;0.000886;0.34%;0.259353;99.63%;0.259312;99.61%;0.018620;0.222883;0.017809;0.015253671529;0.000000;0.000000;0;0.000000;0.000000;0;0;0;0;0;0;0.000000;0;0;0;0.000000;0;0;0;0;true;false;false;true;optimal;1;15;1.000000;0.000000;8.000;4948.760153895458
nonconvex_bnb_cgal;179;0;15;15;15;1;17;1;15;1;16;0;0;;7.500;60;60;320.195142295957;320.194905230022;320.194905230022;0.000074;0.000000;0.000000;1.062500;15.000000;0.000078;0.10%;0.000913;1.20%;0.075093;98.70%;0.075059;98.65%;0.004478;0.066125;0.004455;0.004415232765;0.000000;0.000000;0;0.000000;0.000000;0;0;0;0;0;0;0.000000;0;0;0;0.000000;0;0;0;0;true;false;false;true;optimal;1;15;1.000000;0.000000;8.000;5443.313388910381
nonconvex_bnb_cgal;180;0;20;21;21;2;2;1;1;0;1;1;0;;0.000;80;81;236.989748065743;236.985062818601;236.985062818601;0.001977;0.000000;50.000000;2.000000;0.000000;0.000114;0.17%;0.000978;1.49%;0.064436;98.33%;0.064427;98.32%;0.030708;0.033719;0.000000;0.032213687500;0.000000;0.000000;0;0.000000;0.000000;0;1;0;0;0;0;0.000000;0;0;0;0.000000;0;0;0;0;true;false;false;true;optimal;1;0;0.000000;0.000000;0.000;473.970125637202
nonconvex_bnb_cgal;181;0;20;20;20;1;22;1;20;1;21;0;0;;10.000;80;80;334.449389447452;334.449314022243;334.449314022243;0.000023;0.000000;0.000000;1.047619;20.000000;0.000097;0.04%;0.000923;0.37%;0.245492;99.59%;0.245444;99.57%;0.011780;0.222137;0.011527;0.011156558773;0.000000;0.000000;0;0.000000;0.000000;0;0;0;0;0;0;0.000000;0;0;0;0.000000;0;0;0;0;true;false;false;true;optimal;1;20;1.000000;0.000000;10.500;7357.884908489345
nonconvex_bnb_cgal;182;0;30;35;35;24;41;1;38;1;32;7;1;757.958612216210;15.281;125;130;757.981065543977;757.981065543977;757.958612216210;0.002962;0.002962;17.948718;1.281250;38.000000;0.000221;0.02%;0.000918;0.10%;0.910025;99.87%;0.909898;99.86%;0.025186;0.835553;0.049159;0.022192634122;0.000000;0.000000;0;0.000000;0.000000;0;7;0;0;0;0;0.000000;0;0;0;0.000000;0;0;0;0;true;false;false;true;optimal;3;31;0.999970;0.022453;15.774;31115.125693049667
nonconvex_bnb_cgal;183;0;30;36;36;64;2;1;1;0;1;1;0;;0.000;120;126;1191.851389447088;1191.843690494224;1191.843690494224;0.000646;0.000000;50.000000;2.000000;0.000000;0.000182;16.69%;0.000872;79.82%;0.000038;3.49%;0.000031;2.83%;0.000016;0.000015;0.000000;0.000015437500;0.000000;0.000000;0;0.000000;0.000000;0;1;0;0;0;0;0.000000;0;0;0;0.000000;0;0;0;0;true;false;false;true;optimal;1;0;0.000000;0.000000;0.000;2383.687380988449
nonconvex_bnb_cgal;184;0;40;40;40;1;43;1;40;1;41;0;0;;20.000;160;160;505.513924823488;505.392453510672;505.392453510672;0.024035;0.000000;0.000000;1.048780;40.000000;0.000149;0.00%;0.001042;0.02%;4.892593;99.98%;4.892478;99.97%;0.094045;4.611074;0.187359;0.113778567884;0.000000;0.000000;0;0.000000;0.000000;0;0;0;0;0;0;0.000000;0;0;0;0.000000;0;0;0;0;true;false;false;true;optimal;1;40;1.000000;0.000000;20.500;21731.875500958897
nonconvex_bnb_cgal;185;0;40;49;49;256;225;1;207;16;196;12;1;1102.087047928162;30.740;161;174;1102.089791851636;1102.089791851636;1102.087047928162;0.000249;0.000249;5.769231;1.147959;12.937500;0.000406;11.64%;0.000886;25.42%;0.002193;62.94%;0.001966;56.42%;0.000021;0.001800;0.000145;0.000008737778;0.000000;0.000000;0;0.000000;0.000000;0;12;0;0;0;0;0.000000;0;0;0;0.000000;0;0;0;0;true;false;false;true;optimal;4;195;0.999999;0.000619;30.897;248101.178916752950
nonconvex_bnb_cgal;186;0;50;50;50;1;2;1;1;0;1;1;0;;0.000;200;200;1149.096161726852;1149.020449108221;1149.020449108221;0.006589;0.000000;50.000000;2.000000;0.000000;0.000163;0.10%;0.001038;0.61%;0.168348;99.29%;0.168336;99.28%;0.093240;0.075096;0.000000;0.084167874500;0.000000;0.000000;0;0.000000;0.000000;0;1;0;0;0;0;0.000000;0;0;0;0.000000;0;0;0;0;true;false;false;true;optimal;1;0;0.000000;0.000000;0.000;2298.040898216442
nonconvex_bnb_cgal;187;0;50;66;66;13824;3171;1;3026;144;2619;408;0;;37.956;200;217;1680.900970909066;1680.889216956911;1680.889216956911;0.000699;0.000000;13.478692;1.210767;21.013889;0.000385;0.60%;0.000966;1.51%;0.062480;97.88%;0.058747;92.03%;0.000034;0.056185;0.002528;0.000018526237;0.000000;0.000000;0;0.000000;0.000000;0;408;0;0;0;0;0.000000;0;0;0;0.000000;0;0;0;0;true;false;false;true;optimal;4;2618;1.000000;0.000000;37.970;5334892.105709491298
nonconvex_bnb_cgal;188;0;60;60;60;1;62;1;60;1;61;0;0;;30.000;240;240;1029.721986120717;1029.704894283702;1029.704894283702;0.001660;0.000000;0.000000;1.016393;60.000000;0.000197;0.00%;0.001034;0.02%;4.291722;99.97%;4.291505;99.97%;0.067064;4.157138;0.067303;0.069217815903;0.000000;0.000000;0;0.000000;0.000000;0;0;0;0;0;0;0.000000;0;0;0;0.000000;0;0;0;0;true;false;false;true;optimal;1;60;1.000000;0.000000;30.500;63841.703445589454
nonconvex_bnb_cgal;189;0;60;69;69;216;568;1;543;24;495;49;0;;44.315;242;251;1679.014564678924;1678.987181845247;1678.987181845247;0.001631;0.000000;9.007353;1.147475;22.625000;0.000684;0.00%;0.001776;0.00%;41.440743;99.99%;41.438169;99.99%;0.056841;39.610380;1.770948;0.072954523548;0.000000;0.000000;0;0.000000;0.000000;0;49;0;0;0;0;0.000000;0;0;0;0.000000;0;0;0;0;true;false;false;true;optimal;3;494;1.000000;0.000000;44.405;954269.590393083869
nonconvex_bnb_cgal;190;0;4;5;5;2;7;1;5;1;5;1;0;;2.000;15;17;89.093616598577;89.093544098324;89.093544098324;0.000081;0.000000;16.666667;1.400000;5.000000;0.000086;9.28%;0.000821;88.43%;0.000021;2.28%;0.000012;1.34%;0.000005;0.000007;0.000001;0.000001773714;0.000000;0.000000;0;0.000000;0.000000;0;1;0;0;0;0;0.000000;0;0;0;0.000000;0;0;0;0;true;false;false;true;optimal;2;4;1.000000;0.000000;2.500;633.838787468378
nonconvex_bnb_cgal;191;0;5;5;5;1;7;1;5;1;6;0;0;;2.500;20;20;77.685296305775;77.685047524904;77.685047524904;0.000320;0.000000;0.000000;1.166667;5.000000;0.000034;3.88%;0.000814;93.56%;0.000022;2.56%;0.000014;1.58%;0.000005;0.000008;0.000001;0.000001958143;0.000000;0.000000;0;0.000000;0.000000;0;0;0;0;0;0;0.000000;0;0;0;0.000000;0;0;0;0;true;false;false;true;optimal;1;5;1.000000;0.000000;3.000;543.795332674329
nonconvex_bnb_cgal;192;0;10;11;11;2;13;1;11;1;11;1;0;;5.000;40;40;173.974299572008;173.974133497374;173.974133497374;0.000095;0.000000;8.333333;1.181818;11.000000;0.000072;7.43%;0.000846;87.65%;0.000047;4.92%;0.000036;3.70%;0.000007;0.000027;0.000002;0.000002746769;0.000000;0.000000;0;0.000000;0.000000;0;1;0;0;0;0;0.000000;0;0;0;0.000000;0;0;0;0;true;false;false;true;optimal;2;10;1.000000;0.000000;5.500;2264.369093844236
nonconvex_bnb_cgal;193;0;10;18;18;72;91;1;82;8;61;22;0;;6.459;40;43;384.035622310805;384.035336081855;384.035336081855;0.000075;0.000000;26.506024;1.491803;10.250000;0.000149;11.94%;0.000845;67.72%;0.000254;20.34%;0.000212;16.95%;0.000008;0.000188;0.000016;0.000002325033;0.000000;0.000000;0;0.000000;0.000000;0;22;0;0;0;0;0.000000;0;0;0;0.000000;0;0;0;0;true;false;false;true;optimal;4;60;1.000000;0.000000;6.567;35150.593857343301
nonconvex_bnb_cgal;194;0;15;43;43;51840;84;1;81;2;28;54;0;;8.357;63;81;707.269431652464;707.264818671084;707.264818671084;0.000652;0.000000;65.853659;3.000000;40.500000;0.003114;0.26%;0.001539;0.13%;1.177362;99.61%;1.177201;99.59%;0.011998;1.143087;0.022116;0.014014296167;0.000000;0.000000;0;0.000000;0.000000;0;54;0;0;0;0;0.000000;0;0;0;0.000000;0;0;0;0;true;false;false;true;optimal;12;27;1.000000;0.000000;8.667;61199.598022258950
nonconvex_bnb_cgal;195;0;15;17;17;4;19;1;17;1;16;2;0;;7.500;60;62;612.799749991541;612.799321472506;612.799321472506;0.000070;0.000000;11.111111;1.187500;17.000000;0.000099;9.26%;0.000869;81.46%;0.000099;9.29%;0.000082;7.69%;0.000009;0.000070;0.000003;0.000004313684;0.000000;0.000000;0;0.000000;0.000000;0;2;0;0;0;0;0.000000;0;0;0;0.000000;0;0;0;0;true;false;false;true;optimal;2;15;1.000000;0.000000;8.000;11660.158018058328
nonconvex_bnb_cgal;196;0;20;31;31;648;141;1;128;12;96;33;0;;13.844;82;94;515.205582933186;515.203536398763;515.203536398763;0.000397;0.000000;25.581395;1.468750;10.666667;0.000246;0.60%;0.000882;2.15%;0.039831;97.24%;0.039695;96.91%;0.000013;0.039637;0.000045;0.000281527255;0.000000;0.000000;0;0.000000;0.000000;0;33;0;0;0;0;0.000000;0;0;0;0.000000;0;0;0;0;true;false;false;true;optimal;3;95;1.000000;0.000000;13.989;72951.433855496143
nonconvex_bnb_cgal;197;0;20;34;34;6912;83;1;77;4;54;24;1;958.168278448456;12.630;81;94;958.170515271070;958.170515271070;958.168278448456;0.000233;0.000233;30.769231;1.537037;19.250000;0.000239;0.37%;0.000855;1.31%;0.063958;98.32%;0.063890;98.21%;0.000011;0.063858;0.000021;0.000769757012;0.000000;0.000000;0;0.000000;0.000000;0;24;0;0;0;0;0.000000;0;0;0;0.000000;0;0;0;0;true;false;false;true;optimal;3;53;0.999538;0.442832;12.868;79650.819203105464
nonconvex_bnb_cgal;198;0;30;41;41;486;142;1;141;0;92;50;0;;19.174;120;128;647.670269539725;647.658738872923;647.658738872923;0.001780;0.000000;35.211268;1.543478;0.000000;0.000239;0.01%;0.000972;0.04%;2.615467;99.95%;2.615131;99.94%;0.000022;2.615109;0.000000;0.018416414077;0.000000;0.000000;0;0.000000;0.000000;0;50;0;0;0;0;0.000000;0;0;0;0.000000;0;0;0;0;true;false;false;true;optimal;3;91;0.998171;1.184436;19.385;92197.990782067762
nonconvex_bnb_cgal;199;0;30;51;51;92160;140;1;131;8;84;48;0;;19.798;122;135;715.233695930633;715.217396852448;715.217396852448;0.002279;0.000000;36.363636;1.666667;16.375000;0.000452;0.09%;0.000927;0.17%;0.529828;99.74%;0.529600;99.70%;0.000019;0.529524;0.000058;0.003782859500;0.000000;0.000000;0;0.000000;0.000000;0;48;0;0;0;0;0.000000;0;0;0;0.000000;0;0;0;0;true;false;false;true;optimal;5;83;1.000000;0.000000;20.036;100535.204395959910
nonconvex_bnb_cgal;200;0;40;54;54;5184;754;1;721;32;572;150;0;;29.771;161;173;825.979362092015;825.969281161382;825.969281161382;0.001220;0.000000;20.775623;1.318182;22.531250;0.000332;3.13%;0.000930;8.76%;0.009352;88.11%;0.008395;79.10%;0.000027;0.008020;0.000349;0.000011133988;0.000000;0.000000;0;0.000000;0.000000;0;150;0;0;0;0;0.000000;0;0;0;0.000000;0;0;0;0;true;false;false;true;optimal;3;571;1.000000;0.000000;29.823;624397.161913165241
nonconvex_bnb_cgal;201;0;40;49;49;216;64;1;63;0;51;13;0;;22.627;161;165;1356.895966396654;1356.887530963648;1356.887530963648;0.000622;0.000000;20.312500;1.254902;0.000000;0.000243;11.81%;0.000925;44.95%;0.000890;43.24%;0.000802;38.95%;0.000027;0.000775;0.000000;0.000012528063;0.000000;0.000000;0;0.000000;0.000000;0;13;0;0;0;0;0.000000;0;0;0;0.000000;0;0;0;0;true;false;false;true;optimal;3;50;0.999997;0.004124;23.080;86940.645677140070
nonconvex_bnb_cgal;202;0;50;51;51;2;2;1;1;0;1;1;0;;0.000;200;201;2224.755089110105;2224.743407535774;2224.743407535774;0.000525;0.000000;50.000000;2.000000;0.000000;0.000176;15.40%;0.000909;79.40%;0.000060;5.20%;0.000054;4.68%;0.000028;0.000025;0.000000;0.000026791500;0.000000;0.000000;0;0.000000;0.000000;0;1;0;0;0;0;0.000000;0;0;0;0.000000;0;0;0;0;true;false;false;true;optimal;1;0;0.000000;0.000000;0.000;4449.486815071548
nonconvex_bnb_cgal;203;0;50;79;79;47775744;95;1;92;1;59;34;1;1297.995975152950;25.051;208;227;1298.030788041298;1298.030788041298;1297.995975152950;0.002682;0.002682;36.559140;1.610169;92.000000;0.000477;13.02%;0.001002;27.31%;0.002188;59.67%;0.002051;55.94%;0.000038;0.001975;0.000038;0.000021591232;0.000000;0.000000;0;0.000000;0.000000;0;34;0;0;0;0;0.000000;0;0;0;0.000000;0;0;0;0;true;false;false;true;optimal;4;58;0.999973;0.034813;25.483;123458.964944194217
nonconvex_bnb_cgal;204;0;60;84;84;53760;519;1;518;0;371;148;0;;27.795;245;264;1922.866938960276;1922.851349889144;1922.851349889144;0.000811;0.000000;28.516378;1.398922;0.000000;0.001718;9.50%;0.001703;9.42%;0.014662;81.08%;0.013705;75.79%;0.000072;0.013633;0.000000;0.000026406538;0.000000;0.000000;0;0.000000;0.000000;0;148;0;0;0;0;0.000000;0;0;0;0.000000;0;0;0;0;true;false;false;true;optimal;7;370;0.999892;0.207510;27.870;1000437.952188983094
nonconvex_bnb_cgal;205;0;60;83;83;373248;1084;1;1035;48;872;164;0;;48.280;243;258;2304.933989525791;2304.901865891512;2304.901865891512;0.001394;0.000000;15.830116;1.243119;21.562500;0.000484;1.85%;0.000969;3.70%;0.024712;94.45%;0.023143;88.45%;0.000041;0.022104;0.000997;0.000021349588;0.000000;0.000000;0;0.000000;0.000000;0;164;0;0;0;0;0.000000;0;0;0;0.000000;0;0;0;0;true;false;false;true;optimal;4;871;1.000000;0.000000;48.335;2499969.001388754696
nonconvex_bnb_cgal;206;0;10;10;10;1;12;1;10;1;11;0;0;;5.000;52;52;26928.473964939389;26928.470083736342;26928.470083736342;0.000014;0.000000;0.000000;1.090909;10.000000;0.000099;0.19%;0.000821;1.59%;0.050774;98.22%;0.050739;98.15%;0.003978;0.042957;0.003804;0.004228267250;0.000000;0.000000;0;0.000000;0.000000;0;0;0;0;0;0;0.000000;0;0;0;0.000000;0;0;0;0;true;false;false;true;optimal;1;10;1.000000;0.000000;5.500;323141.641004836129
nonconvex_bnb_cgal;207;0;15;15;15;1;17;1;15;1;16;0;0;;7.500;78;78;44339.375742208256;44339.123534144273;44339.123534144273;0.000569;0.000000;0.000000;1.062500;15.000000;0.000124;0.07%;0.000870;0.47%;0.183254;99.46%;0.183195;99.43%;0.010682;0.161674;0.010840;0.010776203471;0.000000;0.000000;0;0.000000;0.000000;0;0;0;0;0;0;0.000000;0;0;0;0.000000;0;0;0;0;true;false;false;true;optimal;1;15;1.000000;0.000000;8.000;753765.100080452394
nonconvex_bnb_cgal;208;0;20;20;20;1;22;1;20;1;21;0;0;;10.000;106;106;65763.502138242649;65763.170149344573;65763.170149344573;0.000505;0.000000;0.000000;1.047619;20.000000;0.000179;0.07%;0.000861;0.35%;0.244302;99.58%;0.244224;99.54%;0.011022;0.222370;0.010832;0.011101111864;0.000000;0.000000;0;0.000000;0.000000;0;0;0;0;0;0;0.000000;0;0;0;0.000000;0;0;0;0;true;false;false;true;optimal;1;20;1.000000;0.000000;10.500;1446789.743285580305
nonconvex_bnb_cgal;209;0;25;25;25;1;28;1;25;1;26;0;0;;12.500;137;137;97046.651484530274;97046.186584091454;97046.186584091454;0.000479;0.000000;0.000000;1.076923;25.000000;0.000206;0.03%;0.000853;0.13%;0.639183;99.83%;0.639107;99.82%;0.024549;0.567247;0.047311;0.022825248429;0.000000;0.000000;0;0.000000;0.000000;0;0;0;0;0;0;0.000000;0;0;0;0.000000;0;0;0;0;true;false;false;true;optimal;1;25;1.000000;0.000000;13.000;2717293.224354560021
nonconvex_bnb_cgal;210;0;30;30;30;1;33;1;30;1;31;0;0;;15.000;162;162;81394.982278895201;81394.315851759937;81394.315851759937;0.000819;0.000000;0.000000;1.064516;30.000000;0.000241;0.05%;0.000872;0.17%;0.525362;99.79%;0.525275;99.77%;0.015773;0.478190;0.031312;0.015917438212;0.000000;0.000000;0;0.000000;0.000000;0;0;0;0;0;0;0.000000;0;0;0;0.000000;0;0;0;0;true;false;false;true;optimal;1;30;1.000000;0.000000;15.500;2686012.423108077608
nonconvex_bnb_cgal;211;0;35;35;35;1;38;1;35;1;36;0;0;;17.500;195;195;132801.805616326368;132801.635178449971;132801.635178449971;0.000128;0.000000;0.000000;1.055556;35.000000;0.000262;0.03%;0.000867;0.10%;0.911310;99.88%;0.911163;99.86%;0.023590;0.842311;0.045262;0.023977970368;0.000000;0.000000;0;0.000000;0.000000;0;0;0;0;0;0;0.000000;0;0;0;0.000000;0;0;0;0;true;false;false;true;optimal;1;35;1.000000;0.000000;18.000;5046462.136781097390
nonconvex_bnb_cgal;212;0;40;40;40;1;42;1;40;1;41;0;0;;20.000;221;221;156876.570718424016;156853.020872101653;156853.020872101653;0.015014;0.000000;0.000000;1.024390;40.000000;0.000301;0.03%;0.000878;0.09%;0.967786;99.88%;0.967620;99.86%;0.024643;0.918839;0.024138;0.023038564548;0.000000;0.000000;0;0.000000;0.000000;0;0;0;0;0;0;0.000000;0;0;0;0.000000;0;0;0;0;true;false;false;true;optimal;1;40;1.000000;0.000000;20.500;6587826.876628262922
nonconvex_bnb_cgal;213;0;45;45;45;1;48;1;45;1;46;0;0;;22.500;254;254;163681.425995285332;163679.758019982837;163679.758019982837;0.001019;0.000000;0.000000;1.043478;45.000000;0.000352;0.03%;0.000887;0.07%;1.270681;99.90%;1.270458;99.88%;0.027197;1.189173;0.054088;0.026467870625;0.000000;0.000000;0;0.000000;0.000000;0;0;0;0;0;0;0.000000;0;0;0;0.000000;0;0;0;0;true;false;false;true;optimal;1;45;1.000000;0.000000;23.000;7856628.384959176183
nonconvex_bnb_cgal;214;0;50;50;50;1;52;1;50;1;51;0;0;;25.000;283;283;155452.177730410622;155447.900437145843;155447.900437145843;0.002752;0.000000;0.000000;1.019608;50.000000;0.000407;0.03%;0.000895;0.06%;1.578125;99.92%;1.577861;99.90%;0.029857;1.518118;0.029886;0.030343487115;0.000000;0.000000;0;0.000000;0.000000;0;0;0;0;0;0;0.000000;0;0;0;0.000000;0;0;0;0;true;false;false;true;optimal;1;50;1.000000;0.000000;25.500;8083290.822731576860
nonconvex_bnb_cgal;215;0;60;60;60;1;62;1;60;1;61;0;0;;30.000;341;341;233622.187746482232;233619.094498877646;233619.094498877646;0.001324;0.000000;0.000000;1.016393;60.000000;0.000422;0.02%;0.000882;0.05%;1.956051;99.93%;1.955801;99.92%;0.030385;1.895218;0.030197;0.031545170694;0.000000;0.000000;0;0.000000;0.000000;0;0;0;0;0;0;0.000000;0;0;0;0.000000;0;0;0;0;true;false;false;true;optimal;1;60;1.000000;0.000000;30.500;14484383.858930425718
nonconvex_bnb_cgal;216;0;4;15;15;72;17;1;15;1;5;11;0;;2.000;19;24;131.815050209512;131.815049614923;131.815049614923;0.000000;0.000000;68.750000;3.400000;15.000000;0.000317;27.47%;0.000806;69.92%;0.000030;2.61%;0.000019;1.61%;0.000004;0.000014;0.000001;0.000001088294;0.000000;0.000000;0;0.000000;0.000000;0;11;0;0;0;0;0.000000;0;0;0;0.000000;0;0;0;0;true;false;false;true;optimal;6;4;1.000000;0.000000;2.500;2385.765749072848
nonconvex_bnb_cgal;217;0;5;20;20;756;22;1;20;1;6;15;0;;2.500;22;37;79.412333696739;79.412128144347;79.412128144347;0.000259;0.000000;71.428571;3.666667;20.000000;0.001070;40.99%;0.001448;55.46%;0.000093;3.55%;0.000069;2.64%;0.000007;0.000060;0.000002;0.000003130591;0.000000;0.000000;0;0.000000;0.000000;0;15;0;0;0;0;0.000000;0;0;0;0.000000;0;0;0;0;true;false;false;true;optimal;7;5;1.000000;0.000000;3.000;1817.331541812257
nonconvex_bnb_cgal;218;0;10;23;23;2304;633;1;504;128;370;135;0;;8.784;41;52;421.333038468726;421.332641325920;421.332641325920;0.000094;0.000000;26.732673;1.710811;3.937500;0.000199;5.97%;0.000906;27.13%;0.002233;66.90%;0.001975;59.16%;0.000009;0.001598;0.000368;0.000003119826;0.000000;0.000000;0;0.000000;0.000000;0;135;0;0;0;0;0.000000;0;0;0;0.000000;0;0;0;0;true;false;false;true;optimal;4;369;1.000000;0.000000;8.808;268543.302023631579
nonconvex_bnb_cgal;219;0;10;28;28;8640;30;1;28;1;11;18;0;;5.000;47;61;234.301176773034;234.301097312085;234.301097312085;0.000034;0.000000;62.068966;2.727273;28.000000;0.000548;36.35%;0.000840;55.74%;0.000119;7.91%;0.000093;6.17%;0.000007;0.000084;0.000002;0.000003098567;0.000000;0.000000;0;0.000000;0.000000;0;18;0;0;0;0;0.000000;0;0;0;0.000000;0;0;0;0;true;false;false;true;optimal;5;10;0.999989;0.002653;5.500;7115.697899216128
nonconvex_bnb_cgal;220;0;15;56;56;37324800;381;1;344;36;130;215;0;;11.608;64;96;500.651333108874;500.649898762703;500.649898762703;0.000286;0.000000;62.318841;2.930769;9.555556;0.001114;29.01%;0.000882;22.97%;0.001843;48.02%;0.001645;42.86%;0.000011;0.001518;0.000117;0.000004318118;0.000000;0.000000;0;0.000000;0.000000;0;215;0;0;0;0;0.000000;0;0;0;0.000000;0;0;0;0;true;false;false;true;optimal;6;129;0.999992;0.003978;11.698;192613.992019567697
nonconvex_bnb_cgal;221;0;15;28;28;3072;210;1;177;32;108;70;0;;12.694;62;75;451.322673088764;451.321870808415;451.321870808415;0.000178;0.000000;39.325843;1.944444;5.531250;0.000224;11.69%;0.000853;44.48%;0.000841;43.83%;0.000737;38.41%;0.000010;0.000626;0.000101;0.000003508129;0.000000;0.000000;0;0.000000;0.000000;0;70;0;0;0;0;0.000000;0;0;0;0.000000;0;0;0;0;true;false;false;true;optimal;4;107;1.000000;0.000000;12.813;95319.236374341053
nonconvex_bnb_cgal;222;0;20;71;71;31850496000;6637;1;4907;1728;2829;2079;1;557.538409650119;19.112;85;135;557.540215478877;557.540215478877;557.538409650119;0.000324;0.000324;42.359413;2.346059;2.839699;0.001550;4.80%;0.000868;2.68%;0.029910;92.52%;0.025958;80.29%;0.000015;0.019476;0.006468;0.000003911068;0.000000;0.000000;0;0.000000;0.000000;0;2079;0;0;0;0;0.000000;0;0;0;0.000000;0;0;0;0;true;false;false;true;optimal;6;2828;1.000000;0.000106;19.118;3703693.252658495214
nonconvex_bnb_cgal;223;0;20;46;46;5038848;41951;1;37342;4608;22988;14355;0;;17.460;82;106;615.809587309167;615.807590330789;615.807590330789;0.000324;0.000000;38.440939;1.824909;8.103733;0.000359;0.16%;0.000972;0.44%;0.221895;99.40%;0.197446;88.45%;0.000014;0.176339;0.021093;0.000004706575;0.000000;0.000000;0;0.000000;0.000000;0;14355;0;0;0;0;0.000000;0;0;0;0.000000;0;0;0;0;true;false;false;true;optimal;3;22987;1.000000;0.000000;17.461;25946060.160469762981
nonconvex_bnb_cgal;224;0;30;50;50;221184;989;1;923;64;624;300;1;1041.957499335410;24.024;119;136;1041.958127650133;1041.958127650133;1041.957499335410;0.000060;0.000060;32.467532;1.584936;14.421875;0.000356;0.00%;0.000958;0.01%;8.167297;99.98%;8.165117;99.96%;0.009798;7.646902;0.508417;0.008255932039;0.000000;0.000000;0;0.000000;0.000000;0;300;0;0;0;0;0.000000;0;0;0;0.000000;0;0;0;0;true;false;false;true;optimal;4;623;1.000000;0.000036;24.063;1032554.405383804347
nonconvex_bnb_cgal;225;0;30;49;49;20480;124;1;117;6;63;55;0;;21.238;122;140;1130.411018962864;1130.398662227261;1130.398662227261;0.001093;0.000000;46.610169;1.968254;19.500000;0.000638;0.03%;0.000934;0.04%;2.171684;99.93%;2.171351;99.91%;0.017188;2.057142;0.097021;0.017510896540;0.000000;0.000000;0;0.000000;0.000000;0;55;0;0;0;0;0.000000;0;0;0;0.000000;0;0;0;0;true;false;false;true;optimal;5;62;0.999998;0.002805;21.581;140927.129240982613
nonconvex_bnb_cgal;226;0;40;131;131;581197658849280000;16362;1;13413;2946;7390;6001;2;863.993290692743;37.467;172;271;863.998170144132;863.998170144132;863.987431763651;0.001243;0.001243;44.813681;2.214073;4.552953;0.018440;0.00%;0.003469;0.00%;7200.845834;100.00%;7199.316743;99.98%;0.529433;5931.745279;1267.042031;0.440002245639;0.000000;0.000000;0;0.000000;0.000000;0;6001;0;0;0;0;0.000000;0;0;0;0.000000;0;0;0;0;false;true;false;false;time_limit;11;7412;0.999998;0.001542;37.426;14186953.643070142716
nonconvex_bnb_cgal;227;0;40;119;119;278628139008000000;26141;1;21928;2106;9463;12445;1;743.456472354776;37.116;168;241;743.464454335907;743.464454335907;743.456472354776;0.001074;0.001074;56.805733;2.762443;10.412156;0.003940;0.00%;0.002614;0.00%;7200.119828;100.00%;7198.263469;99.97%;0.000169;6069.991450;1128.271850;0.275362972692;0.000000;0.000000;0;0.000000;0.000000;0;12445;0;0;0;0;0.000000;0;0;0;0.000000;0;0;0;0;false;true;false;false;time_limit;5;9483;0.999990;0.007449;37.063;19540760.154350280762
nonconvex_bnb_cgal;228;0;50;139;139;60867245726760960000;11521;1;10399;1120;4490;5889;1;1289.376633469191;47.121;214;299;1289.416625585843;1289.416625585843;1289.376633469191;0.003102;0.003102;56.739570;2.565924;9.284821;0.007840;0.00%;0.002250;0.00%;7200.529798;100.00%;7199.479594;99.99%;0.592522;6504.332348;694.554724;0.624900581036;0.000000;0.000000;0;0.000000;0.000000;0;5889;0;0;0;0;0.000000;0;0;0;0.000000;0;0;0;0;false;true;false;false;time_limit;6;4510;0.999995;0.006616;46.982;14885419.587688580155
nonconvex_bnb_cgal;229;0;50;104;104;265751101440;22323;1;20138;2183;10433;9697;1;1563.724706232872;46.259;203;249;1563.776067681718;1563.776067681718;1563.724706232872;0.003285;0.003285;48.171883;2.139653;9.224920;0.003446;0.00%;0.003716;0.00%;7200.640082;100.00%;7198.467314;99.97%;0.625654;6498.943405;698.898255;0.322468633879;0.000000;0.000000;0;0.000000;0.000000;0;9697;0;0;0;0;0.000000;0;0;0;0.000000;0;0;0;0;false;true;false;false;time_limit;11;10441;1.000000;0.000344;46.242;35024922.279731586576
nonconvex_bnb_cgal;230;0;60;225;225;612195167050732490756286830346240;30981;1;29558;1421;8275;21235;1;2253.592555621724;55.266;262;397;2253.610061020916;2253.610061020916;2253.592555621724;0.000777;0.000777;71.958658;3.743927;20.800844;0.011283;0.00%;0.002359;0.00%;7200.514128;100.00%;7197.927425;99.96%;0.000167;6933.002349;264.924908;0.232333605282;0.000000;0.000000;0;0.000000;0.000000;0;21235;0;0;0;0;0.000000;0;0;0;0.000000;0;0;0;0;false;true;false;false;time_limit;7;8323;0.999987;0.028944;55.079;69966688.698591366410
nonconvex_bnb_cgal;231;0;60;105;105;2866544640;15994;1;14903;1088;8972;5932;2;1882.737643124683;48.062;248;288;1882.791479570967;1882.791479570967;1882.712865123267;0.004176;0.004176;39.801396;1.782657;13.697610;0.004557;0.00%;0.001687;0.00%;514.550303;100.00%;514.490165;99.99%;0.029903;478.687953;35.772308;0.032167698195;0.000000;0.000000;0;0.000000;0.000000;0;5932;0;0;0;0;0.000000;0;0;0;0.000000;0;0;0;0;true;false;false;true;optimal;10;8971;0.999955;0.084019;48.067;30252828.805068373680
nonconvex_bnb_cgal;232;0;5;6;6;2;8;1;6;1;6;1;0;;2.500;19;21;113.850398309003;113.850398309003;113.850398309003;0.000000;0.000000;14.285714;1.333333;6.000000;0.000061;1.23%;0.000805;16.31%;0.004069;82.46%;0.004060;82.28%;0.000464;0.003217;0.000379;0.000507531375;0.000000;0.000000;0;0.000000;0.000000;0;1;0;0;0;0;0.000000;0;0;0;0.000000;0;0;0;0;true;false;false;true;optimal;2;5;1.000000;0.000000;3.000;925.874696252868
nonconvex_bnb_cgal;233;0;4;12;12;72;4;1;3;0;1;3;0;;0.000;19;26;431.140098610802;431.139881515440;431.139881515440;0.000050;0.000000;75.000000;4.000000;0.000000;0.000225;20.98%;0.000832;77.63%;0.000015;1.39%;0.000009;0.87%;0.000005;0.000005;0.000000;0.000002323000;0.000000;0.000000;0;0.000000;0.000000;0;3;0;0;0;0;0.000000;0;0;0;0.000000;0;0;0;0;true;false;false;true;optimal;3;0;0.000000;0.000000;0.000;1760.877574586063
nonconvex_bnb_cgal;234;0;10;43;43;61440;275;1;258;16;76;183;0;;7.605;41;61;512.886248945115;512.885971811501;512.885971811501;0.000054;0.000000;70.656371;3.618421;16.125000;0.001875;56.34%;0.000813;24.44%;0.000639;19.22%;0.000516;15.50%;0.000007;0.000483;0.000026;0.000001875756;0.000000;0.000000;0;0.000000;0.000000;0;183;0;0;0;0;0.000000;0;0;0;0.000000;0;0;0;0;true;false;false;true;optimal;8;75;1.000000;0.000000;7.707;143828.940187006403
nonconvex_bnb_cgal;235;0;10;16;16;15;2;1;1;0;1;1;0;;0.000;40;41;535.616259199675;535.616083683855;535.616083683855;0.000033;0.000000;50.000000;2.000000;0.000000;0.000132;13.04%;0.000862;85.23%;0.000017;1.73%;0.000013;1.25%;0.000008;0.000005;0.000000;0.000006312500;0.000000;0.000000;0;0.000000;0.000000;0;1;0;0;0;0;0.000000;0;0;0;0.000000;0;0;0;0;true;false;false;true;optimal;1;0;0.000000;0.000000;0.000;1071.232167367710
nonconvex_bnb_cgal;236;0;15;18;18;6;20;1;18;1;16;3;0;;7.500;60;61;810.748380424073;810.745419021814;810.745419021814;0.000365;0.000000;15.789474;1.250000;18.000000;0.000105;0.41%;0.000856;3.36%;0.024500;96.23%;0.024479;96.14%;0.000009;0.024467;0.000003;0.001223974950;0.000000;0.000000;0;0.000000;0.000000;0;3;0;0;0;0;0.000000;0;0;0;0.000000;0;0;0;0;true;false;false;true;optimal;3;15;1.000000;0.000000;8.000;16242.901289280644
nonconvex_bnb_cgal;237;0;15;20;20;16;22;1;20;1;16;5;0;;7.500;60;65;677.059981438295;677.058852094140;677.058852094140;0.000167;0.000000;23.809524;1.375000;20.000000;0.000182;16.34%;0.000837;74.91%;0.000098;8.75%;0.000077;6.91%;0.000010;0.000065;0.000002;0.000003509455;0.000000;0.000000;0;0.000000;0.000000;0;5;0;0;0;0;0.000000;0;0;0;0.000000;0;0;0;0;true;false;false;true;optimal;4;15;1.000000;0.000000;8.000;14909.784575764485
nonconvex_bnb_cgal;238;0;20;37;37;2880;499;1;425;72;306;120;1;409.804287617584;16.676;83;92;409.806625277902;409.806625277902;409.804287617584;0.000570;0.000570;28.169014;1.630719;5.902778;0.000437;0.01%;0.000928;0.01%;8.577533;99.98%;8.576482;99.97%;0.020023;7.352227;1.204233;0.017187339509;0.000000;0.000000;0;0.000000;0.000000;0;120;0;0;0;0;0.000000;0;0;0;0.000000;0;0;0;0;true;false;false;true;optimal;6;305;0.999999;0.000207;16.731;205013.088362383336
nonconvex_bnb_cgal;239;0;20;44;44;5880;46;1;44;1;21;24;0;;10.000;83;102;1585.383943931583;1585.383026470060;1585.383026470060;0.000058;0.000000;53.333333;2.190476;44.000000;0.002149;49.50%;0.001568;36.12%;0.000624;14.38%;0.000542;12.48%;0.000021;0.000511;0.000010;0.000011776152;0.000000;0.000000;0;0.000000;0.000000;0;24;0;0;0;0;0.000000;0;0;0;0.000000;0;0;0;0;true;false;false;true;optimal;7;20;1.000000;0.000000;10.500;73203.718775761168
nonconvex_bnb_cgal;240;0;30;37;37;72;89;1;80;4;63;18;0;;17.365;122;131;1819.907451862161;1819.900861336626;1819.900861336626;0.000362;0.000000;22.222222;1.412698;20.000000;0.000228;9.71%;0.000979;41.65%;0.001144;48.64%;0.001027;43.67%;0.000031;0.000905;0.000092;0.000011537888;0.000000;0.000000;0;0.000000;0.000000;0;18;0;0;0;0;0.000000;0;0;0;0.000000;0;0;0;0;true;false;false;true;optimal;3;62;1.000000;0.000452;17.645;163763.734586122999
nonconvex_bnb_cgal;241;0;30;63;63;14929920;127;1;123;3;59;65;0;;18.407;125;149;1339.594410267257;1339.591646208081;1339.591646208081;0.000206;0.000000;52.419355;2.152542;41.000000;0.000961;32.12%;0.000913;30.51%;0.001119;37.38%;0.000982;32.83%;0.000029;0.000935;0.000018;0.000007735535;0.000000;0.000000;0;0.000000;0.000000;0;65;0;0;0;0;0.000000;0;0;0;0.000000;0;0;0;0;true;false;false;true;optimal;6;58;0.999787;0.285657;18.724;170595.601618119283
nonconvex_bnb_cgal;242;0;40;173;173;2711419206196377600;31412;1;29234;2176;9466;19769;1;1321.898231067013;36.641;169;240;1321.907363542998;1321.898478200568;1321.898231067013;0.000691;0.000019;67.621002;3.318403;13.434743;0.011080;2.57%;0.001652;0.38%;0.418957;97.05%;0.380368;88.11%;0.000043;0.355322;0.025003;0.000012109006;0.000000;0.000000;0;0.000000;0.000000;0;19769;0;0;0;0;0.000000;0;0;0;0.000000;0;0;0;0;true;false;false;true;optimal;11;9465;1.000000;0.000001;36.645;41707580.692267909646
nonconvex_bnb_cgal;243;0;40;125;125;1968670040400000;32087;1;32022;64;8436;23587;0;;28.337;204;261;2852.139140735355;2852.109918321092;2852.109918321092;0.001025;0.000000;73.656434;3.803580;500.343750;0.010595;1.90%;0.001649;0.30%;0.546368;97.81%;0.503539;90.14%;0.000049;0.502439;0.001051;0.000015692927;0.000000;0.000000;0;0.000000;0.000000;0;23587;0;0;0;0;0.000000;0;0;0;0.000000;0;0;0;0;true;false;false;true;optimal;12;8435;0.999943;0.162911;28.340;92150081.917640775442
nonconvex_bnb_cgal;244;0;50;70;70;62208;726;1;677;48;519;159;0;;36.963;202;225;2031.976790020732;2031.965197216359;2031.965197216359;0.000571;0.000000;23.451327;1.398844;14.104167;0.000535;3.95%;0.000938;6.93%;0.012069;89.12%;0.011187;82.62%;0.000032;0.010434;0.000721;0.000015409514;0.000000;0.000000;0;0.000000;0.000000;0;159;0;0;0;0;0.000000;0;0;0;0.000000;0;0;0;0;true;false;false;true;optimal;4;518;0.999999;0.001308;37.035;1476191.727434847504
nonconvex_bnb_cgal;245;0;50;197;197;4039207489470726144000;37996122;1;37258840;737280;16432080;20826761;1;2539.754740779301;38.993;215;298;2539.761149387554;2539.761149387554;2539.754740779301;0.000252;0.000252;55.897501;2.312314;50.535536;0.006814;0.00%;0.000922;0.00%;754.208058;100.00%;696.059395;92.29%;0.000027;682.896380;13.162988;0.000018319222;0.000000;0.000000;0;0.000000;0.000000;0;20826761;0;0;0;0;0.000000;0;0;0;0.000000;0;0;0;0;true;false;false;true;optimal;13;16432079;0.999997;0.007094;38.993;96689986180.578109741211
nonconvex_bnb_cgal;246;0;60;141;141;21767823360000000;3054;1;3051;1;1115;1937;1;2808.591577701519;14.153;242;295;2808.616342461889;2808.595044472369;2808.591577701519;0.000882;0.000123;63.466579;2.739013;3051.000000;0.001770;2.58%;0.000929;1.36%;0.065805;96.06%;0.060811;88.77%;0.000035;0.060740;0.000036;0.000019912027;0.000000;0.000000;0;0.000000;0.000000;0;1937;0;0;0;0;0.000000;0;0;0;0.000000;0;0;0;0;true;false;false;true;optimal;6;1114;0.999999;0.001532;14.166;8597939.892859153450
nonconvex_bnb_cgal;247;0;60;275;275;1988421189141883330273122189312;6252191;1;5920414;331776;1497295;4423120;0;;50.020;247;375;4491.801068992533;4491.772347972144;4491.772347972144;0.000639;0.000000;74.709628;4.175657;17.844612;0.013660;0.01%;0.000902;0.00%;152.137305;99.99%;141.000078;92.67%;0.000035;134.216211;6.783832;0.000022552107;0.000000;0.000000;0;0.000000;0.000000;0;4423120;0;0;0;0;0.000000;0;0;0;0.000000;0;0;0;0;true;false;false;true;optimal;15;1497294;1.000000;0.000722;50.020;28163869291.554828643799
nonconvex_bnb_cgal;248;0;5;11;11;36;20;1;17;2;9;9;0;;3.000;23;27;139.606962398512;139.606897643389;139.606897643389;0.000046;0.000000;50.000000;2.222222;8.500000;0.000157;14.63%;0.000851;79.45%;0.000063;5.91%;0.000039;3.65%;0.000006;0.000031;0.000002;0.000001952100;0.000000;0.000000;0;0.000000;0.000000;0;9;0;0;0;0;0.000000;0;0;0;0.000000;0;0;0;0;true;false;false;true;optimal;3;8;1.000000;0.000000;3.375;2838.702122632870
nonconvex_bnb_cgal;249;0;5;6;6;2;10;1;7;2;8;0;0;;3.000;21;22;144.274286975760;144.274176343508;144.274176343508;0.000077;0.000000;0.000000;1.250000;3.500000;0.000052;6.00%;0.000802;91.81%;0.000019;2.19%;0.000012;1.33%;0.000004;0.000007;0.000001;0.000001158300;0.000000;0.000000;0;0.000000;0.000000;0;0;0;0;0;0;0.000000;0;0;0;0.000000;0;0;0;0;true;false;false;true;optimal;2;7;1.000000;0.000000;3.429;1442.741763435081
nonconvex_bnb_cgal;250;0;10;20;20;36;23;1;20;2;12;9;0;;5.417;42;47;294.322232241235;294.321858512678;294.321858512678;0.000127;0.000000;42.857143;1.916667;10.000000;0.000258;21.06%;0.000876;71.55%;0.000091;7.39%;0.000073;5.96%;0.000008;0.000060;0.000005;0.000003172130;0.000000;0.000000;0;0.000000;0.000000;0;9;0;0;0;0;0.000000;0;0;0;0.000000;0;0;0;0;true;false;false;true;optimal;9;11;1.000000;0.000000;5.909;6848.293340390003
nonconvex_bnb_cgal;251;0;10;42;42;84000;956;1;810;144;383;428;1;1164.825154351661;8.713;44;85;1164.826859284719;1164.826859284719;1164.825154351661;0.000146;0.000146;52.774353;2.496084;5.625000;0.008310;0.20%;0.000851;0.02%;4.211982;99.78%;4.210731;99.75%;0.003331;3.599930;0.607470;0.004404529947;0.000000;0.000000;0;0.000000;0.000000;0;428;0;0;0;0;0.000000;0;0;0;0.000000;0;0;0;0;true;false;false;true;optimal;12;382;1.000000;0.000085;8.736;1129044.133048815886
nonconvex_bnb_cgal;252;0;15;32;32;288;157;1;120;18;75;46;0;;11.640;60;74;818.012584381788;818.011258667522;818.011258667522;0.000162;0.000000;38.016529;2.093333;6.666667;0.001350;50.20%;0.000847;31.52%;0.000491;18.28%;0.000410;15.23%;0.000008;0.000307;0.000094;0.000002608522;0.000000;0.000000;0;0.000000;0.000000;0;46;0;0;0;0;0.000000;0;0;0;0.000000;0;0;0;0;true;false;false;true;optimal;12;74;1.000000;0.000000;11.797;128547.858657610486
nonconvex_bnb_cgal;253;0;15;31;31;1728;58;1;53;4;31;23;0;;10.065;60;74;455.340785592181;455.340408040577;455.340408040577;0.000083;0.000000;42.592593;1.870968;13.250000;0.000735;0.54%;0.000827;0.61%;0.134324;98.85%;0.134228;98.78%;0.000008;0.134211;0.000009;0.002314278776;0.000000;0.000000;0;0.000000;0.000000;0;23;0;0;0;0;0.000000;0;0;0;0.000000;0;0;0;0;true;false;false;true;optimal;6;30;1.000000;0.000000;10.400;26510.272156709943
nonconvex_bnb_cgal;254;0;20;38;38;23328;104;1;95;8;60;36;0;;13.033;84;96;779.322793279324;779.318923284204;779.318923284204;0.000497;0.000000;37.500000;1.733333;11.875000;0.000323;0.39%;0.000939;1.14%;0.081221;98.47%;0.081130;98.36%;0.000016;0.081072;0.000041;0.000780092519;0.000000;0.000000;0;0.000000;0.000000;0;36;0;0;0;0;0.000000;0;0;0;0.000000;0;0;0;0;true;false;false;true;optimal;4;59;1.000000;0.000000;13.254;81236.935882000078
nonconvex_bnb_cgal;255;0;20;47;47;120960;143;1;138;4;63;76;0;;11.905;84;108;662.813987562339;662.811777436223;662.811777436223;0.000333;0.000000;54.676259;2.269841;34.500000;0.002099;37.24%;0.001591;28.23%;0.001946;34.53%;0.001726;30.62%;0.000023;0.001660;0.000043;0.000012068797;0.000000;0.000000;0;0.000000;0.000000;0;76;0;0;0;0;0.000000;0;0;0;0.000000;0;0;0;0;true;false;false;true;optimal;7;62;1.000000;0.000000;12.097;95632.524880666693
nonconvex_bnb_cgal;256;0;30;59;59;17915904;506;1;473;16;267;207;0;;20.610;136;167;825.249692220591;825.246953359495;825.246953359495;0.000332;0.000000;43.670886;1.895131;29.562500;0.000621;0.07%;0.000888;0.10%;0.873387;99.83%;0.872815;99.76%;0.000019;0.872533;0.000263;0.001724930097;0.000000;0.000000;0;0.000000;0.000000;0;207;0;0;0;0;0.000000;0;0;0;0.000000;0;0;0;0;true;false;false;true;optimal;4;266;0.999790;0.173057;20.688;418483.183732192381
nonconvex_bnb_cgal;257;0;30;45;45;10368;253;1;236;16;177;60;0;;21.254;122;137;1199.822145252500;1199.819445387513;1199.819445387513;0.000225;0.000000;25.316456;1.429379;14.750000;0.000305;0.15%;0.000963;0.46%;0.207145;99.39%;0.206899;99.27%;0.000018;0.206775;0.000105;0.000817782261;0.000000;0.000000;0;0.000000;0.000000;0;60;0;0;0;0;0.000000;0;0;0;0.000000;0;0;0;0;true;false;false;true;optimal;3;176;0.999999;0.000602;21.375;303855.391359032365
nonconvex_bnb_cgal;258;0;40;72;72;24772608;231;1;222;4;133;90;1;1002.330125886160;23.165;162;196;1002.356183495601;1002.356183495601;1002.330125886160;0.002600;0.002600;40.358744;1.736842;55.500000;0.002287;0.04%;0.001658;0.03%;6.016990;99.93%;6.016361;99.92%;0.020604;5.802167;0.193591;0.026044854312;0.000000;0.000000;0;0.000000;0.000000;0;90;0;0;0;0;0.000000;0;0;0;0.000000;0;0;0;0;true;false;false;true;optimal;7;132;0.999768;0.232495;23.341;232405.932941711275
nonconvex_bnb_cgal;259;0;40;81;81;250822656;238;1;235;1;113;123;1;1425.545004884539;26.558;164;202;1425.555751586242;1425.555751586242;1425.545004884539;0.000754;0.000754;52.118644;2.106195;235.000000;0.001664;0.04%;0.001981;0.05%;4.170726;99.91%;4.170122;99.90%;0.016295;4.123894;0.029934;0.017521521324;0.000000;0.000000;0;0.000000;0.000000;0;123;0;0;0;0;0.000000;0;0;0;0.000000;0;0;0;0;true;false;false;true;optimal;7;112;0.999994;0.008919;26.795;340287.917431076057
nonconvex_bnb_cgal;260;0;50;67;67;36864;3154;1;2961;192;2546;416;0;;39.281;202;217;2068.055402733883;2068.049683485833;2068.049683485833;0.000277;0.000000;14.044564;1.238806;15.421875;0.000344;0.79%;0.000915;2.11%;0.042199;97.10%;0.038777;89.23%;0.000025;0.036468;0.002283;0.000012294429;0.000000;0.000000;0;0.000000;0.000000;0;416;0;0;0;0;0.000000;0;0;0;0.000000;0;0;0;0;true;false;false;true;optimal;4;2545;1.000000;0.000000;39.296;6525763.610871586017
nonconvex_bnb_cgal;261;0;50;121;121;143505594777600;12038;1;12035;1;6520;5516;1;1020.791492817020;33.826;217;271;1020.822551018952;1020.822551018952;1020.791492817020;0.003043;0.003043;45.829179;1.846319;12035.000000;0.002909;0.00%;0.000907;0.00%;376.065220;100.00%;376.016149;99.99%;0.022790;375.934224;0.059136;0.031235765852;0.000000;0.000000;0;0.000000;0.000000;0;5516;0;0;0;0;0.000000;0;0;0;0.000000;0;0;0;0;true;false;false;true;optimal;11;6519;0.999753;0.251950;33.831;12317190.141532884911
nonconvex_bnb_cgal;262;0;60;82;82;1327104;1370;1;1337;32;1083;255;0;;41.959;244;261;2371.761202825624;2371.745270234327;2371.745270234327;0.000672;0.000000;19.058296;1.265005;41.781250;0.000401;0.14%;0.000932;0.32%;0.292192;99.55%;0.289877;98.76%;0.000037;0.289287;0.000552;0.000211588718;0.000000;0.000000;0;0.000000;0.000000;0;255;0;0;0;0;0.000000;0;0;0;0.000000;0;0;0;0;true;false;false;true;optimal;3;1082;0.999999;0.001331;41.998;3251056.465443161782
nonconvex_bnb_cgal;263;0;60;79;79;46080;1933;1;1868;64;1453;416;0;;43.494;247;260;2472.609418944048;2472.583980366469;2472.583980366469;0.001029;0.000000;22.257892;1.330351;29.187500;0.000431;0.00%;0.001003;0.00%;41.660057;100.00%;41.654928;99.98%;0.000045;41.653503;0.001380;0.021549367843;0.000000;0.000000;0;0.000000;0.000000;0;416;0;0;0;0;0.000000;0;0;0;0.000000;0;0;0;0;true;false;false;true;optimal;5;1452;1.000000;0.000000;43.524;4783027.762437111698
nonconvex_bnb_cgal;264;0;5;18;18;576;20;1;18;1;6;13;0;;2.500;24;38;131.932409135791;131.932409135791;131.932409135791;0.000000;0.000000;68.421053;3.333333;18.000000;0.000342;29.02%;0.000797;67.59%;0.000040;3.39%;0.000024;2.01%;0.000004;0.000018;0.000002;0.000001185500;0.000000;0.000000;0;0.000000;0.000000;0;13;0;0;0;0;0.000000;0;0;0;0.000000;0;0;0;0;true;false;false;true;optimal;4;5;1.000000;0.000000;3.000;2674.178944465583
nonconvex_bnb_cgal;265;0;5;20;20;900;23;1;20;1;6;15;1;77.415081424091;2.500;21;31;77.415088278341;77.415088278341;77.415081424091;0.000009;0.000009;71.428571;3.833333;20.000000;0.000339;28.35%;0.000809;67.66%;0.000048;3.99%;0.000032;2.71%;0.000005;0.000026;0.000002;0.000001407652;0.000000;0.000000;0;0.000000;0.000000;0;15;0;0;0;0;0.000000;0;0;0;0.000000;0;0;0;0;true;false;false;true;optimal;5;5;0.999989;0.000816;3.000;1815.567886149463
nonconvex_bnb_cgal;266;0;5;14;14;144;22;1;19;2;9;11;0;;3.000;23;28;91.543170207610;91.543170084483;91.543170084483;0.000000;0.000000;55.000000;2.444444;9.500000;0.000214;19.88%;0.000808;75.21%;0.000053;4.91%;0.000029;2.72%;0.000004;0.000024;0.000001;0.000001327636;0.000000;0.000000;0;0.000000;0.000000;0;11;0;0;0;0;0.000000;0;0;0;0.000000;0;0;0;0;true;false;false;true;optimal;4;8;1.000000;0.000000;3.375;2029.847915225457
nonconvex_bnb_cgal;267;0;5;20;20;720;22;1;20;1;6;15;0;;2.500;24;29;162.033571512948;162.033569392874;162.033569392874;0.000001;0.000000;71.428571;3.666667;20.000000;0.000333;28.85%;0.000781;67.61%;0.000041;3.55%;0.000024;2.10%;0.000004;0.000019;0.000001;0.000001102273;0.000000;0.000000;0;0.000000;0.000000;0;15;0;0;0;0;0.000000;0;0;0;0.000000;0;0;0;0;true;false;false;true;optimal;6;5;1.000000;0.000000;3.000;3617.576932534019
nonconvex_bnb_cgal;268;0;5;19;19;720;31;1;29;1;9;21;0;;2.222;22;37;90.083596024633;90.083596024633;90.083596024633;0.000000;0.000000;70.000000;3.444444;29.000000;0.000369;29.61%;0.000820;65.81%;0.000057;4.58%;0.000038;3.07%;0.000004;0.000033;0.000001;0.000001232548;0.000000;0.000000;0;0.000000;0.000000;0;21;0;0;0;0;0.000000;0;0;0;0.000000;0;0;0;0;true;false;false;true;optimal;5;8;0.997070;0.263981;2.500;2824.586133105644
nonconvex_bnb_cgal;269;0;5;15;15;216;17;1;15;1;6;10;0;;2.500;24;34;177.993943925102;177.993943925102;177.993943925102;0.000000;0.000000;62.500000;2.833333;15.000000;0.000301;26.94%;0.000785;70.16%;0.000032;2.89%;0.000020;1.83%;0.000004;0.000016;0.000001;0.000001200765;0.000000;0.000000;0;0.000000;0.000000;0;10;0;0;0;0;0.000000;0;0;0;0.000000;0;0;0;0;true;false;false;true;optimal;4;5;0.999910;0.016065;3.000;3048.755026348764
nonconvex_bnb_cgal;270;0;5;23;23;1680;88;1;83;4;24;60;0;;2.625;17;30;132.091512423301;132.091503388649;132.091503388649;0.000007;0.000000;71.428571;3.666667;20.750000;0.000395;30.46%;0.000791;61.08%;0.000110;8.46%;0.000073;5.65%;0.000004;0.000067;0.000002;0.000000831943;0.000000;0.000000;0;0.000000;0.000000;0;60;0;0;0;0;0.000000;0;0;0;0.000000;0;0;0;0;true;false;false;true;optimal;7;23;0.999946;0.007183;2.739;11766.498372978131
nonconvex_bnb_cgal;271;0;5;20;20;900;22;1;20;1;6;15;0;;2.500;23;37;139.588796509614;139.588796509614;139.588796509614;0.000000;0.000000;71.428571;3.666667;20.000000;0.000413;33.35%;0.000787;63.50%;0.000039;3.15%;0.000024;1.94%;0.000004;0.000020;0.000000;0.000001094727;0.000000;0.000000;0;0.000000;0.000000;0;15;0;0;0;0;0.000000;0;0;0;0.000000;0;0;0;0;true;false;false;true;optimal;5;5;1.000000;0.000000;3.000;3099.348045898897
nonconvex_bnb_cgal;272;0;5;18;18;576;20;1;18;1;6;13;0;;2.500;23;30;99.813136069959;99.813136069959;99.813136069959;0.000000;0.000000;68.421053;3.333333;18.000000;0.000342;29.20%;0.000784;66.84%;0.000046;3.96%;0.000021;1.81%;0.000004;0.000017;0.000001;0.000001060400;0.000000;0.000000;0;0.000000;0.000000;0;13;0;0;0;0;0.000000;0;0;0;0.000000;0;0;0;0;true;false;false;true;optimal;4;5;1.000000;0.000000;3.000;2036.246134709286
nonconvex_bnb_cgal;273;0;5;18;18;540;20;1;18;1;6;13;0;;2.500;22;31;138.820379003888;138.820379003888;138.820379003888;0.000000;0.000000;68.421053;3.333333;18.000000;0.000375;31.19%;0.000794;66.02%;0.000034;2.79%;0.000020;1.68%;0.000004;0.000016;0.000001;0.000001010500;0.000000;0.000000;0;0.000000;0.000000;0;13;0;0;0;0;0.000000;0;0;0;0.000000;0;0;0;0;true;false;false;true;optimal;5;5;1.000000;0.000000;3.000;2839.577538811045
nonconvex_bnb_cgal;274;0;5;14;14;144;40;1;36;3;16;21;0;;2.812;20;32;96.921998444248;96.921998440026;96.921998440026;0.000000;0.000000;56.756757;2.500000;12.000000;0.000280;24.15%;0.000814;70.06%;0.000067;5.79%;0.000038;3.26%;0.000004;0.000032;0.000002;0.000000945825;0.000000;0.000000;0;0.000000;0.000000;0;21;0;0;0;0;0.000000;0;0;0;0.000000;0;0;0;0;true;false;false;true;optimal;4;15;1.000000;0.000000;3.000;3928.343167966474
nonconvex_bnb_cgal;275;0;5;17;17;384;19;1;17;1;6;12;0;;2.500;22;31;148.307280028542;148.307280028542;148.307280028542;0.000000;0.000000;66.666667;3.166667;17.000000;0.000332;28.62%;0.000788;67.97%;0.000040;3.41%;0.000022;1.89%;0.000003;0.000018;0.000001;0.000001153632;0.000000;0.000000;0;0.000000;0.000000;0;12;0;0;0;0;0.000000;0;0;0;0.000000;0;0;0;0;true;false;false;true;optimal;4;5;0.999654;0.051297;3.000;2873.672379942975
nonconvex_bnb_cgal;276;0;5;17;17;360;23;1;20;2;8;13;0;;3.000;21;33;137.500904674722;137.500904674722;137.500904674722;0.000000;0.000000;61.904762;2.875000;10.000000;0.000275;23.83%;0.000833;72.21%;0.000046;3.96%;0.000022;1.87%;0.000004;0.000016;0.000002;0.000000936783;0.000000;0.000000;0;0.000000;0.000000;0;13;0;0;0;0;0.000000;0;0;0;0.000000;0;0;0;0;true;false;false;true;optimal;5;7;1.000000;0.000000;3.429;3187.805082554301
nonconvex_bnb_cgal;277;0;5;18;18;432;37;1;34;2;11;24;0;;2.727;24;34;117.152784981826;117.152784806532;117.152784806532;0.000000;0.000000;68.571429;3.363636;17.000000;0.000316;26.79%;0.000807;68.35%;0.000057;4.86%;0.000035;2.95%;0.000005;0.000029;0.000001;0.000000941405;0.000000;0.000000;0;0.000000;0.000000;0;24;0;0;0;0;0.000000;0;0;0;0.000000;0;0;0;0;true;false;false;true;optimal;6;10;1.000000;0.000000;3.000;4401.822657809943
nonconvex_bnb_cgal;278;0;5;20;20;960;22;1;20;1;6;15;0;;2.500;21;32;129.017884498923;129.017884498923;129.017884498923;0.000000;0.000000;71.428571;3.666667;20.000000;0.000337;28.56%;0.000797;67.61%;0.000045;3.82%;0.000021;1.78%;0.000004;0.000017;0.000001;0.000000952682;0.000000;0.000000;0;0.000000;0.000000;0;15;0;0;0;0;0.000000;0;0;0;0.000000;0;0;0;0;true;false;false;true;optimal;5;5;1.000000;0.000000;3.000;2873.339239973358
nonconvex_bnb_cgal;279;0;5;18;18;432;20;1;18;1;6;13;0;;2.500;25;35;71.106825754651;71.106825751833;71.106825751833;0.000000;0.000000;68.421053;3.333333;18.000000;0.000339;28.77%;0.000803;68.08%;0.000037;3.15%;0.000025;2.09%;0.000004;0.000020;0.000001;0.000001231250;0.000000;0.000000;0;0.000000;0.000000;0;13;0;0;0;0;0.000000;0;0;0;0.000000;0;0;0;0;true;false;false;true;optimal;6;5;1.000000;0.000000;3.000;1444.484176453979
nonconvex_bnb_cgal;280;0;5;18;18;576;20;1;18;1;6;13;0;;2.500;21;39;78.183363950833;78.183356468599;78.183356468599;0.000010;0.000000;68.421053;3.333333;18.000000;0.000467;1.61%;0.000797;2.75%;0.027726;95.64%;0.027699;95.54%;0.001195;0.025435;0.001069;0.001384943750;0.000000;0.000000;0;0.000000;0.000000;0;13;0;0;0;0;0.000000;0;0;0;0.000000;0;0;0;0;true;false;false;true;optimal;4;5;1.000000;0.000000;3.000;1618.803857666820
nonconvex_bnb_cgal;281;0;5;16;16;240;19;1;16;2;7;10;0;;2.857;22;31;81.642607626389;81.642587387879;81.642587387879;0.000025;0.000000;58.823529;2.714286;8.000000;0.000222;1.95%;0.000789;6.93%;0.010372;91.11%;0.010351;90.93%;0.000005;0.010345;0.000002;0.000544802579;0.000000;0.000000;0;0.000000;0.000000;0;10;0;0;0;0;0.000000;0;0;0;0.000000;0;0;0;0;true;false;false;true;optimal;5;6;1.000000;0.000000;3.333;1567.914259265336
nonconvex_bnb_cgal;282;0;5;17;17;320;19;1;17;1;6;12;0;;2.500;28;38;135.010734009762;135.010730392457;135.010730392457;0.000003;0.000000;66.666667;3.166667;17.000000;0.000323;27.71%;0.000804;69.07%;0.000037;3.22%;0.000024;2.04%;0.000004;0.000019;0.000001;0.000001249947;0.000000;0.000000;0;0.000000;0.000000;0;12;0;0;0;0;0.000000;0;0;0;0.000000;0;0;0;0;true;false;false;true;optimal;5;5;1.000000;0.000000;3.000;2592.884348973907
nonconvex_bnb_cgal;283;0;5;20;20;500;44;1;35;8;17;19;0;;3.529;19;30;133.163769327338;133.163752651316;133.163752651316;0.000013;0.000000;52.777778;2.588235;4.375000;0.000366;28.62%;0.000829;64.83%;0.000084;6.55%;0.000044;3.47%;0.000005;0.000032;0.000007;0.000001008523;0.000000;0.000000;0;0.000000;0.000000;0;19;0;0;0;0;0.000000;0;0;0;0.000000;0;0;0;0;true;false;false;true;optimal;5;16;1.000000;0.000000;3.750;5911.757124895576
nonconvex_bnb_cgal;284;0;10;38;38;345600;46;1;43;2;14;30;0;;5.857;48;64;209.625375603120;209.625375603120;209.625375603120;0.000000;0.000000;68.181818;3.285714;21.500000;0.000483;0.96%;0.000809;1.60%;0.049144;97.44%;0.049098;97.35%;0.000008;0.049088;0.000002;0.001067351478;0.000000;0.000000;0;0.000000;0.000000;0;30;0;0;0;0;0.000000;0;0;0;0.000000;0;0;0;0;true;false;false;true;optimal;6;13;1.000000;0.000000;6.308;9720.671294639229
nonconvex_bnb_cgal;285;0;10;40;40;729000;138;1;131;6;39;93;0;;6.692;40;65;158.292897532813;158.292885548760;158.292885548760;0.000008;0.000000;70.454545;3.538462;21.833333;0.000602;0.26%;0.000825;0.36%;0.227099;99.38%;0.226924;99.30%;0.001988;0.212744;0.012192;0.001644377449;0.000000;0.000000;0;0.000000;0.000000;0;93;0;0;0;0;0.000000;0;0;0;0.000000;0;0;0;0;true;false;false;true;optimal;6;38;0.999984;0.002475;6.868;21998.037146647854
nonconvex_bnb_cgal;286;0;10;39;39;622080;160;1;151;8;47;105;0;;6.255;37;63;187.653469017106;187.653465282502;187.653465282502;0.000002;0.000000;69.078947;3.404255;18.875000;0.000608;35.22%;0.000799;46.32%;0.000319;18.46%;0.000235;13.60%;0.000005;0.000221;0.000009;0.000001466362;0.000000;0.000000;0;0.000000;0.000000;0;105;0;0;0;0;0.000000;0;0;0;0.000000;0;0;0;0;true;false;false;true;optimal;6;46;0.999943;0.010748;6.391;30302.017074638490
nonconvex_bnb_cgal;287;0;9;43;43;1200000;45;1;43;1;10;34;0;;4.500;44;56;195.543907063662;195.543836693685;195.543836693685;0.000036;0.000000;77.272727;4.500000;43.000000;0.000551;2.82%;0.000786;4.02%;0.018238;93.17%;0.018197;92.96%;0.000006;0.018190;0.000001;0.000404384244;0.000000;0.000000;0;0.000000;0.000000;0;34;0;0;0;0;0.000000;0;0;0;0.000000;0;0;0;0;true;false;false;true;optimal;6;9;1.000000;0.000000;5.000;8903.865329696631
nonconvex_bnb_cgal;288;0;10;39;39;576000;76;1;73;2;21;53;0;;5.238;46;63;195.932782857121;195.932782857121;195.932782857121;0.000000;0.000000;71.621622;3.619048;36.500000;0.000491;0.58%;0.000831;0.98%;0.083317;98.44%;0.083221;98.32%;0.000008;0.083210;0.000002;0.001095011513;0.000000;0.000000;0;0.000000;0.000000;0;53;0;0;0;0;0.000000;0;0;0;0.000000;0;0;0;0;true;false;false;true;optimal;5;20;1.000000;0.000000;5.500;15043.633936394343
nonconvex_bnb_cgal;289;0;10;37;37;324000;126;1;124;1;33;92;0;;5.152;47;66;231.407569147902;231.407568671970;231.407568671970;0.000000;0.000000;73.600000;3.818182;124.000000;0.000642;0.18%;0.000810;0.23%;0.354167;99.59%;0.353984;99.54%;0.000007;0.353976;0.000001;0.002809399460;0.000000;0.000000;0;0.000000;0.000000;0;92;0;0;0;0;0.000000;0;0;0;0.000000;0;0;0;0;true;false;false;true;optimal;5;32;0.995842;0.962091;5.312;29557.540663218173
nonconvex_bnb_cgal;290;0;10;33;33;92160;61;1;58;2;20;39;0;;5.450;52;68;181.651498076336;181.651498076336;181.651498076336;0.000000;0.000000;66.101695;3.050000;29.000000;0.000739;0.86%;0.000794;0.92%;0.084267;98.21%;0.084194;98.13%;0.001842;0.080646;0.001706;0.001380224000;0.000000;0.000000;0;0.000000;0.000000;0;39;0;0;0;0;0.000000;0;0;0;0.000000;0;0;0;0;true;false;false;true;optimal;5;19;0.999897;0.018679;5.737;11159.942730499435
nonconvex_bnb_cgal;291;0;10;35;35;186624;127;1;118;8;42;77;0;;5.786;44;63;233.097497705623;233.097497705623;233.097497705623;0.000000;0.000000;64.705882;3.023810;14.750000;0.000652;37.36%;0.000811;46.51%;0.000281;16.12%;0.000206;11.81%;0.000007;0.000190;0.000010;0.000001621748;0.000000;0.000000;0;0.000000;0.000000;0;77;0;0;0;0;0.000000;0;0;0;0.000000;0;0;0;0;true;false;false;true;optimal;6;41;0.999913;0.020219;5.927;29783.713064675485
nonconvex_bnb_cgal;292;0;10;35;35;172800;74;1;71;2;23;49;0;;6.174;45;67;241.537936767359;241.537920055444;241.537920055444;0.000007;0.000000;68.055556;3.217391;35.500000;0.000637;0.39%;0.000839;0.52%;0.161007;99.09%;0.160918;99.04%;0.000009;0.160906;0.000003;0.002174563622;0.000000;0.000000;0;0.000000;0.000000;0;49;0;0;0;0;0.000000;0;0;0;0.000000;0;0;0;0;true;false;false;true;optimal;5;22;0.999826;0.042032;6.455;17996.575084999851
nonconvex_bnb_cgal;293;0;10;39;39;552960;79;1;74;4;23;52;0;;5.652;39;66;190.251495138342;190.251495138342;190.251495138342;0.000000;0.000000;69.333333;3.434783;18.500000;0.000466;0.39%;0.000809;0.67%;0.119531;98.95%;0.119433;98.86%;0.000006;0.119419;0.000007;0.001511809127;0.000000;0.000000;0;0.000000;0.000000;0;52;0;0;0;0;0.000000;0;0;0;0.000000;0;0;0;0;true;false;false;true;optimal;6;22;1.000000;0.000000;5.909;15213.486431511970
nonconvex_bnb_cgal;294;0;10;34;34;165888;63;1;58;3;20;39;1;211.099045632124;5.900;44;64;211.099056779309;211.099056779309;211.099045632124;0.000005;0.000005;66.101695;3.150000;19.333333;0.000706;0.56%;0.000798;0.63%;0.125099;98.81%;0.125015;98.75%;0.001533;0.116201;0.007281;0.001984363794;0.000000;0.000000;0;0.000000;0.000000;0;39;0;0;0;0;0.000000;0;0;0;0.000000;0;0;0;0;true;false;false;true;optimal;4;19;0.999983;0.003573;6.211;13425.487157120302
nonconvex_bnb_cgal;295;0;10;38;38;552960;40;1;38;1;11;28;0;;5.000;49;66;215.476977417044;215.476977417044;215.476977417044;0.000000;0.000000;71.794872;3.636364;38.000000;0.000679;0.78%;0.000803;0.92%;0.085479;98.30%;0.085400;98.20%;0.002278;0.080868;0.002254;0.002134990600;0.000000;0.000000;0;0.000000;0.000000;0;28;0;0;0;0;0.000000;0;0;0;0.000000;0;0;0;0;true;false;false;true;optimal;5;10;0.999963;0.007989;5.500;8683.654333235241
nonconvex_bnb_cgal;296;0;10;42;42;1036800;44;1;42;1;11;32;0;;5.000;44;68;205.793070570293;205.793070570293;205.793070570293;0.000000;0.000000;74.418605;4.000000;42.000000;0.000775;0.89%;0.000817;0.94%;0.085444;98.17%;0.085384;98.10%;0.001868;0.081864;0.001651;0.001940535136;0.000000;0.000000;0;0.000000;0.000000;0;32;0;0;0;0;0.000000;0;0;0;0.000000;0;0;0;0;true;false;false;true;optimal;6;10;1.000000;0.000000;5.500;9126.638150651353
nonconvex_bnb_cgal;297;0;10;36;36;259200;55;1;48;4;17;32;0;;6.412;47;66;182.286499396452;182.286477793827;182.286477793827;0.000012;0.000000;65.306122;3.235294;12.000000;0.000625;0.67%;0.000869;0.94%;0.091357;98.39%;0.091278;98.31%;0.000006;0.082600;0.008673;0.001659608345;0.000000;0.000000;0;0.000000;0.000000;0;32;0;0;0;0;0.000000;0;0;0;0.000000;0;0;0;0;true;false;false;true;optimal;5;16;1.000000;0.000000;6.812;10074.584539897054
nonconvex_bnb_cgal;298;0;10;41;41;1080000;80;1;75;4;22;54;0;;5.864;43;60;229.008327049581;229.008327049581;229.008327049581;0.000000;0.000000;71.052632;3.636364;18.750000;0.000639;1.22%;0.000807;1.55%;0.050771;97.23%;0.050683;97.06%;0.000008;0.050661;0.000014;0.000633532262;0.000000;0.000000;0;0.000000;0.000000;0;54;0;0;0;0;0.000000;0;0;0;0.000000;0;0;0;0;true;false;false;true;optimal;5;21;0.999884;0.026632;6.143;18469.210347430100
nonconvex_bnb_cgal;299;0;10;35;35;233280;37;1;35;1;11;25;0;;5.000;47;66;183.309489192199;183.309489192199;183.309489192199;0.000000;0.000000;69.444444;3.363636;35.000000;0.000634;1.52%;0.000805;1.93%;0.040294;96.55%;0.040245;96.44%;0.000008;0.040236;0.000001;0.001087716162;0.000000;0.000000;0;0.000000;0.000000;0;25;0;0;0;0;0.000000;0;0;0;0.000000;0;0;0;0;true;false;false;true;optimal;5;10;1.000000;0.000000;5.500;6874.759341706495
nonconvex_bnb_cgal;300;0;10;42;42;1382400;45;1;42;2;12;31;0;;5.417;46;63;163.430959099165;163.428212365728;163.428212365728;0.001681;0.000000;72.093023;3.750000;21.000000;0.000596;0.49%;0.000794;0.65%;0.121020;98.86%;0.120942;98.80%;0.002514;0.113499;0.004929;0.002687596289;0.000000;0.000000;0;0.000000;0.000000;0;31;0;0;0;0;0.000000;0;0;0;0.000000;0;0;0;0;true;false;false;true;optimal;6;11;0.999760;0.039226;5.909;7459.630519413427
nonconvex_bnb_cgal;301;0;10;40;40;810000;90;1;85;4;27;59;0;;6.667;41;64;198.653144958373;198.653134257674;198.653134257674;0.000005;0.000000;68.604651;3.333333;21.250000;0.000610;1.06%;0.000803;1.39%;0.056333;97.55%;0.056272;97.45%;0.000005;0.056262;0.000005;0.000625248211;0.000000;0.000000;0;0.000000;0.000000;0;59;0;0;0;0;0.000000;0;0;0;0.000000;0;0;0;0;true;false;false;true;optimal;5;26;0.999988;0.002380;6.923;18034.161924511594
nonconvex_bnb_cgal;302;0;10;35;35;184320;225;1;215;9;75;141;0;;6.680;45;67;182.695968784724;182.695938384336;182.695938384336;0.000017;0.000000;65.277778;3.000000;23.888889;0.000528;0.06%;0.000840;0.10%;0.830121;99.84%;0.829792;99.80%;0.003007;0.798566;0.028218;0.003687963342;0.000000;0.000000;0;0.000000;0.000000;0;141;0;0;0;0;0.000000;0;0;0;0.000000;0;0;0;0;true;false;false;true;optimal;5;74;0.999962;0.007032;6.770;41481.227078862175
nonconvex_bnb_cgal;303;0;10;37;37;276480;40;1;37;1;11;27;0;;5.000;46;68;228.148964868578;228.148964868578;228.148964868578;0.000000;0.000000;71.052632;3.636364;37.000000;0.000582;0.36%;0.000806;0.49%;0.161750;99.15%;0.161679;99.11%;0.003044;0.153298;0.005337;0.004041976125;0.000000;0.000000;0;0.000000;0.000000;0;27;0;0;0;0;0.000000;0;0;0;0.000000;0;0;0;0;true;false;false;true;optimal;6;10;0.999733;0.060941;5.500;9212.045112806309
nonconvex_bnb_cgal;304;0;15;60;60;716636160;136;1;131;4;38;94;0;;9.868;65;98;342.110157888523;342.110157244496;342.110157244496;0.000000;0.000000;71.212121;3.578947;32.750000;0.000817;0.16%;0.000812;0.16%;0.497156;99.67%;0.496935;99.63%;0.003523;0.479233;0.014180;0.003653937147;0.000000;0.000000;0;0.000000;0.000000;0;94;0;0;0;0;0.000000;0;0;0;0.000000;0;0;0;0;true;false;false;true;optimal;6;37;0.999993;0.002360;10.135;46769.005369829421
nonconvex_bnb_cgal;305;0;15;62;62;1166400000;215;1;210;4;53;158;0;;8.679;57;94;324.642010290540;324.641786023528;324.641786023528;0.000069;0.000000;74.881517;4.056604;52.500000;0.001117;0.10%;0.000833;0.07%;1.158055;99.83%;1.157729;99.80%;0.004903;1.142995;0.009832;0.005384787581;0.000000;0.000000;0;0.000000;0.000000;0;158;0;0;0;0;0.000000;0;0;0;0.000000;0;0;0;0;true;false;false;true;optimal;6;52;0.999723;0.090083;8.846;70199.947509018763
nonconvex_bnb_cgal;306;0;15;58;58;348364800;288;1;275;12;87;189;0;;9.034;64;97;294.255507903888;294.255445028408;294.255445028408;0.000021;0.000000;68.478261;3.310345;22.916667;0.001768;0.16%;0.001485;0.13%;1.111542;99.71%;1.111041;99.66%;0.004414;1.061161;0.045467;0.003857782267;0.000000;0.000000;0;0.000000;0.000000;0;189;0;0;0;0;0.000000;0;0;0;0.000000;0;0;0;0;true;false;false;true;optimal;7;86;0.999935;0.019196;9.140;85144.797937016003
nonconvex_bnb_cgal;307;0;15;52;52;69984000;381;1;372;8;114;259;0;;9.307;67;102;229.769718420105;229.769712358431;229.769712358431;0.000003;0.000000;69.436997;3.342105;46.500000;0.000891;0.08%;0.000823;0.07%;1.175276;99.85%;1.174655;99.80%;0.002113;1.155965;0.016578;0.003083084979;0.000000;0.000000;0;0.000000;0.000000;0;259;0;0;0;0;0.000000;0;0;0;0.000000;0;0;0;0;true;false;false;true;optimal;5;113;0.999757;0.055737;9.389;88216.389128987954
nonconvex_bnb_cgal;308;0;14;60;60;464486400;384;1;382;1;90;293;0;;9.167;65;90;250.481506287806;250.462990955769;250.462990955769;0.007392;0.000000;76.501305;4.266667;382.000000;0.002152;0.18%;0.001484;0.12%;1.185375;99.69%;1.184835;99.65%;0.004343;1.177620;0.002873;0.003085508586;0.000000;0.000000;0;0.000000;0.000000;0;293;0;0;0;0;0.000000;0;0;0;0.000000;0;0;0;0;true;false;false;true;optimal;7;89;0.998629;0.343371;9.270;96769.735212715605
nonconvex_bnb_cgal;309;0;15;56;56;223948800;363;1;350;12;105;246;0;;9.467;66;94;249.829632265904;249.829558533826;249.829558533826;0.000030;0.000000;70.085470;3.457143;29.166667;0.000967;0.09%;0.000828;0.07%;1.134643;99.84%;1.134123;99.80%;0.000011;1.134084;0.000028;0.003124306289;0.000000;0.000000;0;0.000000;0.000000;0;246;0;0;0;0;0.000000;0;0;0;0.000000;0;0;0;0;true;false;false;true;optimal;6;104;0.999257;0.185731;9.558;91540.702745912407
nonconvex_bnb_cgal;310;0;15;51;51;63700992;103;1;98;2;31;68;0;;7.742;67;92;238.660355216566;238.660355108950;238.660355108950;0.000000;0.000000;68.686869;3.322581;49.000000;0.000884;0.24%;0.000817;0.22%;0.370928;99.54%;0.370744;99.49%;0.002848;0.356658;0.011238;0.003599455505;0.000000;0.000000;0;0.000000;0.000000;0;68;0;0;0;0;0.000000;0;0;0;0.000000;0;0;0;0;true;false;false;true;optimal;4;30;1.000000;0.000000;8.000;24717.007866916629
nonconvex_bnb_cgal;311;0;15;56;56;185794560;331;1;329;1;87;243;0;;8.989;68;95;251.748541957862;251.748333459773;251.748333459773;0.000083;0.000000;73.636364;3.804598;329.000000;0.000879;0.04%;0.000807;0.03%;2.471836;99.93%;2.471165;99.90%;0.000010;2.471153;0.000003;0.007465755785;0.000000;0.000000;0;0.000000;0.000000;0;243;0;0;0;0;0.000000;0;0;0;0.000000;0;0;0;0;true;false;false;true;optimal;7;86;0.999352;0.163093;9.093;83888.898611440382
nonconvex_bnb_cgal;312;0;15;55;55;155520000;147;1;143;3;40;104;0;;8.700;73;87;191.003168900771;191.003167950131;191.003167950131;0.000000;0.000000;72.222222;3.675000;47.666667;0.000948;0.17%;0.000875;0.15%;0.563431;99.68%;0.563168;99.63%;0.003012;0.550244;0.009913;0.003831075639;0.000000;0.000000;0;0.000000;0.000000;0;104;0;0;0;0;0.000000;0;0;0;0.000000;0;0;0;0;true;false;false;true;optimal;5;39;0.999862;0.026383;8.923;28500.592080357212
nonconvex_bnb_cgal;313;0;15;63;63;1161216000;874;1;825;32;199;627;0;;12.010;66;103;318.460292892690;318.460186553916;318.460186553916;0.000033;0.000000;75.907990;4.391960;25.781250;0.002484;0.13%;0.001460;0.08%;1.897701;99.79%;1.896641;99.74%;0.004053;1.768774;0.123814;0.002170070121;0.000000;0.000000;0;0.000000;0.000000;0;627;0;0;0;0;0.000000;0;0;0;0.000000;0;0;0;0;true;false;false;true;optimal;7;198;0.999893;0.034047;12.071;280303.884471756057
nonconvex_bnb_cgal;314;0;15;65;65;2764800000;972;1;875;96;293;583;0;;12.567;61;92;227.326506238944;227.326495267355;227.326495267355;0.000005;0.000000;66.552511;3.317406;9.114583;0.000822;0.02%;0.000815;0.02%;3.776068;99.96%;3.774613;99.92%;0.003478;3.413159;0.357976;0.003883346627;0.000000;0.000000;0;0.000000;0.000000;0;583;0;0;0;0;0.000000;0;0;0;0.000000;0;0;0;0;true;false;false;true;optimal;6;292;0.999938;0.014139;12.610;221896.847962743806
nonconvex_bnb_cgal;315;0;15;70;70;7464960000;2014;1;1821;192;567;1255;0;;13.160;55;99;227.571818144595;227.571818047271;227.571818047271;0.000000;0.000000;68.880351;3.552028;9.484375;0.001081;0.03%;0.000813;0.02%;4.014957;99.95%;4.012788;99.90%;0.000009;4.012379;0.000401;0.001992447034;0.000000;0.000000;0;0.000000;0.000000;0;1255;0;0;0;0;0.000000;0;0;0;0.000000;0;0;0;0;true;false;false;true;optimal;6;566;1.000000;0.000000;13.184;460932.806902987882
nonconvex_bnb_cgal;316;0;15;63;63;1492992000;147;1;142;4;38;105;0;;10.000;65;101;330.098226803932;330.084752090810;330.084752090810;0.004082;0.000000;73.426573;3.868421;35.500000;0.000872;0.15%;0.000816;0.14%;0.581069;99.71%;0.580832;99.67%;0.003220;0.565283;0.012328;0.003951238388;0.000000;0.000000;0;0.000000;0.000000;0;105;0;0;0;0;0.000000;0;0;0;0.000000;0;0;0;0;true;false;false;true;optimal;6;37;1.000000;0.000099;10.270;48870.589854854319
nonconvex_bnb_cgal;317;0;15;55;55;108864000;268;1;265;2;92;174;0;;10.674;67;104;259.125056825208;259.125026899413;259.125026899413;0.000012;0.000000;65.413534;2.913043;132.500000;0.001027;0.06%;0.000809;0.05%;1.634680;99.89%;1.634161;99.86%;0.005816;1.616842;0.011503;0.006097615836;0.000000;0.000000;0;0.000000;0.000000;0;174;0;0;0;0;0.000000;0;0;0;0.000000;0;0;0;0;true;false;false;true;optimal;7;91;0.999231;0.199283;10.791;69768.391283768971
nonconvex_bnb_cgal;318;0;15;60;60;622080000;62;1;60;1;16;45;0;;7.500;71;94;261.447022078974;261.446899223059;261.446899223059;0.000047;0.000000;73.770492;3.875000;60.000000;0.000981;0.93%;0.000825;0.78%;0.103751;98.29%;0.103686;98.23%;0.000009;0.103675;0.000002;0.001672358871;0.000000;0.000000;0;0.000000;0.000000;0;45;0;0;0;0;0.000000;0;0;0;0.000000;0;0;0;0;true;false;false;true;optimal;6;15;0.999992;0.002017;8.000;16345.722137717839
nonconvex_bnb_cgal;319;0;15;59;59;414720000;395;1;386;8;101;286;0;;9.050;66;96;236.061284415738;236.061180275121;236.061180275121;0.000044;0.000000;73.901809;3.910891;48.250000;0.000883;0.08%;0.000846;0.08%;1.065897;99.84%;1.065429;99.79%;0.000011;1.049860;0.015558;0.002697288314;0.000000;0.000000;0;0.000000;0.000000;0;286;0;0;0;0;0.000000;0;0;0;0.000000;0;0;0;0;true;false;false;true;optimal;6;100;0.999998;0.000426;9.140;94277.692919570211
nonconvex_bnb_cgal;320;0;15;51;51;60466176;79;1;76;1;23;54;1;245.525024700252;8.261;64;93;245.525730150019;245.525730150019;245.525024700252;0.000287;0.000287;70.129870;3.434783;76.000000;0.000906;0.31%;0.000822;0.28%;0.293353;99.41%;0.293223;99.37%;0.000010;0.289370;0.003843;0.003711686152;0.000000;0.000000;0;0.000000;0.000000;0;54;0;0;0;0;0.000000;0;0;0;0.000000;0;0;0;0;true;false;false;true;optimal;6;22;0.999867;0.032677;8.636;19553.680248958361
nonconvex_bnb_cgal;321;0;15;62;62;1166400000;281;1;268;12;77;192;0;;11.610;69;104;279.055426179029;279.055426179029;279.055426179029;0.000000;0.000000;71.375465;3.649351;22.333333;0.001093;0.18%;0.000798;0.13%;0.593291;99.68%;0.592915;99.62%;0.000010;0.574638;0.018267;0.002110018078;0.000000;0.000000;0;0.000000;0.000000;0;192;0;0;0;0;0.000000;0;0;0;0.000000;0;0;0;0;true;false;false;true;optimal;6;76;1.000000;0.000000;11.763;78969.529377445768
nonconvex_bnb_cgal;322;0;15;64;64;1944000000;119;1;116;2;29;88;0;;7.828;63;99;292.556488021152;292.556481359364;292.556481359364;0.000002;0.000000;75.213675;4.103448;58.000000;0.001024;0.35%;0.000851;0.29%;0.293743;99.37%;0.293576;99.31%;0.000009;0.293563;0.000004;0.002467023756;0.000000;0.000000;0;0.000000;0.000000;0;88;0;0;0;0;0.000000;0;0;0;0.000000;0;0;0;0;true;false;false;true;optimal;6;28;0.999951;0.014346;8.107;35013.128678183784
nonconvex_bnb_cgal;323;0;15;66;66;2419200000;115;1;112;2;28;85;0;;7.821;61;103;335.444795606955;335.433936328912;335.433936328912;0.003237;0.000000;75.221239;4.107143;56.000000;0.002060;0.42%;0.001459;0.30%;0.488262;99.28%;0.488061;99.24%;0.004685;0.477540;0.005836;0.004244007574;0.000000;0.000000;0;0.000000;0.000000;0;85;0;0;0;0;0.000000;0;0;0;0.000000;0;0;0;0;true;false;false;true;optimal;7;27;0.999905;0.031946;8.111;38910.383019638160
nonconvex_bnb_cgal;324;0;20;89;89;6220800000000;758;1;741;16;182;560;0;;14.154;85;131;422.327132705795;422.326873047658;422.326873047658;0.000061;0.000000;75.471698;4.164835;46.312500;0.001577;0.04%;0.000816;0.02%;3.844373;99.94%;3.842999;99.90%;0.004944;3.752004;0.086050;0.005069919654;0.000000;0.000000;0;0.000000;0.000000;0;560;0;0;0;0;0.000000;0;0;0;0.000000;0;0;0;0;true;false;false;true;optimal;6;181;0.999996;0.001747;14.232;322212.840883301804
nonconvex_bnb_cgal;325;0;20;83;83;995328000000;140;1;135;4;37;99;0;;12.946;92;129;414.958123331569;414.958070954536;414.958070954536;0.000013;0.000000;72.794118;3.783784;33.750000;0.001284;0.21%;0.000817;0.13%;0.614599;99.66%;0.614338;99.62%;0.003474;0.603999;0.006865;0.004388130943;0.000000;0.000000;0;0.000000;0.000000;0;99;0;0;0;0;0.000000;0;0;0;0.000000;0;0;0;0;true;false;false;true;optimal;6;36;1.000000;0.000000;13.306;58460.342351687090
nonconvex_bnb_cgal;326;0;20;90;90;5374771200000;152;1;147;4;38;110;0;;13.211;93;126;427.017938763318;427.017932740264;427.017932740264;0.000001;0.000000;74.324324;4.000000;36.750000;0.001455;0.21%;0.000811;0.12%;0.679222;99.67%;0.678903;99.62%;0.004667;0.656419;0.017816;0.004466466309;0.000000;0.000000;0;0.000000;0.000000;0;110;0;0;0;0;0.000000;0;0;0;0.000000;0;0;0;0;true;false;false;true;optimal;6;37;0.999995;0.001976;13.568;65191.382968292586
nonconvex_bnb_cgal;327;0;20;77;77;142690222080;271;1;262;8;74;189;0;;14.541;92;128;361.490684328720;361.488998480316;361.488998480316;0.000466;0.000000;71.863118;3.662162;32.750000;0.001228;0.05%;0.000825;0.04%;2.349033;99.91%;2.348296;99.88%;0.006081;2.279413;0.062803;0.008665298576;0.000000;0.000000;0;0.000000;0.000000;0;189;0;0;0;0;0.000000;0;0;0;0.000000;0;0;0;0;true;false;false;true;optimal;7;73;0.999999;0.000337;14.740;98360.821101933601
nonconvex_bnb_cgal;328;0;20;79;79;453496320000;628;1;619;8;156;464;0;;14.949;95;129;332.457222053877;332.457054604458;332.457054604458;0.000050;0.000000;74.838710;4.025641;77.375000;0.001256;0.04%;0.000837;0.02%;3.491397;99.94%;3.490177;99.91%;0.005683;3.440403;0.044092;0.005557606957;0.000000;0.000000;0;0.000000;0.000000;0;464;0;0;0;0;0.000000;0;0;0;0.000000;0;0;0;0;true;false;false;true;optimal;6;155;0.999901;0.033028;15.045;210439.313970522839
nonconvex_bnb_cgal;329;0;20;79;79;398131200000;1881;1;1872;4;504;1369;0;;14.538;83;122;403.837907919964;403.802997808302;403.802997808302;0.008645;0.000000;73.091297;3.732143;468.000000;0.001890;0.01%;0.000989;0.01%;18.735664;99.98%;18.730500;99.96%;0.004427;18.661868;0.064205;0.009957735013;0.000000;0.000000;0;0.000000;0.000000;0;1369;0;0;0;0;0.000000;0;0;0;0.000000;0;0;0;0;true;false;false;true;optimal;6;503;0.999749;0.101449;14.567;762190.951673210249
nonconvex_bnb_cgal;330;0;20;83;83;1161216000000;4723;1;4720;2;1197;3524;0;;11.093;83;125;336.016027301804;336.016015851472;336.016015851472;0.000003;0.000000;74.645202;3.945698;2360.000000;0.001291;0.00%;0.000824;0.00%;36.271031;99.99%;36.261756;99.97%;0.002750;36.253771;0.005235;0.007677695637;0.000000;0.000000;0;0.000000;0.000000;0;3524;0;0;0;0;0.000000;0;0;0;0.000000;0;0;0;0;true;false;false;true;optimal;7;1196;0.999151;0.285126;11.102;1598643.934200310614
nonconvex_bnb_cgal;331;0;19;72;72;47775744000;400;1;383;16;120;264;0;;13.492;87;122;387.214595254976;387.214583579758;387.214583579758;0.000003;0.000000;68.750000;3.333333;23.937500;0.001298;0.08%;0.000820;0.05%;1.583475;99.87%;1.582764;99.82%;0.003345;1.529693;0.049726;0.003956909060;0.000000;0.000000;0;0.000000;0.000000;0;264;0;0;0;0;0.000000;0;0;0;0.000000;0;0;0;0;true;false;false;true;optimal;6;119;1.000000;0.000004;13.605;155615.467386742384
nonconvex_bnb_cgal;332;0;19;81;81;326592000000;332;1;327;4;79;249;0;;9.899;80;127;339.838024280510;339.838017127872;339.838017127872;0.000002;0.000000;75.914634;4.202532;81.750000;0.002892;0.22%;0.001531;0.12%;1.287558;99.66%;1.286916;99.61%;0.004423;1.267753;0.014740;0.003876251657;0.000000;0.000000;0;0.000000;0.000000;0;249;0;0;0;0;0.000000;0;0;0;0.000000;0;0;0;0;true;false;false;true;optimal;7;78;0.999725;0.093613;10.026;113547.457112532269
nonconvex_bnb_cgal;333;0;19;78;78;209018880000;438;1;429;8;119;311;0;;11.731;88;122;405.253074960467;405.253074960467;405.253074960467;0.000000;0.000000;72.325581;3.680672;53.625000;0.001205;0.15%;0.000806;0.10%;0.824505;99.76%;0.823905;99.68%;0.000011;0.823855;0.000039;0.001881061534;0.000000;0.000000;0;0.000000;0.000000;0;311;0;0;0;0;0.000000;0;0;0;0.000000;0;0;0;0;true;false;false;true;optimal;7;118;0.999847;0.061821;11.831;178478.858415793366
nonconvex_bnb_cgal;334;0;19;81;81;279936000000;226;1;221;4;54;168;0;;11.704;78;119;410.864789342183;410.864745662937;410.864745662937;0.000011;0.000000;75.675676;4.185185;55.250000;0.001250;0.12%;0.000808;0.07%;1.079567;99.81%;1.079185;99.77%;0.003555;1.057679;0.017951;0.004775153398;0.000000;0.000000;0;0.000000;0.000000;0;168;0;0;0;0;0.000000;0;0;0;0.000000;0;0;0;0;true;false;false;true;optimal;8;53;0.999924;0.031166;11.925;93443.459907752069
nonconvex_bnb_cgal;335;0;20;81;81;705438720000;156;1;147;8;46;102;0;;14.696;96;130;470.600254609205;470.600227876763;470.600227876763;0.000006;0.000000;68.918919;3.391304;18.375000;0.002890;0.31%;0.001638;0.18%;0.929251;99.52%;0.928872;99.47%;0.005288;0.880425;0.043159;0.005954305532;0.000000;0.000000;0;0.000000;0.000000;0;102;0;0;0;0;0.000000;0;0;0;0.000000;0;0;0;0;true;false;false;true;optimal;7;45;0.999997;0.001229;15.022;73589.223184770730
nonconvex_bnb_cgal;336;0;20;85;85;1612800000000;287;1;282;4;68;215;0;;11.721;96;137;390.005826211507;390.005826211507;390.005826211507;0.000000;0.000000;75.971731;4.220588;70.500000;0.003163;0.18%;0.001477;0.08%;1.777790;99.74%;1.777142;99.70%;0.005729;1.753127;0.018286;0.006192132993;0.000000;0.000000;0;0.000000;0.000000;0;215;0;0;0;0;0.000000;0;0;0;0.000000;0;0;0;0;true;false;false;true;optimal;7;67;0.999924;0.029688;11.896;112643.705642645305
nonconvex_bnb_cgal;337;0;19;78;78;261273600000;219;1;210;8;62;149;0;;13.565;87;120;373.750847935272;373.750847935272;373.750847935272;0.000000;0.000000;70.616114;3.532258;26.250000;0.002903;0.44%;0.001465;0.22%;0.657597;99.34%;0.657260;99.29%;0.000021;0.638431;0.018808;0.003001186639;0.000000;0.000000;0;0.000000;0.000000;0;149;0;0;0;0;0.000000;0;0;0;0.000000;0;0;0;0;true;false;false;true;optimal;7;61;0.999896;0.038790;13.787;82082.105571120002
nonconvex_bnb_cgal;338;0;20;84;84;1358954496000;335;1;331;3;75;257;0;;13.227;90;134;474.305594769686;474.305354957630;474.305354957630;0.000051;0.000000;77.409639;4.466667;110.333333;0.001645;0.09%;0.000831;0.04%;1.899672;99.87%;1.899053;99.84%;0.005175;1.879079;0.014798;0.005668813549;0.000000;0.000000;0;0.000000;0.000000;0;257;0;0;0;0;0.000000;0;0;0;0.000000;0;0;0;0;true;false;false;true;optimal;6;74;0.999989;0.005108;13.405;159590.573390802805
nonconvex_bnb_cgal;339;0;20;75;75;101921587200;188;1;183;4;54;130;0;;12.167;94;138;401.866131835319;401.866101547845;401.866101547845;0.000008;0.000000;70.652174;3.481481;45.750000;0.001200;0.12%;0.000923;0.10%;0.968857;99.78%;0.968480;99.74%;0.006959;0.935131;0.026390;0.005151488048;0.000000;0.000000;0;0.000000;0.000000;0;130;0;0;0;0;0.000000;0;0;0;0.000000;0;0;0;0;true;false;false;true;optimal;6;53;0.999998;0.000691;12.396;75999.059265704069
nonconvex_bnb_cgal;340;0;19;72;72;50960793600;865;1;848;16;239;610;0;;11.841;82;128;435.843052049835;435.843050348367;435.843050348367;0.000000;0.000000;71.849234;3.619247;53.000000;0.001074;0.03%;0.000802;0.02%;3.306277;99.94%;3.304873;99.90%;0.002970;3.250111;0.051791;0.003820661889;0.000000;0.000000;0;0.000000;0.000000;0;610;0;0;0;0;0.000000;0;0;0;0.000000;0;0;0;0;true;false;false;true;optimal;6;238;1.000000;0.000000;11.891;378943.649874964845
nonconvex_bnb_cgal;341;0;20;91;91;8918138880000;176;1;169;3;41;129;1;420.658014784568;10.780;83;133;420.658097410648;420.658097410648;420.658014784568;0.000020;0.000020;75.882353;4.292683;56.333333;0.001447;0.12%;0.000807;0.07%;1.183265;99.81%;1.182904;99.78%;0.003940;1.151332;0.027631;0.006721042653;0.000000;0.000000;0;0.000000;0.000000;0;129;0;0;0;0;0.000000;0;0;0;0.000000;0;0;0;0;true;false;false;true;optimal;7;40;0.999569;0.181246;11.050;74458.260253460292
nonconvex_bnb_cgal;342;0;20;76;76;168552824832;5724;1;5719;4;1455;4265;0;;12.239;90;131;331.691463568784;331.691352666244;331.691352666244;0.000033;0.000000;74.562937;3.934021;1429.750000;0.003221;0.01%;0.001498;0.00%;45.231830;99.99%;45.220064;99.96%;0.009166;45.193156;0.017742;0.007900081097;0.000000;0.000000;0;0.000000;0.000000;0;4265;0;0;0;0;0.000000;0;0;0;0.000000;0;0;0;0;true;false;false;true;optimal;7;1454;0.999316;0.226826;12.248;1912794.079775783932
nonconvex_bnb_cgal;343;0;20;81;81;716636160000;5;1;4;0;1;4;0;;0.000;96;138;368.647941148748;368.647842951042;368.647842951042;0.000027;0.000000;80.000000;5.000000;0.000000;0.001473;4.40%;0.000859;2.57%;0.031114;93.03%;0.031094;92.96%;0.005022;0.026071;0.000000;0.006218725000;0.000000;0.000000;0;0.000000;0.000000;0;4;0;0;0;0;0.000000;0;0;0;0.000000;0;0;0;0;true;false;false;true;optimal;4;0;0.000000;0.000000;0.000;1847.786249469496
nonconvex_bnb_cgal;344;0;30;125;125;1547934105600000000;128;1;125;1;31;95;1;512.026279701476;15.000;137;190;512.038701719420;512.027108897240;512.026279701476;0.002426;0.000162;75.396825;4.129032;125.000000;0.002104;0.16%;0.000854;0.07%;1.296572;99.77%;1.296213;99.74%;0.008313;1.271963;0.015937;0.010126664383;0.000000;0.000000;0;0.000000;0.000000;0;95;0;0;0;0;0.000000;0;0;0;0.000000;0;0;0;0;true;false;false;true;optimal;6;30;0.999982;0.009125;15.500;65877.387705852932
nonconvex_bnb_cgal;345;0;30;122;122;859963392000000000;6412;1;6387;24;1591;4797;0;;12.820;128;188;472.861192923715;472.860589688269;472.860589688269;0.000128;0.000000;75.093926;4.030170;266.125000;0.001858;0.00%;0.000850;0.00%;69.036682;100.00%;69.022067;99.97%;0.007078;68.844737;0.170251;0.010764514507;0.000000;0.000000;0;0.000000;0.000000;0;4797;0;0;0;0;0.000000;0;0;0;0.000000;0;0;0;0;true;false;false;true;optimal;6;1590;0.999074;0.437909;12.828;3043664.498718227725
nonconvex_bnb_cgal;346;0;29;110;110;23509249228800000;351;1;344;6;104;241;0;;19.885;145;184;572.578839749358;572.578724872747;572.578724872747;0.000020;0.000000;69.855072;3.375000;57.333333;0.001848;0.09%;0.000831;0.04%;2.120614;99.87%;2.119747;99.83%;0.005758;2.077618;0.036371;0.006039164892;0.000000;0.000000;0;0.000000;0.000000;0;241;0;0;0;0;0.000000;0;0;0;0.000000;0;0;0;0;true;false;false;true;optimal;6;103;1.000000;0.000000;20.078;201754.793050976645
nonconvex_bnb_cgal;347;0;30;125;125;1128443962982400000;1140;1;1115;24;295;821;0;;22.169;134;195;504.927980910018;504.927911353677;504.927911353677;0.000014;0.000000;73.566308;3.864407;46.458333;0.001980;0.01%;0.000872;0.00%;18.871221;99.98%;18.857962;99.91%;0.009258;18.523863;0.324841;0.016542071845;0.000000;0.000000;0;0.000000;0.000000;0;821;0;0;0;0;0.000000;0;0;0;0.000000;0;0;0;0;true;false;false;true;optimal;6;294;0.999975;0.012578;22.245;577846.454139514361
nonconvex_bnb_cgal;348;0;30;130;130;4994157772800000000;116943;1;116906;36;27126;89781;0;;22.080;117;190;505.276533693152;505.276454695150;505.276454695150;0.000016;0.000000;76.796941;4.311104;3247.388889;0.004153;0.00%;0.001666;0.00%;784.356066;100.00%;784.073705;99.96%;0.005462;783.847919;0.220324;0.006704751074;0.000000;0.000000;0;0.000000;0.000000;0;89781;0;0;0;0;0.000000;0;0;0;0.000000;0;0;0;0;true;false;false;true;optimal;7;27125;0.999852;0.074873;22.081;59363599.630631618202
nonconvex_bnb_cgal;349;0;30;127;127;2089711042560000000;1279;1;1270;8;305;966;0;;17.187;124;185;483.884384343331;483.884317687551;483.884317687551;0.000014;0.000000;76.003147;4.193443;158.750000;0.004208;0.02%;0.001574;0.01%;22.228229;99.97%;22.223808;99.95%;0.008130;22.139614;0.076065;0.017375925008;0.000000;0.000000;0;0.000000;0.000000;0;966;0;0;0;0;0.000000;0;0;0;0.000000;0;0;0;0;true;false;false;true;optimal;6;304;0.999880;0.058216;17.243;621281.987780640367
nonconvex_bnb_cgal;350;0;30;120;120;440301256704000000;737;1;712;24;199;514;0;;20.910;146;204;655.255827918613;655.255733973249;655.255733973249;0.000014;0.000000;72.089762;3.703518;29.666667;0.002031;0.03%;0.000820;0.01%;6.425341;99.96%;6.423424;99.93%;0.006581;6.248337;0.168506;0.008715636883;0.000000;0.000000;0;0.000000;0.000000;0;514;0;0;0;0;0.000000;0;0;0;0.000000;0;0;0;0;true;false;false;true;optimal;6;198;0.999993;0.004752;21.015;484374.539404231356
nonconvex_bnb_cgal;351;0;29;128;128;2157476157849600000;943;1;926;16;224;703;0;;20.955;128;191;503.105239249681;503.105072085768;503.105072085768;0.000033;0.000000;75.836030;4.209821;57.875000;0.004022;0.05%;0.001526;0.02%;8.360129;99.93%;8.357664;99.90%;0.006657;8.217629;0.133377;0.008862845877;0.000000;0.000000;0;0.000000;0.000000;0;703;0;0;0;0;0.000000;0;0;0;0.000000;0;0;0;0;true;false;false;true;optimal;7;223;1.000000;0.000219;21.049;476162.472940538079
nonconvex_bnb_cgal;352;0;30;117;117;229323571200000000;6506;1;6377;128;1724;4654;0;;22.765;135;182;446.399770635248;446.380174604757;446.380174604757;0.004390;0.000000;72.969583;3.773782;49.820312;0.001833;0.00%;0.001101;0.00%;79.131737;100.00%;79.115958;99.98%;0.012419;77.583301;1.520239;0.012160460781;0.000000;0.000000;0;0.000000;0.000000;0;4654;0;0;0;0;0.000000;0;0;0;0.000000;0;0;0;0;true;false;false;true;optimal;5;1723;0.999882;0.052499;22.778;2919829.851904515177
nonconvex_bnb_cgal;353;0;28;121;121;226748160000000000;574;1;549;24;164;386;0;;18.982;115;167;499.830638988819;499.830337915397;499.830337915397;0.000060;0.000000;70.181818;3.500000;22.875000;0.002081;0.04%;0.000835;0.02%;5.459368;99.95%;5.457927;99.92%;0.009210;5.203644;0.245073;0.009508583676;0.000000;0.000000;0;0.000000;0.000000;0;386;0;0;0;0;0.000000;0;0;0;0.000000;0;0;0;0;true;false;false;true;optimal;6;163;0.999791;0.104419;19.098;288164.241485917126
nonconvex_bnb_cgal;354;0;30;125;125;1217623228416000000;2196;1;2189;6;427;1763;0;;13.897;131;197;559.172469720435;559.172467975738;559.172467975738;0.000000;0.000000;80.502283;5.142857;364.833333;0.004150;0.02%;0.001510;0.01%;21.811961;99.97%;21.806249;99.95%;0.007514;21.756337;0.042398;0.009929985894;0.000000;0.000000;0;0.000000;0.000000;0;1763;0;0;0;0;0.000000;0;0;0;0.000000;0;0;0;0;true;false;false;true;optimal;7;426;0.999562;0.245090;13.930;1232678.515832820907
nonconvex_bnb_cgal;355;0;30;121;121;554779583447040000;596;1;586;8;156;431;1;602.862509988115;18.365;123;194;602.862591668573;602.862591668573;602.862509988115;0.000014;0.000014;73.424191;3.820513;73.250000;0.001853;0.03%;0.000820;0.02%;5.364607;99.95%;5.362910;99.92%;0.004716;5.298163;0.060031;0.008998171419;0.000000;0.000000;0;0.000000;0.000000;0;431;0;0;0;0;0.000000;0;0;0;0.000000;0;0;0;0;true;false;false;true;optimal;7;155;0.999757;0.146260;18.484;360744.122139159066
nonconvex_bnb_cgal;356;0;30;122;122;687970713600000000;1254;1;1253;0;312;942;0;;23.048;136;193;477.987353913275;477.986498226409;477.986498226409;0.000179;0.000000;75.119617;4.019231;0.000000;0.004751;0.02%;0.001552;0.01%;22.223048;99.97%;22.218763;99.95%;0.011777;22.206986;0.000000;0.017718311514;0.000000;0.000000;0;0.000000;0.000000;0;942;0;0;0;0;0.000000;0;0;0;0.000000;0;0;0;0;true;false;false;true;optimal;6;311;0.999966;0.016425;23.122;602567.960767676705
nonconvex_bnb_cgal;357;0;30;131;131;5992989327360000000;3157;1;3092;64;781;2312;0;;17.613;118;189;560.741209372429;560.741134530275;560.741134530275;0.000013;0.000000;74.749434;4.042254;48.312500;0.004090;0.01%;0.001508;0.01%;30.064151;99.98%;30.055702;99.95%;0.005760;29.654022;0.395920;0.009520336285;0.000000;0.000000;0;0.000000;0.000000;0;2312;0;0;0;0;0.000000;0;0;0;0.000000;0;0;0;0;true;false;false;true;optimal;7;780;0.999891;0.060902;17.636;1776290.604087669402
nonconvex_bnb_cgal;358;0;30;126;126;1956894474240000000;893;1;828;32;226;603;0;;22.562;136;206;428.587447049402;428.581653020351;428.581653020351;0.001352;0.000000;72.738239;3.951327;25.875000;0.002250;0.02%;0.000841;0.01%;9.193580;99.97%;9.191461;99.94%;0.008531;8.614836;0.568095;0.010292789936;0.000000;0.000000;0;0.000000;0.000000;0;603;0;0;0;0;0.000000;0;0;0;0.000000;0;0;0;0;true;false;false;true;optimal;6;225;0.999978;0.009571;22.662;383666.982317392656
nonconvex_bnb_cgal;359;0;30;115;115;117023818383360000;921;1;888;32;253;636;0;;22.190;132;190;570.607811537307;570.607648561551;570.607648561551;0.000029;0.000000;71.541057;3.640316;27.750000;0.002611;0.04%;0.000836;0.01%;6.842917;99.95%;6.840764;99.92%;0.005395;6.637363;0.198006;0.007427539375;0.000000;0.000000;0;0.000000;0.000000;0;636;0;0;0;0;0.000000;0;0;0;0.000000;0;0;0;0;true;false;false;true;optimal;7;252;0.999997;0.001466;22.278;527424.377431908739
nonconvex_bnb_cgal;360;0;30;128;128;2853804441600000000;1024;1;999;12;263;737;1;617.287249050062;20.924;137;204;617.287262502030;617.287262502030;617.287249050062;0.000002;0.000002;73.700000;3.893536;83.250000;0.004209;0.04%;0.001500;0.01%;10.198626;99.94%;10.195965;99.92%;0.006176;9.977736;0.212053;0.009956996614;0.000000;0.000000;0;0.000000;0.000000;0;737;0;0;0;0;0.000000;0;0;0;0.000000;0;0;0;0;true;false;false;true;optimal;7;262;0.999928;0.044175;21.004;633896.832460697857
nonconvex_bnb_cgal;361;0;30;116;116;169075682574336000;395;1;378;16;113;266;0;;24.097;142;199;598.138313356432;598.092857220639;598.092857220639;0.007600;0.000000;70.184697;3.495575;23.625000;0.001902;0.05%;0.000855;0.02%;3.826283;99.93%;3.825174;99.90%;0.007968;3.687001;0.130204;0.009683983648;0.000000;0.000000;0;0.000000;0.000000;0;266;0;0;0;0;0.000000;0;0;0;0.000000;0;0;0;0;true;false;false;true;optimal;6;112;1.000000;0.000165;24.312;237141.165908947209
nonconvex_bnb_cgal;362;0;29;125;125;990677827584000000;5560;1;5415;144;1429;3987;0;;23.148;122;193;658.578424512025;658.578403345029;658.578403345029;0.000003;0.000000;73.615214;3.890833;37.604167;0.002574;0.01%;0.000875;0.00%;48.709552;99.99%;48.678678;99.93%;0.004729;47.540396;1.133553;0.008755157963;0.000000;0.000000;0;0.000000;0.000000;0;3987;0;0;0;0;0.000000;0;0;0;0.000000;0;0;0;0;true;false;false;true;optimal;6;1428;1.000000;0.000000;23.164;3672767.786988350097
nonconvex_bnb_cgal;363;0;30;123;123;986274815016960000;46432;1;46415;8;11962;34426;0;;24.945;126;195;423.709472545897;423.689929917367;423.689929917367;0.004612;0.000000;74.213159;3.881625;5801.875000;0.007272;0.00%;0.001618;0.00%;7200.154452;100.00%;7196.382791;99.95%;0.115907;7192.883438;3.383446;0.154987568727;0.000000;0.000000;0;0.000000;0.000000;0;34426;0;0;0;0;0.000000;0;0;0;0.000000;0;0;0;0;false;true;false;false;time_limit;7;11989;0.998240;0.745666;24.904;19797948.952305272222
nonconvex_bnb_cgal;364;0;40;161;161;487599243264000000000000;37214;1;37197;16;9015;28171;0;;31.268;184;267;708.480385860953;708.476503628851;708.476503628851;0.000548;0.000000;75.757005;4.128009;2324.812500;0.007771;0.00%;0.004830;0.00%;7200.254995;100.00%;7196.572102;99.95%;0.149761;7193.609571;2.812769;0.193383460569;0.000000;0.000000;0;0.000000;0.000000;0;28171;0;0;0;0;0.000000;0;0;0;0.000000;0;0;0;0;false;true;false;false;time_limit;7;9026;0.999846;0.108864;31.246;26435043.321503877640
nonconvex_bnb_cgal;365;0;40;165;165;1011085790832230400000000;14393;1;12081;1158;4154;7928;2;751.366801180753;35.134;177;263;751.394467661978;751.394467661978;751.365561727483;0.003847;0.003847;65.618275;3.464853;10.432642;0.002591;0.00%;0.000847;0.00%;152.579921;100.00%;152.538026;99.97%;0.006949;127.403682;25.127394;0.010598070283;0.000000;0.000000;0;0.000000;0.000000;0;7928;0;0;0;0;0.000000;0;0;0;0.000000;0;0;0;0;true;false;false;true;optimal;7;4153;0.999993;0.005059;35.143;10831609.110986925662
nonconvex_bnb_cgal;366;0;39;155;155;75229597532160000000000;5537;1;5472;64;1390;4083;0;;32.440;177;259;681.772629047155;681.771937056477;681.771937056477;0.000101;0.000000;74.602595;3.983453;85.500000;0.002659;0.00%;0.000859;0.00%;77.567290;100.00%;77.552739;99.98%;0.009936;76.876188;0.666614;0.014006273912;0.000000;0.000000;0;0.000000;0.000000;0;4083;0;0;0;0;0.000000;0;0;0;0.000000;0;0;0;0;true;false;false;true;optimal;6;1389;0.999891;0.074122;32.463;3787311.294691178016
nonconvex_bnb_cgal;367;0;40;159;159;170428288034930688000000;339;1;322;16;99;224;0;;26.626;185;261;703.117920857853;703.117899575322;703.117899575322;0.000003;0.000000;69.349845;3.424242;20.125000;0.005079;0.08%;0.001349;0.02%;6.149242;99.90%;6.147876;99.87%;0.010286;5.947785;0.189805;0.018135327434;0.000000;0.000000;0;0.000000;0.000000;0;224;0;0;0;0;0.000000;0;0;0;0.000000;0;0;0;0;true;false;false;true;optimal;7;98;0.999942;0.040651;26.898;238989.944538800162
nonconvex_bnb_cgal;368;0;38;157;157;52836150804480000000000;1802;1;1777;24;471;1307;0;;24.185;177;240;721.168397854731;721.167361747489;721.167361747489;0.000144;0.000000;73.509561;3.825902;74.041667;0.005235;0.01%;0.001541;0.00%;49.107953;99.99%;49.099558;99.97%;0.024917;48.409265;0.665376;0.027247257579;0.000000;0.000000;0;0.000000;0.000000;0;1307;0;0;0;0;0.000000;0;0;0;0.000000;0;0;0;0;true;false;false;true;optimal;6;470;0.999967;0.023817;24.236;1302524.315586562501
nonconvex_bnb_cgal;369;0;38;154;154;24073471210291200000000;743;1;734;8;184;551;0;;19.810;174;246;543.972683581076;543.971900660038;543.971900660038;0.000144;0.000000;74.965986;4.038043;91.750000;0.005354;0.03%;0.001580;0.01%;19.578249;99.96%;19.574082;99.94%;0.017199;19.427412;0.129472;0.026344660122;0.000000;0.000000;0;0.000000;0.000000;0;551;0;0;0;0;0.000000;0;0;0;0.000000;0;0;0;0;true;false;false;true;optimal;6;183;0.999890;0.059606;19.918;405944.416857363889
nonconvex_bnb_cgal;370;0;39;151;151;25678369290977280000000;3451;1;3434;16;876;2559;0;;21.966;184;256;788.063524640859;788.063051867549;788.063051867549;0.000060;0.000000;74.497817;3.939498;214.625000;0.002642;0.00%;0.000863;0.00%;57.451193;99.99%;57.441462;99.98%;0.015030;57.197189;0.229244;0.016644874546;0.000000;0.000000;0;0.000000;0.000000;0;2559;0;0;0;0;0.000000;0;0;0;0.000000;0;0;0;0;true;false;false;true;optimal;6;875;0.999857;0.112728;21.991;2725494.152611927129
nonconvex_bnb_cgal;371;0;39;172;172;4334215495680000000000000;801;1;784;16;201;584;0;;28.323;173;244;702.016804543552;702.016767949552;702.016767949552;0.000005;0.000000;74.394904;3.985075;49.000000;0.005494;0.06%;0.001380;0.01%;9.411716;99.93%;9.409264;99.90%;0.009496;9.213288;0.186480;0.011746896533;0.000000;0.000000;0;0.000000;0.000000;0;584;0;0;0;0;0.000000;0;0;0;0.000000;0;0;0;0;true;false;false;true;optimal;7;200;0.999998;0.001690;28.465;564220.496305900044
nonconvex_bnb_cgal;372;0;39;161;161;320979616137216000000000;72269;1;72196;36;19640;52557;0;;31.152;180;256;716.237745650675;716.236150373557;716.236150373557;0.000223;0.000000;72.796654;3.679684;2005.444444;0.005378;0.00%;0.001543;0.00%;778.896629;100.00%;778.786822;99.99%;0.009883;778.105574;0.671365;0.010776222468;0.000000;0.000000;0;0.000000;0.000000;0;52557;0;0;0;0;0.000000;0;0;0;0.000000;0;0;0;0;true;false;false;true;optimal;6;19639;0.999855;0.104062;31.153;51866177.228035293519
nonconvex_bnb_cgal;373;0;38;161;161;139804455028654080000000;4714;1;4641;72;1181;3461;0;;28.952;166;240;802.083586794591;802.083323945582;802.083323945582;0.000033;0.000000;74.558380;3.991533;64.458333;0.004422;0.01%;0.001985;0.00%;50.725557;99.99%;50.712051;99.96%;0.008653;49.983538;0.719860;0.010757753801;0.000000;0.000000;0;0.000000;0.000000;0;3461;0;0;0;0;0.000000;0;0;0;0.000000;0;0;0;0;true;false;false;true;optimal;7;1180;1.000000;0.000000;28.976;3790872.674598063342
nonconvex_bnb_cgal;374;0;39;163;163;410853908655636480000000;3706;1;3657;48;898;2760;0;;28.971;173;250;705.521147134170;705.520068931786;705.520068931786;0.000153;0.000000;75.451066;4.126949;76.187500;0.002859;0.01%;0.000849;0.00%;37.599198;99.99%;37.591138;99.97%;0.009296;37.133060;0.448782;0.010143318413;0.000000;0.000000;0;0.000000;0.000000;0;2760;0;0;0;0;0.000000;0;0;0;0.000000;0;0;0;0;true;false;false;true;optimal;6;897;1.000000;0.000000;29.003;2620946.390696322080
nonconvex_bnb_cgal;375;0;37;160;160;47617113600000002097152;2753;1;2736;16;605;2132;0;;18.653;162;245;795.455661827351;795.455588324377;795.455588324377;0.000009;0.000000;77.895506;4.550413;171.000000;0.005619;0.01%;0.001182;0.00%;38.530349;99.98%;38.522121;99.96%;0.008184;38.353894;0.160043;0.013992779141;0.000000;0.000000;0;0.000000;0.000000;0;2132;0;0;0;0;0.000000;0;0;0;0.000000;0;0;0;0;true;false;false;true;optimal;8;604;0.999868;0.105022;18.684;2194954.597278222442
nonconvex_bnb_cgal;376;0;39;151;151;16048980806860800000000;29901;1;29898;1;8062;21823;1;782.876933594679;32.467;181;246;782.885684535878;782.885684535878;782.876933594679;0.001118;0.001118;73.023256;3.708881;29898.000000;0.009859;0.00%;0.003146;0.00%;7200.104919;100.00%;7197.389928;99.96%;0.203807;7196.402311;0.783810;0.240707331796;0.000000;0.000000;0;0.000000;0.000000;0;21823;0;0;0;0;0.000000;0;0;0;0.000000;0;0;0;0;false;true;false;false;time_limit;6;8075;0.999657;0.268485;32.441;23471855.498896274716
nonconvex_bnb_cgal;377;0;40;162;162;239935397629132791611392;2253;1;2204;48;604;1601;0;;29.091;179;266;704.668892313678;704.668032206710;704.668032206710;0.000122;0.000000;72.607710;3.730132;45.916667;0.005519;0.02%;0.001435;0.00%;29.415337;99.98%;29.408399;99.95%;0.009856;28.846026;0.552517;0.013052995720;0.000000;0.000000;0;0.000000;0.000000;0;1601;0;0;0;0;0.000000;0;0;0;0.000000;0;0;0;0;true;false;false;true;optimal;7;603;0.999992;0.005392;29.139;1592792.518763032742
nonconvex_bnb_cgal;378;0;39;160;160;180592312320000000000000;17603;1;16834;768;4732;12103;0;;33.627;167;256;706.396776374568;706.396472730973;706.396472730973;0.000043;0.000000;71.891892;3.719992;21.919271;0.004836;0.00%;0.001980;0.00%;177.544567;100.00%;177.493851;99.97%;0.007760;170.457266;7.028826;0.010083159185;0.000000;0.000000;0;0.000000;0.000000;0;12103;0;0;0;0;0.000000;0;0;0;0.000000;0;0;0;0;true;false;false;true;optimal;7;4731;1.000000;0.000051;33.634;12463730.623355552554
nonconvex_bnb_cgal;379;0;40;159;159;252771447708057600000000;566;1;565;0;146;420;0;;16.918;188;259;778.644302681302;778.620196963383;778.620196963383;0.003096;0.000000;74.204947;3.876712;0.000000;0.005486;0.04%;0.001527;0.01%;14.503747;99.95%;14.501849;99.94%;0.016478;14.485371;0.000000;0.025621641428;0.000000;0.000000;0;0.000000;0.000000;0;420;0;0;0;0;0.000000;0;0;0;0.000000;0;0;0;0;true;false;false;true;optimal;7;145;0.999933;0.052007;17.034;442081.715846600011
nonconvex_bnb_cgal;380;0;40;158;158;101583175680000000000000;49744;1;49695;48;12938;36758;0;;19.195;174;257;708.113786734577;708.113469819954;708.113469819954;0.000045;0.000000;73.965712;3.844798;1035.312500;0.005070;0.00%;0.001322;0.00%;1065.809644;100.00%;1065.585815;99.98%;0.008048;1065.120445;0.457322;0.021421393832;0.000000;0.000000;0;0.000000;0.000000;0;36758;0;0;0;0;0.000000;0;0;0;0.000000;0;0;0;0;true;false;false;true;optimal;7;12937;0.999542;0.324614;19.197;35321495.026910781860
nonconvex_bnb_cgal;381;0;40;175;175;12036735605145600000000000;2290;1;2241;48;529;1713;0;;32.762;164;263;831.486809342223;831.486508965494;831.486508965494;0.000036;0.000000;76.404996;4.328922;46.687500;0.005543;0.02%;0.000889;0.00%;32.716608;99.98%;32.698520;99.93%;0.008014;32.036579;0.653927;0.014278829707;0.000000;0.000000;0;0.000000;0.000000;0;1713;0;0;0;0;0.000000;0;0;0;0.000000;0;0;0;0;true;false;false;true;optimal;6;528;1.000000;0.000000;32.824;1910930.504715697840
nonconvex_bnb_cgal;382;0;39;162;162;346657985428193280000000;102605;1;101580;512;24806;76775;0;;29.193;172;247;712.365876720165;712.365856220504;712.365856220504;0.000003;0.000000;75.580079;4.136298;198.398438;0.002166;0.00%;0.000825;0.00%;1353.850001;100.00%;1353.699602;99.99%;0.007670;1346.176733;7.515198;0.013193310284;0.000000;0.000000;0;0.000000;0.000000;0;76775;0;0;0;0;0.000000;0;0;0;0.000000;0;0;0;0;true;false;false;true;optimal;6;24805;0.999845;0.110170;29.194;73371020.174097955227
nonconvex_bnb_cgal;383;0;39;153;153;19813556551680000000000;8550;1;8356;192;2233;6124;1;695.012134462702;29.852;165;252;695.012402871814;695.012402871814;695.012134462702;0.000039;0.000039;73.279885;3.828930;43.520833;0.003176;0.00%;0.000969;0.00%;128.813957;100.00%;128.790743;99.98%;0.011816;126.179487;2.599440;0.015063244841;0.000000;0.000000;0;0.000000;0.000000;0;6124;0;0;0;0;0.000000;0;0;0;0.000000;0;0;0;0;true;false;false;true;optimal;6;2232;0.999960;0.027909;29.865;5957223.092256584205
nonconvex_bnb_cgal;384;0;48;192;192;14995962351820797737189769216;29056;1;29039;16;9424;19554;0;;37.973;224;314;887.272756919199;887.271092313802;887.271092313802;0.000188;0.000000;67.478777;3.083192;1814.937500;0.009539;0.00%;0.002818;0.00%;7200.056847;100.00%;7196.849500;99.96%;0.252115;7192.806171;3.791214;0.247688928273;0.000000;0.000000;0;0.000000;0.000000;0;19554;0;0;0;0;0.000000;0;0;0;0.000000;0;0;0;0;false;true;false;false;time_limit;7;9485;0.998775;1.086540;37.843;25805391.078162889928
nonconvex_bnb_cgal;385;0;50;199;199;272685260855889100800000000000;57933;1;57788;144;16587;41202;0;;41.075;216;316;956.799893523853;956.697860492843;956.697860492843;0.010665;0.000000;71.297306;3.492675;401.305556;0.002915;0.00%;0.000849;0.00%;1178.993716;100.00%;1178.720533;99.98%;0.019904;1176.208908;2.491722;0.020346271265;0.000000;0.000000;0;0.000000;0.000000;0;41202;0;0;0;0;0.000000;0;0;0;0.000000;0;0;0;0;true;false;false;true;optimal;7;16586;0.999897;0.098394;41.077;55527719.233753249049
nonconvex_bnb_cgal;386;0;48;189;189;8088686326657843749755813888;16121;1;16056;64;4214;11843;0;;39.447;199;306;887.672141317780;887.672014338194;887.672014338194;0.000014;0.000000;73.755994;3.825581;250.875000;0.008268;0.00%;0.001137;0.00%;258.982565;100.00%;258.912236;99.97%;0.011232;258.067699;0.833305;0.016060556796;0.000000;0.000000;0;0.000000;0.000000;0;11843;0;0;0;0;0.000000;0;0;0;0.000000;0;0;0;0;true;false;false;true;optimal;7;4213;0.999904;0.085486;39.457;14346896.229465698823
nonconvex_bnb_cgal;387;0;47;180;180;363990884699602944000000000;9926;1;9523;400;2991;6533;2;791.350442563084;39.472;215;300;791.350665514395;791.350665514395;791.350395622204;0.000034;0.000034;68.595128;3.318623;23.807500;0.006134;0.00%;0.000914;0.00%;158.309150;100.00%;158.262177;99.97%;0.016812;151.944423;6.300943;0.015944204801;0.000000;0.000000;0;0.000000;0.000000;0;6533;0;0;0;0;0.000000;0;0;0;0.000000;0;0;0;0;true;false;false;true;optimal;7;2990;0.999988;0.009330;39.486;7876551.482708074152
nonconvex_bnb_cgal;388;0;50;220;220;23136627628523524400159098142720;133263;1;128654;2304;32758;95897;2;851.193000644685;36.550;214;322;851.193499334807;851.193499334807;851.192822993764;0.000079;0.000079;74.538106;4.068106;55.839410;0.003231;0.00%;0.000841;0.00%;1711.622798;100.00%;1711.405286;99.99%;0.007494;1668.572380;42.825412;0.012842313963;0.000000;0.000000;0;0.000000;0.000000;0;95897;0;0;0;0;0.000000;0;0;0;0.000000;0;0;0;0;true;false;false;true;optimal;6;32757;0.999942;0.049529;36.551;113702770.465701922774
nonconvex_bnb_cgal;389;0;49;197;197;43139660408841830400000000000;26058;1;25961;96;6937;18996;0;;44.654;227;314;813.677271558373;813.675366390989;813.675366390989;0.000234;0.000000;73.250299;3.756379;270.427083;0.008598;0.00%;0.003141;0.00%;7200.266984;100.00%;7197.012148;99.95%;0.404031;7170.982426;25.625692;0.276192038849;0.000000;0.000000;0;0.000000;0.000000;0;18996;0;0;0;0;0.000000;0;0;0;0.000000;0;0;0;0;false;true;false;false;time_limit;8;6965;0.999836;0.133049;44.553;21279418.643586497754
nonconvex_bnb_cgal;390;0;50;204;204;420714402463371755520000000000;27105;1;26740;182;6531;20199;0;;39.479;214;315;908.096338688603;908.095359396350;908.095359396350;0.000108;0.000000;75.566779;4.150207;146.923077;0.009547;0.00%;0.002774;0.00%;7200.188968;100.00%;7197.159679;99.96%;0.281720;7112.105606;84.772352;0.265528857362;0.000000;0.000000;0;0.000000;0.000000;0;20199;0;0;0;0;0.000000;0;0;0;0.000000;0;0;0;0;false;true;false;false;time_limit;6;6541;0.999860;0.127122;39.436;24664473.105598647147
nonconvex_bnb_cgal;391;0;48;189;189;5916296284641165312000000000;121281;1;121087;192;32311;88777;1;750.308032283999;35.235;205;309;750.312435354853;750.312435354853;750.308032283999;0.000587;0.000587;73.316101;3.753551;630.661458;0.003075;0.00%;0.000839;0.00%;1647.589738;100.00%;1647.392050;99.99%;0.009082;1645.346236;2.036732;0.013583265726;0.000000;0.000000;0;0.000000;0.000000;0;88777;0;0;0;0;0.000000;0;0;0;0.000000;0;0;0;0;true;false;false;true;optimal;6;32310;0.999882;0.088642;35.236;91268041.068363398314
nonconvex_bnb_cgal;392;0;46;182;182;986049380773527552000000000;28583;1;28550;32;7317;21216;0;;36.030;200;283;743.692467836538;743.689940925211;743.689940925211;0.000340;0.000000;74.356009;3.906382;892.187500;0.009336;0.00%;0.001997;0.00%;7200.306402;100.00%;7196.931835;99.95%;0.208661;7190.232894;6.490280;0.251790639013;0.000000;0.000000;0;0.000000;0.000000;0;21216;0;0;0;0;0.000000;0;0;0;0.000000;0;0;0;0;false;true;false;false;time_limit;6;7334;0.999869;0.097234;35.995;21324831.654649376869
nonconvex_bnb_cgal;393;0;49;188;188;4549886058745036696920784896;26317;1;26252;64;6760;19493;0;;16.809;202;307;880.871860575001;880.870365718302;880.870365718302;0.000170;0.000000;74.250562;3.893047;410.187500;0.013996;0.00%;0.000852;0.00%;506.769113;100.00%;506.654819;99.97%;0.009705;505.911824;0.733290;0.019251997545;0.000000;0.000000;0;0.000000;0.000000;0;19493;0;0;0;0;0.000000;0;0;0;0.000000;0;0;0;0;true;false;false;true;optimal;7;6759;0.999597;0.354794;16.812;23223099.940068300813
nonconvex_bnb_cgal;394;0;49;193;193;33396309267542449953177600000;20198;1;20197;0;5322;14876;0;;34.276;227;315;955.540010752969;955.539798589657;955.539798589657;0.000022;0.000000;73.650857;3.795190;0.000000;0.002981;0.00%;0.000850;0.00%;370.070197;100.00%;369.968621;99.97%;0.011578;369.957043;0.000000;0.018317091859;0.000000;0.000000;0;0.000000;0.000000;0;14876;0;0;0;0;0.000000;0;0;0;0.000000;0;0;0;0;true;false;false;true;optimal;7;5321;0.999987;0.012017;34.282;19347941.695245977491
nonconvex_bnb_cgal;395;0;49;198;198;51767592490610196480000000000;585;1;574;9;157;418;1;1018.532812204491;36.280;215;307;1018.532860069026;1018.532854236055;1018.532812204491;0.000005;0.000004;72.695652;3.726115;63.777778;0.005264;0.06%;0.000859;0.01%;9.530521;99.94%;9.527297;99.90%;0.011848;9.366364;0.149085;0.016285978214;0.000000;0.000000;0;0.000000;0.000000;0;418;0;0;0;0;0.000000;0;0;0;0.000000;0;0;0;0;true;false;false;true;optimal;7;156;1.000000;0.000238;36.513;597049.731227695942
nonconvex_bnb_cgal;396;0;49;211;211;1651440125025976451666517426176;35858;1;35793;64;8138;27656;0;;27.883;220;322;918.585513036859;918.584977721363;918.584977721363;0.000058;0.000000;77.264346;4.406242;559.265625;0.005380;0.00%;0.000860;0.00%;678.645954;100.00%;678.462528;99.97%;0.011313;677.521319;0.929896;0.018920813435;0.000000;0.000000;0;0.000000;0.000000;0;27656;0;0;0;0;0.000000;0;0;0;0.000000;0;0;0;0;true;false;false;true;optimal;7;8137;0.999927;0.066708;27.886;33025763.585516095161
nonconvex_bnb_cgal;397;0;48;204;204;361102068154368014018773254144;24694;1;24533;96;5492;19025;1;935.084398973443;33.329;215;309;935.085461615251;935.084449814519;935.084398973443;0.000114;0.000005;77.599217;4.496358;255.552083;0.012044;0.00%;0.002354;0.00%;7200.372046;100.00%;7197.974705;99.97%;0.150245;7180.792009;17.032451;0.291486786481;0.000000;0.000000;0;0.000000;0.000000;0;19025;0;0;0;0;0.000000;0;0;0;0.000000;0;0;0;0;false;true;false;false;time_limit;6;5508;0.999916;0.078514;33.258;23151338.078698504716
nonconvex_bnb_cgal;398;0;49;207;207;533189772509183919544525127680;2562;1;2513;48;617;1897;0;;32.517;214;312;876.928327166565;876.925140624066;876.925140624066;0.000363;0.000000;75.457438;4.152350;52.354167;0.004990;0.01%;0.000839;0.00%;46.722466;99.99%;46.709501;99.96%;0.012523;46.003365;0.693613;0.018231655196;0.000000;0.000000;0;0.000000;0.000000;0;1897;0;0;0;0;0.000000;0;0;0;0.000000;0;0;0;0;true;false;false;true;optimal;7;616;0.999913;0.076141;32.570;2252493.460106242914
nonconvex_bnb_cgal;399;0;50;191;191;28265545672316744580779212800;37965;1;37964;0;10858;27077;0;;46.439;211;320;790.152650571992;790.151988046897;790.151988046897;0.000084;0.000000;71.377356;3.496500;0.000000;0.009573;0.00%;0.002906;0.00%;7200.088102;100.00%;7195.879551;99.94%;0.216557;7195.662994;0.000000;0.189539827494;0.000000;0.000000;0;0.000000;0.000000;0;27077;0;0;0;0;0.000000;0;0;0;0.000000;0;0;0;0;false;true;false;false;time_limit;6;10887;0.999920;0.063328;46.366;30047511.638546805829
nonconvex_bnb_cgal;400;0;50;201;201;318060088262309047173120000000;376;1;367;4;97;271;0;;32.577;231;312;1128.572190316905;1128.570828911930;1128.570828911930;0.000121;0.000000;73.641304;3.876289;91.750000;0.005649;0.08%;0.000849;0.01%;6.940019;99.91%;6.937891;99.88%;0.011533;6.813153;0.113205;0.018451836452;0.000000;0.000000;0;0.000000;0.000000;0;271;0;0;0;0;0.000000;0;0;0;0.000000;0;0;0;0;true;false;false;true;optimal;7;96;1.000000;0.000378;32.917;425117.601237914118
nonconvex_bnb_cgal;401;0;48;198;198;48748779200839675911191134208;7325;1;7180;144;1888;5293;0;;34.956;208;311;818.488568611661;818.488439595950;818.488439595950;0.000016;0.000000;73.708397;3.879767;49.861111;0.003106;0.00%;0.001017;0.00%;115.440438;100.00%;115.412984;99.97%;0.014053;113.519103;1.879828;0.015756038824;0.000000;0.000000;0;0.000000;0.000000;0;5293;0;0;0;0;0.000000;0;0;0;0.000000;0;0;0;0;true;false;false;true;optimal;6;1887;0.999922;0.064211;34.975;6007044.314733102918
nonconvex_bnb_cgal;402;0;50;202;202;436789061639523487720023261184;16476;1;16451;24;5006;11419;0;;35.796;230;325;863.950539351356;863.947150245108;863.947150245108;0.000392;0.000000;69.522070;3.291250;685.458333;0.011141;0.00%;0.004524;0.00%;7200.429756;100.00%;7198.546168;99.97%;0.403284;7185.941477;12.201408;0.436911032290;0.000000;0.000000;0;0.000000;0.000000;0;11419;0;0;0;0;0.000000;0;0;0;0.000000;0;0;0;0;false;true;false;false;time_limit;7;5032;0.999687;0.270607;35.690;14280882.172771248966
nonconvex_bnb_cgal;403;0;49;200;200;125966083755294685159426621440;30149;1;29892;256;8294;21599;0;;25.575;223;312;945.480953111719;945.463026125563;945.463026125563;0.001896;0.000000;72.254374;3.635037;116.765625;0.002981;0.00%;0.000847;0.00%;629.357453;100.00%;629.198116;99.97%;0.014583;624.850361;4.333172;0.020869618087;0.000000;0.000000;0;0.000000;0.000000;0;21599;0;0;0;0;0.000000;0;0;0;0.000000;0;0;0;0;true;false;false;true;optimal;7;8293;0.999913;0.081930;25.578;28560522.073051538318
nonconvex_bnb_cgal;404;0;60;238;238;74878124852489733228419124421459968;18779;1;18668;110;4483;14173;0;;43.655;285;400;1274.680643407688;1274.674523866176;1274.674523866176;0.000480;0.000000;75.970197;4.188936;169.709091;0.015916;0.00%;0.001869;0.00%;7200.244304;100.00%;7197.591583;99.96%;0.481668;7155.720973;41.388942;0.383278746631;0.000000;0.000000;0;0.000000;0.000000;0;14173;0;0;0;0;0.000000;0;0;0;0.000000;0;0;0;0;false;true;false;false;time_limit;6;4495;0.999945;0.070255;43.583;23989751.747437596321
nonconvex_bnb_cgal;405;0;59;256;256;7799804672134349724662538836828487680;25369;1;25270;49;5945;19300;2;1049.377305336254;52.216;255;382;1049.378077396087;1049.378077396087;1049.376619353290;0.000139;0.000139;76.450782;4.267283;515.714286;0.017182;0.00%;0.001723;0.00%;7200.399594;100.00%;7196.997528;99.95%;0.356222;7171.055115;25.586191;0.283692598372;0.000000;0.000000;0;0.000000;0.000000;0;19300;0;0;0;0;0.000000;0;0;0;0.000000;0;0;0;0;false;true;false;false;time_limit;6;5970;0.999894;0.111262;52.078;26661419.161827135831
nonconvex_bnb_cgal;406;0;60;234;234;22744230423943769115681214580129792;4294;1;4277;16;1121;3157;0;;29.963;270;392;1042.388583533078;1042.388403639291;1042.388403639291;0.000017;0.000000;73.796166;3.830508;267.312500;0.003800;0.00%;0.000870;0.00%;103.515341;100.00%;103.499049;99.98%;0.014888;103.248486;0.235674;0.024103178534;0.000000;0.000000;0;0.000000;0.000000;0;3157;0;0;0;0;0.000000;0;0;0;0.000000;0;0;0;0;true;false;false;true;optimal;6;1120;0.999952;0.049767;29.990;4483768.952375909314
nonconvex_bnb_cgal;407;0;58;238;238;22014168706631984575974506594566144;24025;1;23256;768;6902;16355;0;;42.674;262;362;1104.190086461917;1104.188767683937;1104.188767683937;0.000119;0.000000;70.322914;3.480875;30.281250;0.003303;0.00%;0.000854;0.00%;585.046780;100.00%;584.900277;99.97%;0.016993;568.734024;16.149260;0.024345484999;0.000000;0.000000;0;0.000000;0.000000;0;16355;0;0;0;0;0.000000;0;0;0;0.000000;0;0;0;0;true;false;false;true;optimal;7;6901;0.999996;0.004583;42.680;26582475.613415688276
nonconvex_bnb_cgal;408;0;56;230;230;2446018745181331299296749453049856;67721;1;66568;1152;17745;48824;0;;46.173;225;360;960.370771647481;960.363767402845;960.363767402845;0.000729;0.000000;73.343448;3.816343;57.784722;0.006898;0.00%;0.000853;0.00%;1759.783101;100.00%;1759.413579;99.98%;0.021355;1730.265925;29.126298;0.025980324845;0.000000;0.000000;0;0.000000;0.000000;0;48824;0;0;0;0;0.000000;0;0;0;0.000000;0;0;0;0;true;false;false;true;optimal;7;17744;0.999995;0.004429;46.175;65148379.700843945146
nonconvex_bnb_cgal;409;0;58;237;237;45498860587450364785384242150375424;15510;1;15477;16;3815;11621;0;;43.904;268;371;827.649250461445;827.645954342754;827.645954342754;0.000398;0.000000;75.285048;4.065531;967.312500;0.017998;0.00%;0.002227;0.00%;7200.614239;100.00%;7198.588988;99.97%;0.582936;7188.498178;9.507874;0.464125660118;0.000000;0.000000;0;0.000000;0.000000;0;11621;0;0;0;0;0.000000;0;0;0;0.000000;0;0;0;0;false;true;false;false;time_limit;7;3856;0.999575;0.352163;43.581;12868808.427303887904
nonconvex_bnb_cgal;410;0;59;252;252;1413600392276929271485425691027046400;48180;1;48019;80;11879;36141;0;;38.166;253;373;1021.468205913993;1021.467361098835;1021.467361098835;0.000083;0.000000;75.262391;4.055897;600.237500;0.006732;0.00%;0.000858;0.00%;1202.648785;100.00%;1202.381136;99.98%;0.012338;1199.700102;2.668696;0.024956021914;0.000000;0.000000;0;0.000000;0.000000;0;36141;0;0;0;0;0.000000;0;0;0;0.000000;0;0;0;0;true;false;false;true;optimal;8;11878;0.999939;0.062371;38.169;49318751.941450193524
nonconvex_bnb_cgal;411;0;57;237;237;34237825721303045684668629648408576;7816;1;7743;72;1803;5941;0;;33.475;238;380;932.620305438355;932.603584071053;932.603584071053;0.001793;0.000000;76.717459;4.334997;107.541667;0.003503;0.00%;0.000890;0.00%;190.335622;100.00%;190.310004;99.98%;0.015363;189.201372;1.093269;0.024348772262;0.000000;0.000000;0;0.000000;0.000000;0;5941;0;0;0;0;0.000000;0;0;0;0.000000;0;0;0;0;true;false;false;true;optimal;6;1802;0.999854;0.136067;33.494;7307841.173100826330
nonconvex_bnb_cgal;412;0;59;253;253;2201416870663197996428848816717824000;122660;1;122627;16;29707;92874;0;;44.067;268;388;1047.954961612338;1047.931967798410;1047.931967798410;0.002194;0.000000;75.765412;4.128993;7664.187500;0.019673;0.00%;0.004211;0.00%;7200.017600;100.00%;7198.076946;99.97%;0.397951;7189.488794;8.190201;0.058683164406;0.000000;0.000000;0;0.000000;0.000000;0;92874;0;0;0;0;0.000000;0;0;0;0.000000;0;0;0;0;false;true;false;false;time_limit;8;29753;0.999762;0.249806;44.031;128744497.898410364985
nonconvex_bnb_cgal;413;0;58;229;229;2934551586218918949986304700448768;1523;1;1450;72;454;997;0;;47.458;265;391;1059.288388609576;1059.288100339047;1059.288100339047;0.000027;0.000000;68.711234;3.354626;20.138889;0.003469;0.01%;0.000849;0.00%;28.888559;99.99%;28.880370;99.96%;0.017544;27.789994;1.072832;0.018962816609;0.000000;0.000000;0;0.000000;0.000000;0;997;0;0;0;0;0.000000;0;0;0;0.000000;0;0;0;0;true;false;false;true;optimal;7;453;0.999999;0.001216;47.563;1615787.312438439112
nonconvex_bnb_cgal;414;0;59;230;230;6469469987255113279287456862044160;181163;1;180778;384;50507;130263;0;;45.813;260;396;1054.004764616547;1054.004395057073;1054.004395057073;0.000035;0.000000;72.060076;3.586889;470.776042;0.012970;0.00%;0.002022;0.00%;7200.003593;100.00%;7197.382389;99.96%;0.254291;7162.943592;34.184507;0.039728765749;0.000000;0.000000;0;0.000000;0.000000;0;130263;0;0;0;0;0.000000;0;0;0;0.000000;0;0;0;0;false;true;false;false;time_limit;6;50515;0.999934;0.069179;45.809;191251155.809722334146
nonconvex_bnb_cgal;415;0;60;237;237;82441174877590509062497970123964416;123489;1;123488;0;31254;92221;0;;41.399;279;377;874.571955771832;874.570366916759;874.570366916759;0.000182;0.000000;74.687994;3.951142;0.000000;0.019442;0.00%;0.004066;0.00%;7200.017436;100.00%;7198.345521;99.98%;0.405754;7197.939767;0.000000;0.058291390493;0.000000;0.000000;0;0.000000;0.000000;0;92221;0;0;0;0;0.000000;0;0;0;0.000000;0;0;0;0;false;true;false;false;time_limit;7;31267;0.999941;0.051299;41.386;108213413.116107568145
nonconvex_bnb_cgal;416;0;59;238;238;106493333123540961303560384216563712;123136;1;123007;128;29796;93203;0;;37.640;260;390;1051.559420979222;1051.557989893849;1051.557989893849;0.000136;0.000000;75.775413;4.132635;960.992188;0.019196;0.00%;0.003829;0.00%;7200.020213;100.00%;7198.050876;99.97%;0.387975;7178.315813;19.347087;0.058456104433;0.000000;0.000000;0;0.000000;0.000000;0;93203;0;0;0;0;0.000000;0;0;0;0.000000;0;0;0;0;false;true;false;false;time_limit;6;29804;0.999701;0.314791;37.634;129864075.184757664800
nonconvex_bnb_cgal;417;0;59;249;249;692505868971760342533261614395686912;242938;1;230272;12665;75452;154813;0;;55.197;254;380;1086.660521463991;1086.660519975726;1086.660519975726;0.000000;0.000000;67.232536;3.219769;18.181761;0.018143;0.00%;0.004468;0.00%;7200.002382;100.00%;7196.431055;99.95%;0.232219;6829.381804;366.817033;0.029622500619;0.000000;0.000000;0;0.000000;0.000000;0;154813;0;0;0;0;0.000000;0;0;0;0.000000;0;0;0;0;false;true;false;false;time_limit;8;75459;1.000000;0.000000;55.195;264384237.475228846073
nonconvex_bnb_cgal;418;0;59;228;228;4122058743879525107248447124144128;5875;1;5778;96;1502;4277;0;;43.992;276;385;1071.521695362100;1071.518407051273;1071.518407051273;0.000307;0.000000;74.009344;3.911451;60.187500;0.003710;0.00%;0.000855;0.00%;146.528492;100.00%;146.491996;99.97%;0.016915;144.541891;1.933190;0.024934807887;0.000000;0.000000;0;0.000000;0.000000;0;4277;0;0;0;0;0.000000;0;0;0;0.000000;0;0;0;0;true;false;false;true;optimal;7;1501;1.000000;0.000000;44.021;6310490.632135379128
nonconvex_bnb_cgal;419;0;60;252;252;1997581975231420928874305356241567744;43458;1;43201;256;10769;32433;0;;28.914;263;388;1033.149017448199;1033.141105663796;1033.141105663796;0.000766;0.000000;75.072913;4.035472;168.753906;0.006630;0.00%;0.000861;0.00%;1188.332315;100.00%;1188.059449;99.98%;0.015537;1183.215830;4.828082;0.027338106883;0.000000;0.000000;0;0.000000;0.000000;0;32433;0;0;0;0;0.000000;0;0;0;0.000000;0;0;0;0;true;false;false;true;optimal;7;10768;0.999810;0.195885;28.917;45010176.865010179579
nonconvex_bnb_cgal;420;0;58;232;232;11179244137976835193206403246325760;57008;1;56911;96;12844;44068;0;;42.398;272;379;1178.780708864449;1178.780033388002;1178.780033388002;0.000057;0.000000;77.431825;4.438493;592.822917;0.003579;0.00%;0.000845;0.00%;1021.254855;100.00%;1021.113645;99.99%;0.015340;1019.774482;1.323823;0.017911760537;0.000000;0.000000;0;0.000000;0.000000;0;44068;0;0;0;0;0.000000;0;0;0;0.000000;0;0;0;0;true;false;false;true;optimal;6;12843;0.999973;0.031740;42.402;67366270.121019110084
nonconvex_bnb_cgal;421;0;58;239;239;28303931194241119732191495316307968;67990;1;66453;1536;18960;47494;0;;51.036;260;369;1008.417930246912;1008.415054964557;1008.415054964557;0.000285;0.000000;71.468986;3.585970;43.263672;0.007008;0.00%;0.000857;0.00%;1405.607554;100.00%;1405.182143;99.97%;0.013778;1377.962363;27.206002;0.020667482614;0.000000;0.000000;0;0.000000;0.000000;0;47494;0;0;0;0;0.000000;0;0;0;0.000000;0;0;0;0;true;false;false;true;optimal;7;18959;1.000000;0.000001;51.039;68687609.467083021998
nonconvex_bnb_cgal;422;0;59;250;250;943680071443415279405797060225531904;116076;1;116043;32;27141;88880;0;;45.880;275;376;1078.064166709740;1078.062602663682;1078.062602663682;0.000145;0.000000;76.606821;4.276777;3626.343750;0.017327;0.00%;0.003102;0.00%;7200.030167;100.00%;7198.127838;99.97%;0.387363;7194.482898;3.257577;0.062012197505;0.000000;0.000000;0;0.000000;0.000000;0;88880;0;0;0;0;0.000000;0;0;0;0.000000;0;0;0;0;false;true;false;false;time_limit;7;27163;0.999826;0.187244;45.854;125428086.163318753242
nonconvex_bnb_cgal;423;0;56;227;227;1310367184918570400672624953786368;161837;1;161452;384;34600;126833;0;;45.495;255;368;1048.202483830276;1048.192583310901;1048.192583310901;0.000945;0.000000;78.566960;4.677370;420.447917;0.014029;0.00%;0.003471;0.00%;7200.018526;100.00%;7197.588491;99.97%;0.345149;7167.950111;29.293231;0.044474307430;0.000000;0.000000;0;0.000000;0.000000;0;126833;0;0;0;0;0.000000;0;0;0;0.000000;0;0;0;0;false;true;false;false;time_limit;7;34619;0.999892;0.113415;45.485;169933512.503156393766
nonconvex_bnb_cgal;424;0;4;11;11;32;23;1;19;3;9;11;0;;2.667;17;29;147.370479094428;147.370423591688;147.370423591688;0.000038;0.000000;55.000000;2.555556;6.333333;0.000209;1.17%;0.000819;4.59%;0.016815;94.24%;0.016785;94.07%;0.001395;0.012755;0.002635;0.000729768174;0.000000;0.000000;0;0.000000;0.000000;0;11;0;0;0;0;0.000000;0;0;0;0.000000;0;0;0;0;true;false;false;true;optimal;4;8;1.000000;0.000000;3.000;3473.477573745400
nonconvex_bnb_cgal;425;0;4;17;17;168;32;1;25;6;14;12;0;;2.857;18;25;65.263875462550;65.262540114102;65.262540114102;0.002046;0.000000;46.153846;2.285714;4.166667;0.000935;1.27%;0.001502;2.04%;0.071105;96.69%;0.071075;96.65%;0.003331;0.059150;0.008595;0.002221100281;0.000000;0.000000;0;0.000000;0.000000;0;12;0;0;0;0;0.000000;0;0;0;0.000000;0;0;0;0;true;false;false;true;optimal;7;13;0.999984;0.001076;3.077;2125.026258064440
nonconvex_bnb_cgal;426;0;10;31;31;38880;112;1;104;6;42;63;1;162.268084892105;6.762;45;64;162.268351932071;162.268351932071;162.268084892105;0.000165;0.000165;60.000000;2.666667;17.333333;0.000566;0.12%;0.000835;0.18%;0.465879;99.70%;0.465732;99.67%;0.002451;0.441172;0.022109;0.004158321804;0.000000;0.000000;0;0.000000;0.000000;0;63;0;0;0;0;0.000000;0;0;0;0.000000;0;0;0;0;true;false;false;true;optimal;5;41;0.999995;0.000846;6.927;18583.299645888837
nonconvex_bnb_cgal;427;0;10;32;32;48384;557;1;507;48;201;307;1;266.791224490965;8.065;47;65;266.791632686292;266.791632686292;266.791224490965;0.000153;0.000153;60.433071;2.771144;10.562500;0.001987;0.06%;0.001523;0.04%;3.414750;99.90%;3.413687;99.87%;0.005759;3.071510;0.336418;0.006128701907;0.000000;0.000000;0;0.000000;0.000000;0;307;0;0;0;0;0.000000;0;0;0;0.000000;0;0;0;0;true;false;false;true;optimal;7;200;1.000000;0.000033;8.105;151127.088714597543
nonconvex_bnb_cgal;428;0;15;66;66;1219276800;30344;1;27750;2592;7538;20213;1;332.642329680982;13.779;64;95;332.645406880457;332.645406880457;332.642329680982;0.000925;0.000925;72.837015;4.025471;10.706019;0.002273;0.00%;0.000871;0.00%;202.168765;100.00%;202.095722;99.96%;0.007178;184.239667;17.848876;0.006660154295;0.000000;0.000000;0;0.000000;0.000000;0;20213;0;0;0;0;0.000000;0;0;0;0.000000;0;0;0;0;true;false;false;true;optimal;8;7537;1.000000;0.000012;13.781;10252491.909937918186
nonconvex_bnb_cgal;429;0;15;65;65;557383680;7941;1;5635;2304;3447;2189;1;386.202411146554;14.318;62;96;386.202896201858;386.202896201858;386.202411146554;0.000126;0.000126;38.839603;2.303742;2.445747;0.007076;0.01%;0.001609;0.00%;92.485825;99.99%;92.468029;99.97%;0.010829;65.581964;26.875236;0.011644380980;0.000000;0.000000;0;0.000000;0.000000;0;2189;0;0;0;0;0.000000;0;0;0;0.000000;0;0;0;0;true;false;false;true;optimal;10;3446;1.000000;0.000004;14.322;3097489.901512239594
nonconvex_bnb_cgal;430;0;20;65;65;11897280;536;1;502;32;210;293;1;696.026207066010;15.648;85;112;696.032354156399;696.032354156399;696.026207066010;0.000883;0.000883;58.250497;2.552381;15.687500;0.007577;0.12%;0.000903;0.01%;6.164418;99.86%;6.163022;99.84%;0.010587;5.777826;0.374609;0.011498175642;0.000000;0.000000;0;0.000000;0.000000;0;293;0;0;0;0;0.000000;0;0;0;0.000000;0;0;0;0;true;false;false;true;optimal;17;209;0.999998;0.001200;15.722;378138.680898537743
nonconvex_bnb_cgal;431;0;20;57;57;119439360;2592;1;2389;200;1118;1272;2;425.036907212175;16.332;92;120;425.040238438302;425.040238438302;425.034112657830;0.001441;0.001441;53.221757;2.318426;11.945000;0.000875;0.00%;0.000880;0.00%;36.631135;100.00%;36.626740;99.98%;0.007913;33.816421;2.802406;0.014130686784;0.000000;0.000000;0;0.000000;0.000000;0;1272;0;0;0;0;0.000000;0;0;0;0.000000;0;0;0;0;true;false;false;true;optimal;5;1117;0.999997;0.001441;16.346;1113295.020961466711
nonconvex_bnb_cgal;432;0;30;108;108;1828497162240000;180609;1;152959;27648;79167;73793;1;2197.242434429736;28.092;128;190;2197.244110724496;2197.244110724496;2197.242434429736;0.000076;0.000076;48.243332;2.281367;5.532371;0.003084;0.00%;0.000909;0.00%;1605.475854;100.00%;1604.841737;99.96%;0.007806;1387.420498;217.413433;0.008885724064;0.000000;0.000000;0;0.000000;0.000000;0;73793;0;0;0;0;0.000000;0;0;0;0.000000;0;0;0;0;true;false;false;true;optimal;12;79166;0.999999;0.003153;28.092;397200786.580926954746
nonconvex_bnb_cgal;433;0;30;152;152;12775777394688000000;148814;1;148813;0;24886;123900;0;;26.114;136;194;932.327022379341;932.327022379341;932.327022379341;0.000000;0.000000;83.273964;5.979828;0.000000;0.038432;0.00%;0.009142;0.00%;7200.013335;100.00%;7198.454681;99.98%;0.302411;7198.152270;0.000000;0.048372160421;0.000000;0.000000;0;0.000000;0.000000;0;123900;0;0;0;0;0.000000;0;0;0;0.000000;0;0;0;0;false;true;false;false;time_limit;11;24913;0.999949;0.047664;26.098;140073219.908044308424
nonconvex_bnb_cgal;434;0;40;168;168;43006253255884800000000;405717;1;405716;0;70099;335585;0;;35.170;185;268;825.950875397943;825.950875397943;825.950875397943;0.000000;0.000000;82.720788;5.787772;0.000000;0.006580;0.00%;0.000993;0.00%;7200.004324;100.00%;7198.964177;99.99%;0.014272;7198.949905;0.000000;0.017743807080;0.000000;0.000000;0;0.000000;0.000000;0;335585;0;0;0;0;0.000000;0;0;0;0.000000;0;0;0;0;false;true;false;false;time_limit;8;70131;0.999888;0.092838;35.163;337271716.985022306442
nonconvex_bnb_cgal;435;0;39;150;150;98300007442022400000;49085;1;45622;3460;14283;31340;2;1033.731739917508;35.148;170;256;1033.740624868644;1033.740624868644;1033.729984303953;0.001029;0.001029;68.693422;3.436603;13.185549;0.012216;0.00%;0.001676;0.00%;2064.760724;100.00%;2064.545551;99.99%;0.015700;1921.974013;142.555838;0.042060620369;0.000000;0.000000;0;0.000000;0.000000;0;31340;0;0;0;0;0.000000;0;0;0;0.000000;0;0;0;0;true;false;false;true;optimal;14;14282;0.999992;0.008302;35.151;50999742.918924011290
nonconvex_bnb_cgal;436;0;50;168;168;11980499976398359756800000;107193;1;90804;8194;37471;53316;3;874.289146028342;43.436;220;305;874.298551931174;874.298551931174;874.267515222616;0.003550;0.003550;58.726470;2.860692;11.081767;0.011893;0.00%;0.004361;0.00%;7200.012758;100.00%;7198.564097;99.98%;0.206867;5967.646070;1230.711160;0.067155169615;0.000000;0.000000;0;0.000000;0.000000;0;53316;0;0;0;0;0.000000;0;0;0;0.000000;0;0;0;0;false;true;false;false;time_limit;6;37488;0.999998;0.001330;43.422;94043329.736122429371
nonconvex_bnb_cgal;437;0;50;176;176;28759773605894553600000000;497740;1;497739;0;220533;277188;0;;44.815;226;344;1477.093710503214;1477.093710503214;1477.093710503214;0.000000;0.000000;55.691442;2.256986;0.000000;0.008401;0.00%;0.000946;0.00%;7200.006908;100.00%;7198.625986;99.98%;0.011671;7198.614315;0.000000;0.014462623028;0.000000;0.000000;0;0.000000;0.000000;0;277188;0;0;0;0;0.000000;0;0;0;0.000000;0;0;0;0;false;true;false;false;time_limit;7;220551;0.999941;0.086721;44.814;736172708.530104875565
nonconvex_bnb_cgal;438;0;59;194;194;51420649189967659008000000;120297;1;115828;4467;35497;80313;1;1626.270620289801;55.154;259;362;1626.301779867139;1626.301779867139;1626.270620289801;0.001916;0.001916;69.348934;3.388934;25.929707;0.032391;0.00%;0.024249;0.00%;7200.026786;100.00%;7197.920045;99.97%;0.607614;6939.287490;258.024942;0.059834576467;0.000000;0.000000;0;0.000000;0.000000;0;80313;0;0;0;0;0.000000;0;0;0;0.000000;0;0;0;0;false;true;false;false;time_limit;11;35515;0.999999;0.002198;55.140;196544119.708813786507
nonconvex_bnb_cgal;439;0;59;241;241;2219028205628504569606930559926272;47399;1;47398;0;8068;39309;0;;24.956;266;400;1122.345873402379;1122.345873402379;1122.345873402379;0.000000;0.000000;82.970640;5.874938;0.000000;0.026703;0.00%;0.005154;0.00%;7200.036203;100.00%;7199.273049;99.99%;0.546818;7198.726231;0.000000;0.151886602011;0.000000;0.000000;0;0.000000;0.000000;0;39309;0;0;0;0;0.000000;0;0;0;0.000000;0;0;0;0;false;true;false;false;time_limit;8;8089;0.999718;0.316996;24.920;53478365.182465426624
nonconvex_bnb_cgal;440;0;10;10;10;1;12;1;10;1;11;0;0;;5.000;49;49;5732.217475910651;5731.666533597750;5731.666533597750;0.009612;0.000000;0.000000;1.090909;10.000000;0.000083;0.10%;0.000848;1.03%;0.081703;98.87%;0.081677;98.84%;0.006932;0.067804;0.006940;0.006806423500;0.000000;0.000000;0;0.000000;0.000000;0;0;0;0;0;0;0.000000;0;0;0;0.000000;0;0;0;0;true;false;false;true;optimal;1;10;1.000000;0.000000;5.500;68779.998403173013
nonconvex_bnb_cgal;441;0;20;20;20;1;22;1;20;1;21;0;0;;10.000;103;103;10277.387469196563;10277.331516197526;10277.331516197526;0.000544;0.000000;0.000000;1.047619;20.000000;0.000155;0.05%;0.000854;0.27%;0.310021;99.68%;0.309967;99.66%;0.015352;0.279669;0.014947;0.014089411000;0.000000;0.000000;0;0.000000;0.000000;0;0;0;0;0;0;0.000000;0;0;0;0.000000;0;0;0;0;true;false;false;true;optimal;1;20;1.000000;0.000000;10.500;226101.293356345675
nonconvex_bnb_cgal;442;0;30;30;30;1;32;1;30;1;31;0;0;;15.000;159;159;24479.844237160876;24479.800371433990;24479.800371433990;0.000179;0.000000;0.000000;1.032258;30.000000;0.000216;0.05%;0.000842;0.21%;0.408798;99.74%;0.408710;99.72%;0.013699;0.381512;0.013499;0.012772178406;0.000000;0.000000;0;0.000000;0.000000;0;0;0;0;0;0;0.000000;0;0;0;0.000000;0;0;0;0;true;false;false;true;optimal;1;30;1.000000;0.000000;15.500;783353.611885887571
nonconvex_bnb_cgal;443;0;40;40;40;1;42;1;40;1;41;0;0;;20.000;219;219;17488.601832801778;17486.868672074401;17486.868672074401;0.009911;0.000000;0.000000;1.024390;40.000000;0.000284;0.04%;0.000883;0.11%;0.801280;99.85%;0.801135;99.84%;0.019752;0.761930;0.019453;0.019074645810;0.000000;0.000000;0;0.000000;0.000000;0;0;0;0;0;0;0.000000;0;0;0;0.000000;0;0;0;0;true;false;false;true;optimal;1;40;1.000000;0.000000;20.500;734448.484227124834
nonconvex_bnb_cgal;444;0;50;50;50;1;52;1;50;1;51;0;0;;25.000;277;277;32392.947501611790;32392.611830166974;32392.611830166974;0.001036;0.000000;0.000000;1.019608;50.000000;0.000359;0.02%;0.000873;0.05%;1.618604;99.92%;1.618419;99.91%;0.030813;1.557821;0.029785;0.031123444769;0.000000;0.000000;0;0.000000;0.000000;0;0;0;0;0;0;0.000000;0;0;0;0.000000;0;0;0;0;true;false;false;true;optimal;1;50;1.000000;0.000000;25.500;1684415.815168683650
nonconvex_bnb_cgal;445;0;60;60;60;1;62;1;60;1;61;0;0;;30.000;338;338;26559.894220280163;26557.074053809880;26557.074053809880;0.010619;0.000000;0.000000;1.016393;60.000000;0.000422;0.02%;0.000882;0.04%;2.490704;99.95%;2.490462;99.94%;0.038987;2.412789;0.038686;0.040168735952;0.000000;0.000000;0;0.000000;0.000000;0;0;0;0;0;0;0.000000;0;0;0;0.000000;0;0;0;0;true;false;false;true;optimal;1;60;1.000000;0.000000;30.500;1646538.591336214216
nonconvex_bnb_cgal;446;0;10;10;10;1;12;1;10;1;11;0;0;;5.000;49;49;3.176477774919;3.176465919381;3.176465919381;0.000373;0.000000;0.000000;1.090909;10.000000;0.000091;0.16%;0.000820;1.43%;0.056568;98.41%;0.056545;98.37%;0.004957;0.046958;0.004629;0.004712073000;0.000000;0.000000;0;0.000000;0.000000;0;0;0;0;0;0;0.000000;0;0;0;0.000000;0;0;0;0;true;false;false;true;optimal;1;10;1.000000;0.000000;5.500;38.117591032574
nonconvex_bnb_cgal;447;0;20;20;20;1;22;1;20;1;21;0;0;;10.000;103;103;4.406821434720;4.406806900951;4.406806900951;0.000330;0.000000;0.000000;1.047619;20.000000;0.000151;0.08%;0.000848;0.47%;0.178369;99.44%;0.178296;99.40%;0.007844;0.162718;0.007733;0.008104346500;0.000000;0.000000;0;0.000000;0.000000;0;0;0;0;0;0;0.000000;0;0;0;0.000000;0;0;0;0;true;false;false;true;optimal;1;20;1.000000;0.000000;10.500;96.949751820929
nonconvex_bnb_cgal;448;0;30;30;30;1;32;1;30;1;31;0;0;;15.000;162;162;5.926839234408;5.926806727876;5.926806727876;0.000548;0.000000;0.000000;1.032258;30.000000;0.000236;0.05%;0.000861;0.17%;0.496356;99.78%;0.496256;99.76%;0.015518;0.465757;0.014982;0.015508013094;0.000000;0.000000;0;0.000000;0.000000;0;0;0;0;0;0;0.000000;0;0;0;0.000000;0;0;0;0;true;false;false;true;optimal;1;30;1.000000;0.000000;15.500;189.657815292039
nonconvex_bnb_cgal;449;0;40;40;40;1;2;1;1;0;1;1;0;;0.000;215;215;11.184080300198;11.182624889402;11.182624889402;0.013015;0.000000;50.000000;2.000000;0.000000;0.000280;0.60%;0.000891;1.91%;0.045414;97.49%;0.045404;97.46%;0.021096;0.024308;0.000000;0.022701833500;0.000000;0.000000;0;0.000000;0.000000;0;1;0;0;0;0;0.000000;0;0;0;0.000000;0;0;0;0;true;false;false;true;optimal;1;0;0.000000;0.000000;0.000;22.365249778803
nonconvex_bnb_cgal;450;0;50;50;50;1;52;1;50;1;51;0;0;;25.000;272;272;12.667824529223;12.667173315978;12.667173315978;0.005141;0.000000;0.000000;1.019608;50.000000;0.000355;0.02%;0.000906;0.06%;1.540745;99.92%;1.540527;99.90%;0.029846;1.481354;0.029328;0.029625525615;0.000000;0.000000;0;0.000000;0.000000;0;0;0;0;0;0;0.000000;0;0;0;0.000000;0;0;0;0;true;false;false;true;optimal;1;50;1.000000;0.000000;25.500;658.693012430867
nonconvex_bnb_cgal;451;0;60;60;60;1;63;1;60;1;61;0;0;;30.000;330;330;15.783084455469;15.782717278733;15.782717278733;0.002326;0.000000;0.000000;1.032787;60.000000;0.000412;0.02%;0.000901;0.05%;1.857239;99.93%;1.857006;99.92%;0.031666;1.765071;0.060269;0.029476287651;0.000000;0.000000;0;0.000000;0.000000;0;0;0;0;0;0;0.000000;0;0;0;0.000000;0;0;0;0;true;false;false;true;optimal;1;60;1.000000;0.000000;30.500;994.311188560158
nonconvex_bnb_cgal;452;0;10;10;10;1;12;1;10;1;11;0;0;;5.000;50;50;1146658.935031431261;1146657.402243657969;1146657.402243657969;0.000134;0.000000;0.000000;1.090909;10.000000;0.000092;0.24%;0.000813;2.15%;0.036849;97.60%;0.036820;97.53%;0.003044;0.031027;0.002749;0.003068357583;0.000000;0.000000;0;0.000000;0.000000;0;0;0;0;0;0;0.000000;0;0;0;0.000000;0;0;0;0;true;false;false;true;optimal;1;10;1.000000;0.000000;5.500;13759888.826923899353
nonconvex_bnb_cgal;453;0;15;15;15;1;17;1;15;1;16;0;0;;7.500;79;79;2145532.858325848356;2145527.354230913799;2145527.354230913799;0.000257;0.000000;0.000000;1.062500;15.000000;0.000130;0.12%;0.000821;0.75%;0.108531;99.13%;0.108472;99.08%;0.006421;0.095782;0.006270;0.006380710706;0.000000;0.000000;0;0.000000;0.000000;0;0;0;0;0;0;0.000000;0;0;0;0.000000;0;0;0;0;true;false;false;true;optimal;1;15;1.000000;0.000000;8.000;36473965.021925531328
nonconvex_bnb_cgal;454;0;20;20;20;1;23;1;20;1;21;0;0;;10.000;104;104;2499463.698191624135;2498783.924139836803;2498783.924139836803;0.027204;0.000000;0.000000;1.095238;20.000000;0.000151;0.10%;0.000834;0.55%;0.151881;99.36%;0.151821;99.32%;0.005625;0.135545;0.010650;0.006600909391;0.000000;0.000000;0;0.000000;0.000000;0;0;0;0;0;0;0.000000;0;0;0;0.000000;0;0;0;0;true;false;false;true;optimal;1;20;1.000000;0.000000;10.500;57472030.255216218531
nonconvex_bnb_cgal;455;0;25;25;25;1;27;1;25;1;26;0;0;;12.500;134;134;3421658.738474660553;3421652.892345541157;3421652.892345541157;0.000171;0.000000;0.000000;1.038462;25.000000;0.000193;0.06%;0.000854;0.27%;0.310055;99.66%;0.309991;99.64%;0.012307;0.286178;0.011506;0.011481162074;0.000000;0.000000;0;0.000000;0.000000;0;0;0;0;0;0;0.000000;0;0;0;0.000000;0;0;0;0;true;false;false;true;optimal;1;25;1.000000;0.000000;13.000;92384628.093329653144
nonconvex_bnb_cgal;456;0;30;30;30;1;32;1;30;1;31;0;0;;15.000;163;163;3115653.284470017999;3115640.352157547139;3115640.352157547139;0.000415;0.000000;0.000000;1.032258;30.000000;0.000228;0.06%;0.000869;0.22%;0.393688;99.72%;0.393590;99.70%;0.012918;0.368145;0.012527;0.012299690062;0.000000;0.000000;0;0.000000;0.000000;0;0;0;0;0;0;0.000000;0;0;0;0.000000;0;0;0;0;true;false;false;true;optimal;1;30;1.000000;0.000000;15.500;99700491.269041523337
nonconvex_bnb_cgal;457;0;35;35;35;1;2;1;1;0;1;1;0;;0.000;190;190;4449611.002397542819;4449273.720237401314;4449273.720237401314;0.007581;0.000000;50.000000;2.000000;0.000000;0.000276;0.73%;0.000882;2.33%;0.036727;96.94%;0.036719;96.92%;0.019483;0.017236;0.000000;0.018359312500;0.000000;0.000000;0;0.000000;0.000000;0;1;0;0;0;0;0.000000;0;0;0;0.000000;0;0;0;0;true;false;false;true;optimal;1;0;0.000000;0.000000;0.000;8898547.440474804491
nonconvex_bnb_cgal;458;0;40;40;40;1;42;1;40;1;41;0;0;;20.000;220;220;4518291.488454559818;4518257.092157779261;4518257.092157779261;0.000761;0.000000;0.000000;1.024390;40.000000;0.000264;0.03%;0.000887;0.09%;1.003474;99.89%;1.003323;99.87%;0.021704;0.960258;0.021362;0.023888653738;0.000000;0.000000;0;0.000000;0.000000;0;0;0;0;0;0;0.000000;0;0;0;0.000000;0;0;0;0;true;false;false;true;optimal;1;40;1.000000;0.000000;20.500;189766797.870626777411
nonconvex_bnb_cgal;459;0;45;45;45;1;47;1;45;1;46;0;0;;22.500;249;249;5993266.962142527103;5993197.178948836401;5993197.178948836401;0.001164;0.000000;0.000000;1.021739;45.000000;0.000319;0.03%;0.000875;0.08%;1.044839;99.89%;1.044645;99.87%;0.023498;0.998127;0.023020;0.022226482255;0.000000;0.000000;0;0.000000;0.000000;0;0;0;0;0;0;0.000000;0;0;0;0.000000;0;0;0;0;true;false;false;true;optimal;1;45;1.000000;0.000000;23.000;281680267.410595536232
nonconvex_bnb_cgal;460;0;50;50;50;1;2;1;1;0;1;1;0;;0.000;279;279;6221544.872615730390;6220615.607236733660;6220615.607236733660;0.014938;0.000000;50.000000;2.000000;0.000000;0.000363;0.54%;0.000896;1.35%;0.065326;98.11%;0.065314;98.09%;0.032688;0.032626;0.000000;0.032656937500;0.000000;0.000000;0;0.000000;0.000000;0;1;0;0;0;0;0.000000;0;0;0;0.000000;0;0;0;0;true;false;false;true;optimal;1;0;0.000000;0.000000;0.000;12441231.214473467320
nonconvex_bnb_cgal;461;0;60;60;60;1;63;1;60;1;61;0;0;;30.000;337;337;6723156.363925500773;6723137.321821856312;6723137.321821856312;0.000283;0.000000;0.000000;1.032787;60.000000;0.000443;0.03%;0.000880;0.06%;1.498476;99.91%;1.498213;99.89%;0.023002;1.429392;0.045819;0.023781152762;0.000000;0.000000;0;0.000000;0.000000;0;0;0;0;0;0;0.000000;0;0;0;0.000000;0;0;0;0;true;false;false;true;optimal;1;60;1.000000;0.000000;30.500;423557651.274777412415
nonconvex_bnb_cgal;462;0;4;6;6;4;13;1;8;4;9;0;0;;2.778;16;18;93.561437216411;93.561377075843;93.561377075843;0.000064;0.000000;0.000000;1.444444;2.000000;0.000054;6.06%;0.000807;90.91%;0.000027;3.03%;0.000016;1.79%;0.000004;0.000008;0.000004;0.000001221231;0.000000;0.000000;0;0.000000;0.000000;0;0;0;0;0;0;0.000000;0;0;0;0.000000;0;0;0;0;true;false;false;true;optimal;2;8;1.000000;0.000000;3.125;1216.297901985957
nonconvex_bnb_cgal;463;0;5;8;8;4;13;1;10;2;9;2;0;;3.000;20;23;206.680673448916;206.680638669529;206.680638669529;0.000017;0.000000;18.181818;1.444444;5.000000;0.000093;9.91%;0.000825;87.63%;0.000023;2.46%;0.000014;1.53%;0.000004;0.000009;0.000001;0.000001109000;0.000000;0.000000;0;0.000000;0.000000;0;2;0;0;0;0;0.000000;0;0;0;0.000000;0;0;0;0;true;false;false;true;optimal;4;8;1.000000;0.000000;3.375;2687.180822172730
nonconvex_bnb_cgal;464;0;10;11;11;2;20;1;17;2;18;0;0;;5.778;40;41;291.456007532312;291.455665775581;291.455665775581;0.000117;0.000000;0.000000;1.111111;8.500000;0.000069;6.67%;0.000865;84.01%;0.000096;9.32%;0.000080;7.73%;0.000009;0.000065;0.000006;0.000003981300;0.000000;0.000000;0;0.000000;0.000000;0;0;0;0;0;0;0.000000;0;0;0;0.000000;0;0;0;0;true;false;false;true;optimal;2;17;1.000000;0.000000;6.118;5829.113315511617
nonconvex_bnb_cgal;465;0;10;22;22;640;39;1;36;2;19;18;0;;5.632;43;55;337.743827358392;337.743377240785;337.743377240785;0.000133;0.000000;48.648649;2.052632;18.000000;0.000413;31.33%;0.000802;60.81%;0.000104;7.87%;0.000075;5.71%;0.000006;0.000067;0.000003;0.000001931564;0.000000;0.000000;0;0.000000;0.000000;0;18;0;0;0;0;0.000000;0;0;0;0.000000;0;0;0;0;true;false;false;true;optimal;5;18;0.999756;0.082473;5.944;13346.145630437852
nonconvex_bnb_cgal;466;0;15;31;31;3456;33;1;31;1;16;16;0;;7.500;60;73;511.524384158301;511.524089653569;511.524089653569;0.000058;0.000000;50.000000;2.062500;31.000000;0.000405;0.19%;0.000853;0.40%;0.210893;99.41%;0.210845;99.38%;0.000009;0.210833;0.000003;0.006389250030;0.000000;0.000000;0;0.000000;0.000000;0;16;0;0;0;0;0.000000;0;0;0;0.000000;0;0;0;0;true;false;false;true;optimal;6;15;1.000000;0.000000;8.000;16940.639450000883
nonconvex_bnb_cgal;467;0;15;40;40;746496;138;1;135;1;47;89;1;797.824768229752;5.957;68;91;797.825537813909;797.825537813909;797.824768229752;0.000096;0.000096;65.441176;2.936170;135.000000;0.000587;29.65%;0.000816;41.23%;0.000576;29.12%;0.000486;24.55%;0.000009;0.000471;0.000006;0.000003521710;0.000000;0.000000;0;0.000000;0.000000;0;89;0;0;0;0;0.000000;0;0;0;0.000000;0;0;0;0;true;false;false;true;optimal;6;46;0.999941;0.046748;6.087;110473.098872623857
nonconvex_bnb_cgal;468;0;20;34;34;6912;212;1;205;6;137;69;0;;12.197;83;99;624.081498984938;624.080453753904;624.080453753904;0.000167;0.000000;33.495146;1.547445;34.166667;0.000281;13.01%;0.000865;40.07%;0.001013;46.92%;0.000862;39.92%;0.000014;0.000827;0.000021;0.000004063830;0.000000;0.000000;0;0.000000;0.000000;0;69;0;0;0;0;0.000000;0;0;0;0.000000;0;0;0;0;true;false;false;true;optimal;3;136;0.999322;0.423407;12.287;132719.249427969684
nonconvex_bnb_cgal;469;0;20;45;45;580608;626;1;553;72;357;197;0;;16.798;84;108;808.477940744530;808.476808721591;808.476808721591;0.000140;0.000000;35.559567;1.753501;7.680556;0.001752;14.31%;0.001581;12.92%;0.008909;72.77%;0.008075;65.96%;0.000025;0.007274;0.000777;0.000012900083;0.000000;0.000000;0;0.000000;0.000000;0;197;0;0;0;0;0.000000;0;0;0;0.000000;0;0;0;0;true;false;false;true;optimal;7;356;1.000000;0.000000;16.846;506720.998005409667
nonconvex_bnb_cgal;470;0;30;79;79;34398535680;13312;1;12927;384;4977;7951;0;;23.548;127;169;6323.796379837632;6323.791671357180;6323.791671357180;0.000074;0.000000;61.502166;2.674704;33.664062;0.001108;1.22%;0.000868;0.96%;0.088555;97.82%;0.077509;85.62%;0.000016;0.075354;0.002140;0.000005822496;0.000000;0.000000;0;0.000000;0.000000;0;7951;0;0;0;0;0.000000;0;0;0;0.000000;0;0;0;0;true;false;false;true;optimal;6;4976;1.000000;0.000042;23.552;84264218.011436074972
nonconvex_bnb_cgal;471;0;30;65;65;238878720;1921;1;1821;96;1049;773;2;1263.316288754131;24.309;127;159;1263.323652817411;1263.323652817411;1263.316288754131;0.000583;0.000583;42.425906;1.831268;18.968750;0.000748;0.00%;0.000933;0.00%;36.389403;100.00%;36.368647;99.94%;0.014234;34.550340;1.804073;0.018932143059;0.000000;0.000000;0;0.000000;0.000000;0;773;0;0;0;0;0.000000;0;0;0;0.000000;0;0;0;0;true;false;false;true;optimal;6;1048;0.999995;0.006747;24.332;2433612.957952742931
nonconvex_bnb_cgal;472;0;40;78;78;597196800;1858;1;1857;0;1186;672;0;;20.484;167;198;1399.721078347995;1399.701221692340;1399.701221692340;0.001419;0.000000;36.167922;1.566610;0.000000;0.000849;3.06%;0.000922;3.33%;0.025930;93.61%;0.023834;86.04%;0.000027;0.023807;0.000000;0.000012828026;0.000000;0.000000;0;0.000000;0.000000;0;672;0;0;0;0;0.000000;0;0;0;0.000000;0;0;0;0;true;false;false;true;optimal;4;1185;0.999877;0.172152;20.501;2603582.573759229854
nonconvex_bnb_cgal;473;0;40;80;80;302330880;1112;1;1071;40;568;504;0;;32.136;170;207;1159.682962223616;1159.667875289469;1159.667875289469;0.001301;0.000000;47.014925;1.957746;26.775000;0.001822;0.01%;0.000910;0.01%;14.943253;99.98%;14.939581;99.96%;0.012069;14.402336;0.525176;0.013434875242;0.000000;0.000000;0;0.000000;0.000000;0;504;0;0;0;0;0.000000;0;0;0;0.000000;0;0;0;0;true;false;false;true;optimal;9;567;0.999999;0.001348;32.192;1292660.101781817852
nonconvex_bnb_cgal;474;0;50;64;64;2160;1042;1;993;48;887;107;0;;38.189;198;212;2120.485925880399;2120.480272634841;2120.480272634841;0.000267;0.000000;10.764588;1.174746;20.687500;0.000367;0.01%;0.000916;0.03%;3.533896;99.96%;3.532254;99.92%;0.000029;3.531575;0.000649;0.003389878944;0.000000;0.000000;0;0.000000;0.000000;0;107;0;0;0;0;0.000000;0;0;0;0.000000;0;0;0;0;true;false;false;true;optimal;5;886;0.999999;0.002805;38.233;2211853.225798924454
nonconvex_bnb_cgal;475;0;50;75;75;2519424;254;1;244;8;157;88;1;1587.176700551948;36.777;201;225;1587.179666185785;1587.179666185785;1587.176700551948;0.000187;0.000187;35.918367;1.617834;30.500000;0.000485;0.01%;0.000914;0.02%;3.794459;99.96%;3.793818;99.95%;0.014399;3.649306;0.130113;0.014936291362;0.000000;0.000000;0;0.000000;0.000000;0;88;0;0;0;0;0.000000;0;0;0;0.000000;0;0;0;0;true;false;false;true;optimal;3;156;0.999987;0.020634;37.013;403692.528575076140
nonconvex_bnb_cgal;476;0;60;144;144;194172854206464000;277;1;276;0;100;177;0;;20.730;263;331;2297.732296498203;2297.724283451026;2297.724283451026;0.000349;0.000000;63.898917;2.770000;0.000000;0.002659;0.26%;0.000938;0.09%;1.023941;99.65%;1.023406;99.60%;0.000040;1.023366;0.000000;0.003694607986;0.000000;0.000000;0;0.000000;0.000000;0;177;0;0;0;0;0.000000;0;0;0;0.000000;0;0;0;0;true;false;false;true;optimal;5;99;0.999956;0.100865;20.939;637881.358306713169
nonconvex_bnb_cgal;477;0;60;98;98;265420800;492;1;491;0;333;159;0;;32.958;244;276;4014.607952348839;4014.602241893229;4014.602241893229;0.000142;0.000000;32.317073;1.477477;0.000000;0.002818;0.04%;0.001619;0.02%;7.350189;99.94%;7.348151;99.91%;0.000064;7.348087;0.000000;0.014935265581;0.000000;0.000000;0;0.000000;0.000000;0;159;0;0;0;0;0.000000;0;0;0;0.000000;0;0;0;0;true;false;false;true;optimal;10;332;0.999927;0.293184;33.057;1976613.538153150119
nonconvex_bnb_cgal;478;0;5;15;15;216;43;1;36;6;18;19;0;;3.611;20;32;148.563356832559;148.563156514902;148.563156514902;0.000135;0.000000;51.351351;2.388889;6.000000;0.000220;18.69%;0.000851;72.41%;0.000105;8.90%;0.000079;6.76%;0.000006;0.000066;0.000008;0.000001847767;0.000000;0.000000;0;0.000000;0.000000;0;19;0;0;0;0;0.000000;0;0;0;0.000000;0;0;0;0;true;false;false;true;optimal;4;17;0.999995;0.000798;3.824;6544.325004267445
nonconvex_bnb_cgal;479;0;5;11;11;48;18;1;13;4;10;4;0;;3.400;24;30;93.916995667108;93.916802540540;93.916802540540;0.000206;0.000000;28.571429;1.800000;3.250000;0.000174;16.76%;0.000814;78.37%;0.000051;4.86%;0.000038;3.66%;0.000005;0.000028;0.000005;0.000002115667;0.000000;0.000000;0;0.000000;0.000000;0;4;0;0;0;0;0.000000;0;0;0;0.000000;0;0;0;0;true;false;false;true;optimal;3;9;1.000000;0.000000;3.778;1694.796968200300
nonconvex_bnb_cgal;480;0;10;32;32;87480;41;1;38;2;14;25;0;;5.857;40;60;373.466674172872;373.466547131200;373.466547131200;0.000034;0.000000;64.102564;2.928571;19.000000;0.000459;31.16%;0.000858;58.26%;0.000156;10.58%;0.000125;8.52%;0.000009;0.000113;0.000004;0.000003060024;0.000000;0.000000;0;0.000000;0.000000;0;25;0;0;0;0;0.000000;0;0;0;0.000000;0;0;0;0;true;false;false;true;optimal;5;13;1.000000;0.000000;6.308;15465.277552467074
nonconvex_bnb_cgal;481;0;10;34;34;77760;178;1;169;8;49;121;0;;7.143;41;65;340.451420362704;340.450859598582;340.450859598582;0.000165;0.000000;71.176471;3.632653;21.125000;0.000572;27.22%;0.000854;40.62%;0.000676;32.15%;0.000573;27.25%;0.000008;0.000546;0.000019;0.000003217966;0.000000;0.000000;0;0.000000;0.000000;0;121;0;0;0;0;0.000000;0;0;0;0.000000;0;0;0;0;true;false;false;true;optimal;6;48;1.000000;0.000000;7.292;61398.783875851412
nonconvex_bnb_cgal;482;0;15;27;27;1536;53;1;44;4;28;17;0;;9.964;65;74;674.944709583612;674.944576627722;674.944576627722;0.000020;0.000000;37.777778;1.892857;11.000000;0.000267;19.50%;0.000868;63.33%;0.000235;17.16%;0.000195;14.22%;0.000009;0.000162;0.000024;0.000003676925;0.000000;0.000000;0;0.000000;0.000000;0;17;0;0;0;0;0.000000;0;0;0;0.000000;0;0;0;0;true;false;false;true;optimal;4;27;1.000000;0.000000;10.333;35969.312353070454
nonconvex_bnb_cgal;483;0;15;15;15;1;17;1;15;1;16;0;0;;7.500;60;60;422.657922735859;422.656776404516;422.656776404516;0.000271;0.000000;0.000000;1.062500;15.000000;0.000072;6.94%;0.000880;84.93%;0.000084;8.13%;0.000069;6.63%;0.000010;0.000056;0.000003;0.000004041765;0.000000;0.000000;0;0.000000;0.000000;0;0;0;0;0;0;0.000000;0;0;0;0.000000;0;0;0;0;true;false;false;true;optimal;1;15;1.000000;0.000000;8.000;7185.165198876767
nonconvex_bnb_cgal;484;0;20;49;49;6220800;81;1;78;1;31;48;1;748.226315890842;9.129;87;116;748.227257545399;748.227257545399;748.226315890842;0.000126;0.000126;60.759494;2.612903;78.000000;0.000824;31.46%;0.000914;34.87%;0.000882;33.67%;0.000812;30.97%;0.000018;0.000778;0.000015;0.000010019593;0.000000;0.000000;0;0.000000;0.000000;0;48;0;0;0;0;0.000000;0;0;0;0.000000;0;0;0;0;true;false;false;true;optimal;5;30;0.999999;0.000942;9.433;60734.619305343309
nonconvex_bnb_cgal;485;0;20;47;47;8847360;1507;1;1434;72;715;720;0;;13.961;82;107;852.983059047811;852.978710573017;852.978710573017;0.000510;0.000000;50.174216;2.107692;19.916667;0.000365;3.22%;0.000915;8.07%;0.010058;88.71%;0.009122;80.46%;0.000016;0.008751;0.000356;0.000006052964;0.000000;0.000000;0;0.000000;0.000000;0;720;0;0;0;0;0.000000;0;0;0;0.000000;0;0;0;0;true;false;false;true;optimal;5;714;1.000000;0.000000;13.980;1288989.559564719209
nonconvex_bnb_cgal;486;0;30;70;70;1719926784;4568;1;4054;512;1928;2127;1;761.708922602091;26.712;127;166;761.716056827673;761.709372368003;761.708922602091;0.000937;0.000059;52.453761;2.369295;7.917969;0.000801;1.61%;0.000946;1.91%;0.047896;96.48%;0.043959;88.55%;0.000023;0.039181;0.004755;0.000009623150;0.000000;0.000000;0;0.000000;0.000000;0;2127;0;0;0;0;0.000000;0;0;0;0.000000;0;0;0;0;true;false;false;true;optimal;4;1927;1.000000;0.000009;26.726;3497156.318587068003
nonconvex_bnb_cgal;487;0;30;110;110;7223692492800000;52978428;1;43148027;9830400;23749085;19398943;0;;28.706;124;220;1240.844833531219;1240.841084553828;1240.841084553828;0.000302;0.000000;44.959049;2.230757;4.389244;0.011295;0.00%;0.002868;0.00%;3807.996043;100.00%;3519.216498;92.42%;0.000074;2881.304282;637.912143;0.000066427348;0.000000;0.000000;0;0.000000;0.000000;0;19398943;0;0;0;0;0.000000;0;0;0;0.000000;0;0;0;0;true;false;false;true;optimal;8;23749084;1.000000;0.000000;28.706;65909879462.189231872559
nonconvex_bnb_cgal;488;0;40;100;100;211344603217920;4569;1;4568;0;2073;2496;0;;14.102;173;225;1164.287626034371;1164.282609679565;1164.282609679565;0.000431;0.000000;54.629022;2.204052;0.000000;0.001646;2.36%;0.000962;1.38%;0.067222;96.27%;0.062321;89.25%;0.000026;0.062295;0.000000;0.000013639886;0.000000;0.000000;0;0.000000;0.000000;0;2496;0;0;0;0;0.000000;0;0;0;0.000000;0;0;0;0;true;false;false;true;optimal;5;2072;0.999868;0.153944;14.109;5326328.831741376780
nonconvex_bnb_cgal;489;0;40;123;123;356644017930240000;211701;1;174836;36864;117896;56941;0;;37.545;174;257;1421.899204546059;1421.894807379403;1421.894807379403;0.000309;0.000000;32.568049;1.795659;4.742730;0.002747;0.09%;0.000979;0.03%;2.985127;99.88%;2.739673;91.66%;0.000029;2.274922;0.464722;0.000012941238;0.000000;0.000000;0;0.000000;0.000000;0;56941;0;0;0;0;0.000000;0;0;0;0.000000;0;0;0;0;true;false;false;true;optimal;6;117895;1.000000;0.000043;37.545;301391506.680214345455
nonconvex_bnb_cgal;490;0;50;90;90;190080;481;1;462;18;108;355;0;;37.546;199;216;1943.401163021698;1943.386808495549;1943.386808495549;0.000739;0.000000;76.673866;4.453704;25.666667;0.001796;11.08%;0.001847;11.39%;0.012572;77.53%;0.011949;73.69%;0.000073;0.011480;0.000396;0.000024842004;0.000000;0.000000;0;0.000000;0.000000;0;355;0;0;0;0;0.000000;0;0;0;0.000000;0;0;0;0;true;false;false;true;optimal;11;107;1.000000;0.000000;37.897;943445.992028002976
nonconvex_bnb_cgal;491;0;50;50;50;1;52;1;50;1;51;0;0;;25.000;200;200;1735.640718359023;1735.628459050507;1735.628459050507;0.000706;0.000000;0.000000;1.019608;50.000000;0.000174;7.45%;0.001022;43.78%;0.001138;48.77%;0.001065;45.61%;0.000034;0.001011;0.000020;0.000020474327;0.000000;0.000000;0;0.000000;0.000000;0;0;0;0;0;0;0.000000;0;0;0;0.000000;0;0;0;0;true;false;false;true;optimal;1;50;1.000000;0.000000;25.500;90252.679870626409
nonconvex_bnb_cgal;492;0;60;133;133;63107160369505763328;124022;1;124018;2;49990;74007;1;1020.353417721955;42.887;268;334;1020.380277686397;1020.380277686397;1020.353417721955;0.002632;0.002632;59.684508;2.480936;62009.000000;0.001156;0.00%;0.001096;0.00%;7200.053466;100.00%;7199.701211;100.00%;0.057758;7199.396844;0.246609;0.058051807026;0.000000;0.000000;0;0.000000;0.000000;0;74007;0;0;0;0;0.000000;0;0;0;0.000000;0;0;0;0;false;true;false;false;time_limit;4;50011;0.999968;0.032923;42.879;126576307.273133590817
nonconvex_bnb_cgal;493;0;60;91;91;1866240;31114;1;31080;32;6793;24288;1;1741.062351650752;51.343;242;273;1741.079074152349;1741.079074152349;1741.062351650752;0.000960;0.000960;78.144204;4.580303;971.250000;0.004880;0.00%;0.001764;0.00%;1181.976091;100.00%;1181.822693;99.99%;0.037434;1179.891484;1.893775;0.037983630951;0.000000;0.000000;0;0.000000;0.000000;0;24288;0;0;0;0;0.000000;0;0;0;0.000000;0;0;0;0;true;false;false;true;optimal;9;6792;0.999234;1.332864;51.351;54802593.067124359310
nonconvex_bnb_cgal;494;0;16;16;16;1;19;1;16;1;17;0;0;;8.000;83;83;99.632936612315;99.632785285877;99.632785285877;0.000152;0.000000;0.000000;1.117647;16.000000;0.000133;0.14%;0.000825;0.90%;0.090779;98.96%;0.090746;98.92%;0.005199;0.075630;0.009917;0.004776118421;0.000000;0.000000;0;0.000000;0.000000;0;0;0;0;0;0;0.000000;0;0;0;0.000000;0;0;0;0;true;false;false;true;optimal;1;16;1.000000;0.000000;8.500;1893.022920431657
nonconvex_bnb_cgal;495;0;22;22;22;1;24;1;22;1;23;0;0;;11.000;117;117;125.089576743884;125.089476728872;125.089476728872;0.000080;0.000000;0.000000;1.043478;22.000000;0.000177;0.06%;0.000852;0.31%;0.271170;99.62%;0.271100;99.60%;0.011737;0.247700;0.011662;0.011295828208;0.000000;0.000000;0;0.000000;0.000000;0;0;0;0;0;0;0.000000;0;0;0;0.000000;0;0;0;0;true;false;false;true;optimal;1;22;1.000000;0.000000;11.500;3002.147441492917
nonconvex_bnb_cgal;496;0;10;10;10;1;12;1;10;1;11;0;0;;5.000;49;49;1461.826534224030;1461.826519651428;1461.826519651428;0.000001;0.000000;0.000000;1.090909;10.000000;0.000083;0.23%;0.000815;2.25%;0.035303;97.52%;0.035274;97.44%;0.003239;0.029219;0.002815;0.002939468833;0.000000;0.000000;0;0.000000;0.000000;0;0;0;0;0;0;0.000000;0;0;0;0.000000;0;0;0;0;true;false;false;true;optimal;1;10;1.000000;0.000000;5.500;17541.918235817135
nonconvex_bnb_cgal;497;0;10;10;10;1;12;1;10;1;11;0;0;;5.000;48;48;1632.567086072640;1632.562631887482;1632.562631887482;0.000273;0.000000;0.000000;1.090909;10.000000;0.000084;0.15%;0.000828;1.53%;0.053241;98.32%;0.053221;98.28%;0.004863;0.043967;0.004391;0.004435100667;0.000000;0.000000;0;0.000000;0.000000;0;0;0;0;0;0;0.000000;0;0;0;0.000000;0;0;0;0;true;false;false;true;optimal;1;10;1.000000;0.000000;5.500;19590.751582649787
nonconvex_bnb_cgal;498;0;15;15;15;1;17;1;15;1;16;0;0;;7.500;76;76;3522.524229909079;3522.504949736343;3522.504949736343;0.000547;0.000000;0.000000;1.062500;15.000000;0.000118;0.07%;0.000843;0.51%;0.165500;99.42%;0.165459;99.40%;0.010496;0.145280;0.009684;0.009732904353;0.000000;0.000000;0;0.000000;0.000000;0;0;0;0;0;0;0.000000;0;0;0;0.000000;0;0;0;0;true;false;false;true;optimal;1;15;1.000000;0.000000;8.000;59882.584145517831
nonconvex_bnb_cgal;499;0;15;15;15;1;18;1;15;1;16;0;0;;7.500;78;78;2645.360975819388;2645.336398286555;2645.336398286555;0.000929;0.000000;0.000000;1.125000;15.000000;0.000123;0.04%;0.000850;0.26%;0.331704;99.71%;0.331670;99.70%;0.019792;0.273761;0.038116;0.018426083500;0.000000;0.000000;0;0.000000;0.000000;0;0;0;0;0;0;0.000000;0;0;0;0.000000;0;0;0;0;true;false;false;true;optimal;1;15;1.000000;0.000000;8.000;47616.055169157989
nonconvex_bnb_cgal;500;0;20;20;20;1;22;1;20;1;21;0;0;;10.000;102;102;4434.555675700304;4434.539519256818;4434.539519256818;0.000364;0.000000;0.000000;1.047619;20.000000;0.000162;0.09%;0.000853;0.48%;0.177534;99.43%;0.177462;99.39%;0.007987;0.161642;0.007833;0.008066460273;0.000000;0.000000;0;0.000000;0.000000;0;0;0;0;0;0;0.000000;0;0;0;0.000000;0;0;0;0;true;false;false;true;optimal;1;20;1.000000;0.000000;10.500;97559.869423650031
nonconvex_bnb_cgal;501;0;20;20;20;1;23;1;20;1;21;0;0;;10.000;105;105;4775.439140148276;4775.433797074827;4775.433797074827;0.000112;0.000000;0.000000;1.095238;20.000000;0.000167;0.05%;0.000857;0.28%;0.306281;99.67%;0.306211;99.64%;0.013639;0.266037;0.026536;0.013313523522;0.000000;0.000000;0;0.000000;0.000000;0;0;0;0;0;0;0.000000;0;0;0;0.000000;0;0;0;0;true;false;false;true;optimal;1;20;1.000000;0.000000;10.500;109834.977332721028
nonconvex_bnb_cgal;502;0;25;25;25;1;2;1;1;0;1;1;0;;0.000;132;132;7857.514964308987;7857.465468906569;7857.465468906569;0.000630;0.000000;50.000000;2.000000;0.000000;0.000181;0.74%;0.000862;3.56%;0.023195;95.70%;0.023185;95.65%;0.011886;0.011298;0.000000;0.011592333500;0.000000;0.000000;0;0.000000;0.000000;0;1;0;0;0;0;0.000000;0;0;0;0.000000;0;0;0;0;true;false;false;true;optimal;1;0;0.000000;0.000000;0.000;15714.930937813140
nonconvex_bnb_cgal;503;0;25;25;25;1;27;1;25;1;26;0;0;;12.500;134;134;9084.088564975726;9083.122592919193;9083.122592919193;0.010635;0.000000;0.000000;1.038462;25.000000;0.000198;0.10%;0.000850;0.44%;0.190169;99.45%;0.190091;99.41%;0.008227;0.174344;0.007520;0.007040399741;0.000000;0.000000;0;0.000000;0.000000;0;0;0;0;0;0;0.000000;0;0;0;0.000000;0;0;0;0;true;false;false;true;optimal;1;25;1.000000;0.000000;13.000;245244.310008818080
nonconvex_bnb_cgal;504;0;30;30;30;1;33;1;30;1;31;0;0;;15.000;160;160;12571.143633613456;12570.673950074006;12570.673950074006;0.003736;0.000000;0.000000;1.064516;30.000000;0.000228;0.04%;0.000871;0.14%;0.601599;99.82%;0.601484;99.80%;0.019239;0.543837;0.038408;0.018226777758;0.000000;0.000000;0;0.000000;0.000000;0;0;0;0;0;0;0.000000;0;0;0;0.000000;0;0;0;0;true;false;false;true;optimal;1;30;1.000000;0.000000;15.500;414832.240352442197
nonconvex_bnb_cgal;505;0;30;30;30;1;32;1;30;1;31;0;0;;15.000;161;161;12650.975402652206;12650.912906287882;12650.912906287882;0.000494;0.000000;0.000000;1.032258;30.000000;0.000226;0.05%;0.000925;0.20%;0.467692;99.75%;0.467579;99.73%;0.013438;0.440791;0.013350;0.014611834594;0.000000;0.000000;0;0.000000;0.000000;0;0;0;0;0;0;0.000000;0;0;0;0.000000;0;0;0;0;true;false;false;true;optimal;1;30;1.000000;0.000000;15.500;404829.213001212163
nonconvex_bnb_cgal;506;0;35;35;35;1;38;1;35;1;36;0;0;;17.500;192;192;15041.257299988458;15041.224760446625;15041.224760446625;0.000216;0.000000;0.000000;1.055556;35.000000;0.000255;0.03%;0.000893;0.09%;1.008257;99.89%;1.008148;99.88%;0.027507;0.926107;0.054534;0.026530215947;0.000000;0.000000;0;0.000000;0.000000;0;0;0;0;0;0;0.000000;0;0;0;0.000000;0;0;0;0;true;false;false;true;optimal;1;35;1.000000;0.000000;18.000;571566.540896971710
nonconvex_bnb_cgal;507;0;35;35;35;1;37;1;35;1;36;0;0;;17.500;191;191;15783.152437239174;15783.093336524855;15783.093336524855;0.000374;0.000000;0.000000;1.027778;35.000000;0.000251;0.02%;0.000894;0.08%;1.132313;99.90%;1.132197;99.89%;0.029839;1.073520;0.028838;0.030599914378;0.000000;0.000000;0;0.000000;0.000000;0;0;0;0;0;0;0.000000;0;0;0;0.000000;0;0;0;0;true;false;false;true;optimal;1;35;1.000000;0.000000;18.000;583974.453451419715
nonconvex_bnb_cgal;508;0;40;40;40;1;42;1;40;1;41;0;0;;20.000;215;215;23343.000088231467;23342.375698268232;23342.375698268232;0.002675;0.000000;0.000000;1.024390;40.000000;0.000259;0.04%;0.000859;0.12%;0.706603;99.84%;0.706472;99.82%;0.015000;0.677167;0.014305;0.016820753881;0.000000;0.000000;0;0.000000;0.000000;0;0;0;0;0;0;0.000000;0;0;0;0.000000;0;0;0;0;true;false;false;true;optimal;1;40;1.000000;0.000000;20.500;980379.779327264871
nonconvex_bnb_cgal;509;0;40;40;40;1;42;1;40;1;41;0;0;;20.000;220;220;21871.001846226758;21869.125439722589;21869.125439722589;0.008580;0.000000;0.000000;1.024390;40.000000;0.000303;0.03%;0.000909;0.09%;1.019363;99.88%;1.019225;99.87%;0.024030;0.971652;0.023544;0.024267270857;0.000000;0.000000;0;0.000000;0.000000;0;0;0;0;0;0;0.000000;0;0;0;0.000000;0;0;0;0;true;false;false;true;optimal;1;40;1.000000;0.000000;20.500;918503.268468348426
nonconvex_bnb_cgal;510;0;45;45;45;1;48;1;45;1;46;0;0;;22.500;249;249;25166.218132125785;25164.490874512518;25164.490874512518;0.006864;0.000000;0.000000;1.043478;45.000000;0.000328;0.03%;0.000881;0.08%;1.074641;99.89%;1.074492;99.87%;0.023261;1.005644;0.045588;0.022385251750;0.000000;0.000000;0;0.000000;0.000000;0;0;0;0;0;0;0.000000;0;0;0;0.000000;0;0;0;0;true;false;false;true;optimal;1;45;1.000000;0.000000;23.000;1207895.561976600438
nonconvex_bnb_cgal;511;0;45;45;45;1;47;1;45;1;46;0;0;;22.500;247;247;25030.916285843756;25029.376746936330;25029.376746936330;0.006151;0.000000;0.000000;1.021739;45.000000;0.000324;0.02%;0.000909;0.06%;1.626943;99.92%;1.626785;99.91%;0.035893;1.556284;0.034609;0.034612446872;0.000000;0.000000;0;0.000000;0.000000;0;0;0;0;0;0;0.000000;0;0;0;0.000000;0;0;0;0;true;false;false;true;optimal;1;45;1.000000;0.000000;23.000;1176380.707106007496
nonconvex_bnb_cgal;512;0;50;50;50;1;52;1;50;1;51;0;0;;25.000;276;276;31367.927344354608;31367.840019811731;31367.840019811731;0.000278;0.000000;0.000000;1.019608;50.000000;0.000437;0.04%;0.000912;0.08%;1.083899;99.88%;1.083691;99.86%;0.022158;1.039815;0.021717;0.020840204385;0.000000;0.000000;0;0.000000;0.000000;0;0;0;0;0;0;0.000000;0;0;0;0.000000;0;0;0;0;true;false;false;true;optimal;1;50;1.000000;0.000000;25.500;1631127.681030209176
nonconvex_bnb_cgal;513;0;50;50;50;1;53;1;50;1;51;0;0;;25.000;273;273;36447.192494452720;36447.033475697761;36447.033475697761;0.000436;0.000000;0.000000;1.039216;50.000000;0.000369;0.03%;0.000888;0.07%;1.324536;99.91%;1.324321;99.89%;0.023076;1.254959;0.046286;0.024987184774;0.000000;0.000000;0;0.000000;0.000000;0;0;0;0;0;0;0.000000;0;0;0;0.000000;0;0;0;0;true;false;false;true;optimal;1;50;1.000000;0.000000;25.500;1931692.774211980402
nonconvex_bnb_cgal;514;0;60;60;60;1;62;1;60;1;61;0;0;;30.000;333;333;53433.387543508485;53433.334749971189;53433.334749971189;0.000099;0.000000;0.000000;1.016393;60.000000;0.000446;0.04%;0.000886;0.07%;1.221535;99.89%;1.221252;99.87%;0.020222;1.181404;0.019627;0.019697612887;0.000000;0.000000;0;0.000000;0.000000;0;0;0;0;0;0;0.000000;0;0;0;0.000000;0;0;0;0;true;false;false;true;optimal;1;60;1.000000;0.000000;30.500;3312866.754498212133
nonconvex_bnb_cgal;515;0;60;60;60;1;63;1;60;1;61;0;0;;30.000;334;334;47093.608949324516;47092.745534352529;47092.745534352529;0.001833;0.000000;0.000000;1.032787;60.000000;0.000437;0.02%;0.000906;0.05%;1.848031;99.93%;1.847729;99.91%;0.029408;1.760608;0.057713;0.029329029016;0.000000;0.000000;0;0.000000;0.000000;0;0;0;0;0;0;0.000000;0;0;0;0.000000;0;0;0;0;true;false;false;true;optimal;1;60;1.000000;0.000000;30.500;2966842.968664207496
nonconvex_bnb_cgal;516;0;10;10;10;1;2;1;1;0;1;1;0;;0.000;50;50;14548.760855020573;14548.363572188129;14548.363572188129;0.002731;0.000000;50.000000;2.000000;0.000000;0.000083;1.03%;0.000816;10.11%;0.007171;88.86%;0.007162;88.75%;0.004031;0.003131;0.000000;0.003581063000;0.000000;0.000000;0;0.000000;0.000000;0;1;0;0;0;0;0.000000;0;0;0;0.000000;0;0;0;0;true;false;false;true;optimal;1;0;0.000000;0.000000;0.000;29096.727144376262
nonconvex_bnb_cgal;517;0;15;15;15;1;17;1;15;1;16;0;0;;7.500;76;76;39771.838143344510;39771.760087752489;39771.760087752489;0.000196;0.000000;0.000000;1.062500;15.000000;0.000141;0.09%;0.000840;0.51%;0.162521;99.40%;0.162448;99.36%;0.009561;0.143650;0.009237;0.009555789176;0.000000;0.000000;0;0.000000;0.000000;0;0;0;0;0;0;0.000000;0;0;0;0.000000;0;0;0;0;true;false;false;true;optimal;1;15;1.000000;0.000000;8.000;676119.921491792309
nonconvex_bnb_cgal;518;0;20;20;20;1;2;1;1;0;1;1;0;;0.000;105;105;27253.846482681060;27253.484791040773;27253.484791040773;0.001327;0.000000;50.000000;2.000000;0.000000;0.000163;1.09%;0.000840;5.60%;0.013989;93.31%;0.013978;93.24%;0.006885;0.007093;0.000000;0.006989188000;0.000000;0.000000;0;0.000000;0.000000;0;1;0;0;0;0;0.000000;0;0;0;0.000000;0;0;0;0;true;false;false;true;optimal;1;0;0.000000;0.000000;0.000;54506.969582081554
nonconvex_bnb_cgal;519;0;25;25;25;1;2;1;1;0;1;1;0;;0.000;130;130;43590.670665941172;43583.696680214664;43583.696680214664;0.016001;0.000000;50.000000;2.000000;0.000000;0.000175;0.53%;0.000876;2.67%;0.031806;96.80%;0.031793;96.76%;0.015035;0.016758;0.000000;0.015896250000;0.000000;0.000000;0;0.000000;0.000000;0;1;0;0;0;0;0.000000;0;0;0;0.000000;0;0;0;0;true;false;false;true;optimal;1;0;0.000000;0.000000;0.000;87167.393360429327
nonconvex_bnb_cgal;520;0;30;30;30;1;33;1;30;1;31;0;0;;15.000;158;158;54899.867636943200;54899.727030771806;54899.727030771806;0.000256;0.000000;0.000000;1.064516;30.000000;0.000213;0.06%;0.000871;0.26%;0.327798;99.67%;0.327703;99.64%;0.010332;0.297608;0.019763;0.009930381394;0.000000;0.000000;0;0.000000;0.000000;0;0;0;0;0;0;0.000000;0;0;0;0.000000;0;0;0;0;true;false;false;true;optimal;1;30;1.000000;0.000000;15.500;1811690.992015469121
nonconvex_bnb_cgal;521;0;35;35;35;1;37;1;35;1;36;0;0;;17.500;190;190;71801.818725012345;71787.693133130437;71787.693133130437;0.019677;0.000000;0.000000;1.027778;35.000000;0.000260;0.03%;0.000879;0.10%;0.904499;99.87%;0.904367;99.86%;0.027718;0.850218;0.026432;0.024442358108;0.000000;0.000000;0;0.000000;0.000000;0;0;0;0;0;0;0.000000;0;0;0;0.000000;0;0;0;0;true;false;false;true;optimal;1;35;1.000000;0.000000;18.000;2656144.645925827324
nonconvex_bnb_cgal;522;0;40;40;40;1;2;1;1;0;1;1;0;;0.000;218;218;59472.839086150503;59471.198708427641;59471.198708427641;0.002758;0.000000;50.000000;2.000000;0.000000;0.000294;0.59%;0.000878;1.76%;0.048838;97.66%;0.048821;97.62%;0.024574;0.024247;0.000000;0.024410541500;0.000000;0.000000;0;0.000000;0.000000;0;1;0;0;0;0;0.000000;0;0;0;0.000000;0;0;0;0;true;false;false;true;optimal;1;0;0.000000;0.000000;0.000;118942.397416855296
nonconvex_bnb_cgal;523;0;45;45;45;1;47;1;45;1;46;0;0;;22.500;249;249;56336.399402057199;56335.626012843590;56335.626012843590;0.001373;0.000000;0.000000;1.021739;45.000000;0.000364;0.03%;0.000889;0.07%;1.230542;99.90%;1.230367;99.88%;0.025815;1.179174;0.025379;0.026178020362;0.000000;0.000000;0;0.000000;0.000000;0;0;0;0;0;0;0.000000;0;0;0;0.000000;0;0;0;0;true;false;false;true;optimal;1;45;1.000000;0.000000;23.000;2647774.422603648156
nonconvex_bnb_cgal;524;0;50;50;50;1;53;1;50;1;51;0;0;;25.000;275;275;74739.559271350314;74715.841397933938;74715.841397933938;0.031744;0.000000;0.000000;1.039216;50.000000;0.000358;0.02%;0.000893;0.04%;2.020766;99.94%;2.020525;99.93%;0.040246;1.900272;0.080007;0.038123115604;0.000000;0.000000;0;0.000000;0.000000;0;0;0;0;0;0;0.000000;0;0;0;0.000000;0;0;0;0;true;false;false;true;optimal;1;50;1.000000;0.000000;25.500;3959939.594090502243
nonconvex_bnb_cgal;525;0;60;60;60;1;62;1;60;1;61;0;0;;30.000;335;335;89822.998173247717;89818.192277767826;89818.192277767826;0.005351;0.000000;0.000000;1.016393;60.000000;0.000424;0.02%;0.000898;0.04%;2.038302;99.94%;2.038011;99.92%;0.032137;1.974126;0.031748;0.032871150581;0.000000;0.000000;0;0.000000;0.000000;0;0;0;0;0;0;0.000000;0;0;0;0.000000;0;0;0;0;true;false;false;true;optimal;1;60;1.000000;0.000000;30.500;5568727.921221601777
nonconvex_bnb_cgal;526;0;5;10;10;18;12;1;10;1;6;5;0;;2.500;22;27;162.308763552141;162.308763552141;162.308763552141;0.000000;0.000000;45.454545;2.000000;10.000000;0.000200;19.48%;0.000800;78.07%;0.000025;2.45%;0.000015;1.44%;0.000004;0.000010;0.000001;0.000001232750;0.000000;0.000000;0;0.000000;0.000000;0;5;0;0;0;0;0.000000;0;0;0;0.000000;0;0;0;0;true;false;false;true;optimal;3;5;1.000000;0.000000;3.000;2018.515157844079
nonconvex_bnb_cgal;527;0;4;4;4;1;6;1;4;1;5;0;0;;2.000;17;17;237.900654444653;237.900654365196;237.900654365196;0.000000;0.000000;0.000000;1.200000;4.000000;0.000038;4.56%;0.000779;93.72%;0.000014;1.72%;0.000008;0.99%;0.000004;0.000004;0.000000;0.000001368167;0.000000;0.000000;0;0.000000;0.000000;0;0;0;0;0;0;0.000000;0;0;0;0.000000;0;0;0;0;true;false;false;true;optimal;1;4;1.000000;0.000000;2.500;1427.403926191179
nonconvex_bnb_cgal;528;0;10;27;27;1512;163;1;126;18;82;45;1;640.855314684408;7.463;45;63;640.855334959512;640.855334959512;640.855314684408;0.000003;0.000003;35.433071;1.987805;7.000000;0.001828;0.54%;0.001460;0.43%;0.335035;99.03%;0.334823;98.97%;0.002713;0.262024;0.070086;0.002054127110;0.000000;0.000000;0;0.000000;0.000000;0;45;0;0;0;0;0.000000;0;0;0;0.000000;0;0;0;0;true;false;false;true;optimal;7;81;1.000000;0.000004;7.556;104837.693238313746
nonconvex_bnb_cgal;529;0;10;31;31;62208;94;1;89;4;32;58;0;;6.219;51;69;400.272149461554;400.272003637620;400.272003637620;0.000036;0.000000;64.444444;2.937500;22.250000;0.000550;32.93%;0.000839;50.25%;0.000281;16.81%;0.000229;13.70%;0.000008;0.000213;0.000008;0.000002433106;0.000000;0.000000;0;0.000000;0.000000;0;58;0;0;0;0;0.000000;0;0;0;0.000000;0;0;0;0;true;false;false;true;optimal;4;31;1.000000;0.000000;6.419;37893.361726381176
nonconvex_bnb_cgal;530;0;15;22;22;96;29;1;25;2;19;7;1;692.830678474795;7.737;61;69;692.831157993617;692.831157993617;692.830678474795;0.000069;0.000069;26.923077;1.526316;12.500000;0.000167;14.75%;0.000832;73.41%;0.000134;11.84%;0.000108;9.57%;0.000009;0.000090;0.000009;0.000003741310;0.000000;0.000000;0;0.000000;0.000000;0;7;0;0;0;0;0.000000;0;0;0;0.000000;0;0;0;0;true;false;false;true;optimal;3;18;0.999999;0.000480;8.167;20147.416177024083
nonconvex_bnb_cgal;531;0;15;47;47;3456000;350;1;332;16;130;203;1;742.629514198041;10.300;70;105;742.630685408367;742.630685408367;742.629514198041;0.000158;0.000158;60.960961;2.692308;20.750000;0.001236;0.06%;0.000859;0.04%;1.970947;99.89%;1.970349;99.86%;0.005024;1.877598;0.087726;0.005629567383;0.000000;0.000000;0;0.000000;0.000000;0;203;0;0;0;0;0.000000;0;0;0;0.000000;0;0;0;0;true;false;false;true;optimal;5;129;1.000000;0.000173;10.380;261136.868963592977
nonconvex_bnb_cgal;532;0;20;60;60;1126400;307;1;304;1;111;194;1;919.848305235783;12.063;82;110;919.849271949714;919.849271949714;919.848305235783;0.000105;0.000105;63.606557;2.765766;304.000000;0.002750;0.11%;0.001577;0.06%;2.445994;99.82%;2.445218;99.79%;0.007081;2.425243;0.012894;0.007964878550;0.000000;0.000000;0;0.000000;0.000000;0;194;0;0;0;0;0.000000;0;0;0;0.000000;0;0;0;0;true;false;false;true;optimal;11;110;0.999925;0.069275;12.173;283521.109070806880
nonconvex_bnb_cgal;533;0;20;87;87;159667200000;2501;1;2283;216;856;1428;1;603.961362394373;14.877;82;117;603.963989200730;603.963989200730;603.961362394373;0.000435;0.000435;62.521891;2.921729;10.569444;0.001988;0.01%;0.000879;0.00%;22.874294;99.99%;22.867727;99.96%;0.005818;21.508186;1.353724;0.009143433616;0.000000;0.000000;0;0.000000;0.000000;0;1428;0;0;0;0;0.000000;0;0;0;0.000000;0;0;0;0;true;false;false;true;optimal;11;855;0.999924;0.046123;14.895;1531760.735961551080
nonconvex_bnb_cgal;534;0;30;65;65;322486272;184;1;177;3;85;93;0;;16.271;129;160;1174.810102347007;1174.807620773196;1174.807620773196;0.000211;0.000000;52.247191;2.164706;59.000000;0.000695;21.98%;0.000865;27.35%;0.001602;50.67%;0.001424;45.05%;0.000018;0.001361;0.000045;0.000007740033;0.000000;0.000000;0;0.000000;0.000000;0;93;0;0;0;0;0.000000;0;0;0;0.000000;0;0;0;0;true;false;false;true;optimal;4;84;0.999984;0.018640;16.464;216695.358848080417
nonconvex_bnb_cgal;535;0;30;81;81;3527193600;2218;1;2168;48;901;1268;1;2702.886142201452;20.764;123;159;2702.906183184041;2702.906183184041;2702.886142201452;0.000741;0.000741;58.460120;2.461709;45.166667;0.003648;0.01%;0.001595;0.00%;33.244743;99.98%;33.237617;99.96%;0.006187;32.595130;0.636300;0.014985400132;0.000000;0.000000;0;0.000000;0.000000;0;1268;0;0;0;0;0.000000;0;0;0;0.000000;0;0;0;0;true;false;false;true;optimal;9;900;0.999989;0.029272;20.787;6048571.491957352497
nonconvex_bnb_cgal;536;0;40;215;215;449707364293017584430743552;494706;1;485911;8790;73030;412856;4;936.105305701452;34.970;178;250;936.110397755038;936.110397755038;936.099498089743;0.001164;0.001164;84.969725;6.774011;55.279977;0.005965;0.00%;0.000921;0.00%;7200.010263;100.00%;7199.148248;99.99%;0.014550;7069.057495;130.076203;0.014552377065;0.000000;0.000000;0;0.000000;0.000000;0;412856;0;0;0;0;0.000000;0;0;0;0.000000;0;0;0;0;false;true;false;false;time_limit;11;73055;0.999864;0.127583;34.963;468035952.117069423199
nonconvex_bnb_cgal;537;0;40;189;189;9071631546163199391825920;829240;1;712045;117192;328255;383778;2;1316.682905340920;38.326;168;245;1316.684749477012;1316.684749477012;1316.682896758496;0.000141;0.000141;53.898906;2.526207;6.075884;0.007452;0.00%;0.001189;0.00%;7200.001015;100.00%;7198.625464;99.98%;0.014613;6220.594318;978.016532;0.008680991587;0.000000;0.000000;0;0.000000;0.000000;0;383778;0;0;0;0;0.000000;0;0;0;0.000000;0;0;0;0;false;true;false;false;time_limit;10;328267;1.000000;0.000001;38.325;1103087565.729542016983
nonconvex_bnb_cgal;538;0;50;234;234;15574649969317867683840000000;417192;1;417191;0;39714;377427;0;;30.318;219;326;2842.334205012933;2842.334205012933;2842.334205012933;0.000000;0.000000;90.479478;10.504910;0.000000;0.098209;0.00%;0.000906;0.00%;7200.008169;100.00%;7199.180313;99.99%;0.011166;7199.169147;0.000000;0.017256276037;0.000000;0.000000;0;0.000000;0.000000;0;377427;0;0;0;0;0.000000;0;0;0;0.000000;0;0;0;0;false;true;false;false;time_limit;16;39764;0.998876;3.194667;30.298;1201143133.915909767151
nonconvex_bnb_cgal;539;0;50;158;158;16851429847203840000000;471145;1;409696;30724;163992;245695;2;3683.490376677768;46.465;216;302;3683.491101325127;3683.491101325127;3683.487463083905;0.000099;0.000099;59.971393;2.872976;13.334722;0.005880;0.00%;0.001665;0.00%;7200.001049;100.00%;7199.042947;99.99%;0.014399;6270.992501;928.036046;0.015279888245;0.000000;0.000000;0;0.000000;0.000000;0;245695;0;0;0;0;0.000000;0;0;0;0.000000;0;0;0;0;false;true;false;false;time_limit;7;164001;1.000000;0.000002;46.464;1736716991.264864921570
nonconvex_bnb_cgal;540;0;60;257;257;3083267778769697665921113592430592;299658;1;291879;7776;80238;211625;2;2374.231543279360;54.212;275;361;2374.236956682656;2374.236956682656;2374.231530744288;0.000229;0.000229;72.508334;3.734615;37.535880;0.008299;0.00%;0.000953;0.00%;7200.004845;100.00%;7199.233386;99.99%;0.021423;7029.197493;170.014470;0.024024832931;0.000000;0.000000;0;0.000000;0.000000;0;211625;0;0;0;0;0.000000;0;0;0;0.000000;0;0;0;0;false;true;false;false;time_limit;12;80254;0.999996;0.010623;54.207;714724082.930982708931
nonconvex_bnb_cgal;541;0;60;125;125;30433622863380480;190099;1;188562;1536;96739;91824;0;;35.862;255;321;1920.986980039325;1920.971574170630;1920.971574170630;0.000802;0.000000;48.696722;1.965071;122.761719;0.001151;0.00%;0.000951;0.00%;704.597554;100.00%;704.283783;99.96%;0.000036;704.257274;0.026472;0.003704826343;0.000000;0.000000;0;0.000000;0.000000;0;91824;0;0;0;0;0.000000;0;0;0;0.000000;0;0;0;0;true;false;false;true;optimal;5;96738;0.999747;0.485846;35.862;366005425.322548985481
nonconvex_bnb_cgal;542;0;5;16;16;40;22;1;19;2;9;11;0;;3.000;19;24;225.285061287174;225.285010528791;225.285010528791;0.000023;0.000000;55.000000;2.444444;9.500000;0.000391;0.98%;0.000817;2.05%;0.038744;96.98%;0.038723;96.92%;0.001814;0.033698;0.003212;0.001760151545;0.000000;0.000000;0;0.000000;0.000000;0;11;0;0;0;0;0.000000;0;0;0;0.000000;0;0;0;0;true;false;false;true;optimal;10;8;1.000000;0.000000;3.375;5110.466964480309
nonconvex_bnb_cgal;543;0;5;17;17;252;34;1;31;2;11;21;0;;2.727;21;32;193.596003632105;193.595870172430;193.595870172430;0.000069;0.000000;65.625000;3.090909;15.500000;0.001080;5.87%;0.001439;7.82%;0.015885;86.31%;0.015856;86.15%;0.000009;0.015846;0.000002;0.000466361500;0.000000;0.000000;0;0.000000;0.000000;0;21;0;0;0;0;0.000000;0;0;0;0.000000;0;0;0;0;true;false;false;true;optimal;7;10;0.999870;0.025146;3.000;6757.980620276154
nonconvex_bnb_cgal;544;0;10;25;25;3072;5;1;4;0;1;4;0;;0.000;44;55;333.745991249325;333.745699415272;333.745699415272;0.000087;0.000000;80.000000;5.000000;0.000000;0.000308;26.55%;0.000824;71.04%;0.000028;2.42%;0.000020;1.73%;0.000006;0.000014;0.000000;0.000004016800;0.000000;0.000000;0;0.000000;0.000000;0;4;0;0;0;0;0.000000;0;0;0;0.000000;0;0;0;0;true;false;false;true;optimal;4;0;0.000000;0.000000;0.000;1693.945686970531
nonconvex_bnb_cgal;545;0;10;23;23;576;34;1;31;2;15;17;0;;5.933;38;52;727.183369480699;727.183146203030;727.183146203030;0.000031;0.000000;53.125000;2.266667;15.500000;0.000616;38.99%;0.000861;54.48%;0.000103;6.54%;0.000075;4.78%;0.000007;0.000066;0.000003;0.000002219353;0.000000;0.000000;0;0.000000;0.000000;0;17;0;0;0;0;0.000000;0;0;0;0.000000;0;0;0;0;true;false;false;true;optimal;6;14;1.000000;0.000000;6.357;24876.494621011152
nonconvex_bnb_cgal;546;0;15;35;35;21504;89;1;84;4;30;55;0;;10.100;147;212;936.556850882753;936.556647168627;936.556647168627;0.000022;0.000000;64.705882;2.966667;21.000000;0.009423;85.36%;0.001121;10.16%;0.000495;4.49%;0.000418;3.79%;0.000013;0.000390;0.000016;0.000004699461;0.000000;0.000000;0;0.000000;0.000000;0;55;0;0;0;0;0.000000;0;0;0;0.000000;0;0;0;0;true;false;false;true;optimal;7;29;1.000000;0.000000;10.448;83932.454109364102
nonconvex_bnb_cgal;547;0;15;57;57;15240960;170;1;164;4;46;119;1;886.537542632836;9.196;68;98;886.538037629823;886.538037629823;886.537542632836;0.000056;0.000056;72.121212;3.695652;41.000000;0.004418;60.05%;0.001506;20.47%;0.001434;19.48%;0.001206;16.39%;0.000015;0.001158;0.000034;0.000007095324;0.000000;0.000000;0;0.000000;0.000000;0;119;0;0;0;0;0.000000;0;0;0;0.000000;0;0;0;0;true;false;false;true;optimal;10;45;1.000000;0.000221;9.400;152735.657067020395
nonconvex_bnb_cgal;548;0;20;83;83;3583180800;3159;1;3037;120;746;2292;1;1154.499112237742;14.820;84;136;1154.502253900227;1154.502253900227;1154.499112237742;0.000272;0.000272;75.444371;4.234584;25.308333;0.012164;0.06%;0.000883;0.00%;19.477629;99.93%;19.470014;99.89%;0.003902;18.650618;0.815494;0.006163347183;0.000000;0.000000;0;0.000000;0.000000;0;2292;0;0;0;0;0.000000;0;0;0;0.000000;0;0;0;0;true;false;false;true;optimal;18;745;0.999526;0.546869;14.840;3733524.344792196527
nonconvex_bnb_cgal;549;0;20;63;63;176947200;2038;1;1940;96;773;1168;1;1802.374247032477;16.078;86;147;1802.374300370953;1802.374300370953;1802.374247032477;0.000003;0.000003;60.175167;2.636481;20.208333;0.003361;0.03%;0.000842;0.01%;12.119743;99.97%;12.114301;99.92%;0.002770;11.652914;0.458617;0.005944210674;0.000000;0.000000;0;0.000000;0.000000;0;1168;0;0;0;0;0.000000;0;0;0;0.000000;0;0;0;0;true;false;false;true;optimal;8;772;1.000000;0.000627;16.098;3679011.119472016115
nonconvex_bnb_cgal;550;0;30;90;90;6122200320000;26716;1;24361;2352;10996;13366;2;1781.941251138267;26.774;123;179;1781.942106292505;1781.942106292505;1781.940266365257;0.000103;0.000103;54.864133;2.429611;10.357568;0.001504;0.00%;0.000909;0.00%;214.489164;100.00%;214.441113;99.98%;0.005334;195.828695;18.607084;0.008026692361;0.000000;0.000000;0;0.000000;0.000000;0;13366;0;0;0;0;0.000000;0;0;0;0.000000;0;0;0;0;true;false;false;true;optimal;6;10995;1.000000;0.000007;26.777;47667105.315207265317
nonconvex_bnb_cgal;551;0;30;91;91;13931406950400;389246;1;306300;82944;166825;139476;1;1437.525849353959;28.765;120;179;1437.526483317217;1437.526483317217;1437.525849353959;0.000044;0.000044;45.535601;2.333259;3.692853;0.001264;0.00%;0.000873;0.00%;3594.716448;100.00%;3594.208828;99.99%;0.005850;2846.358202;747.844776;0.009233772030;0.000000;0.000000;0;0.000000;0.000000;0;139476;0;0;0;0;0.000000;0;0;0;0.000000;0;0;0;0;true;false;false;true;optimal;6;166824;1.000000;0.000011;28.765;560249773.868862867355
nonconvex_bnb_cgal;552;0;40;152;152;54780521154084864000000;282351;1;267061;15288;81520;185506;1;1344.980023585264;36.389;176;266;1344.982063692710;1344.982063692710;1344.980023585264;0.000152;0.000152;69.471138;3.463579;17.468668;0.002578;0.00%;0.000940;0.00%;7200.018594;100.00%;7199.502901;99.99%;0.027552;6809.755379;389.719970;0.025498414741;0.000000;0.000000;0;0.000000;0.000000;0;185506;0;0;0;0;0.000000;0;0;0;0.000000;0;0;0;0;false;true;false;false;time_limit;6;81555;1.000000;0.000004;36.380;380930499.675670087337
nonconvex_bnb_cgal;553;0;40;240;240;1609134714415742976000;94186;1;89865;2160;30874;58992;1;2800.607586989307;34.393;197;309;2800.613105112144;2800.613105112144;2800.607586989307;0.000197;0.000197;65.644404;3.050658;41.604167;0.427345;0.03%;0.001622;0.00%;1587.486853;99.97%;1587.228738;99.96%;0.012461;1512.418723;74.797555;0.016852066531;0.000000;0.000000;0;0.000000;0.000000;0;58992;0;0;0;0;0.000000;0;0;0;0.000000;0;0;0;0;true;false;false;true;optimal;82;30873;1.000000;0.000211;34.394;264445169.304111152887
nonconvex_bnb_cgal;555;0;50;173;173;254793619289722060800000;20535;1;17797;1392;8128;9670;5;2575.230421573876;41.754;220;326;2575.230654700583;2575.230654700583;2575.215693326251;0.000581;0.000581;54.331947;2.526452;12.785201;0.006181;0.00%;0.000924;0.00%;438.919791;100.00%;438.817217;99.98%;0.014492;383.818888;54.983837;0.021369233862;0.000000;0.000000;0;0.000000;0.000000;0;9670;0;0;0;0;0.000000;0;0;0;0.000000;0;0;0;0;true;false;false;true;optimal;8;8127;1.000000;0.000484;41.759;52944488.987303569913
nonconvex_bnb_cgal;556;0;60;128;128;156728328192000;208;1;203;2;88;116;2;2945.006982603985;30.250;247;306;2945.010908390478;2945.010908390478;2945.000195306232;0.000364;0.000364;56.862745;2.363636;101.500000;0.004369;0.06%;0.001670;0.02%;7.405100;99.92%;7.403886;99.90%;0.041851;7.200921;0.161115;0.035595606361;0.000000;0.000000;0;0.000000;0.000000;0;116;0;0;0;0;0.000000;0;0;0;0.000000;0;0;0;0;true;false;false;true;optimal;8;87;0.999997;0.009650;30.598;613049.031678335159
nonconvex_bnb_cgal;557;0;60;130;130;10567230160896000;5275;1;5272;1;2473;2800;1;2649.856600327998;38.088;267;325;2649.873077284409;2649.873077284409;2649.856600327998;0.000622;0.000622;53.100702;2.133037;5272.000000;0.001783;0.00%;0.001064;0.00%;137.377817;100.00%;137.358660;99.98%;0.028779;137.281576;0.048305;0.026039556368;0.000000;0.000000;0;0.000000;0.000000;0;2800;0;0;0;0;0.000000;0;0;0;0.000000;0;0;0;0;true;false;false;true;optimal;5;2472;0.999999;0.001332;38.103;13995238.768613619730
