k,n,Linear Search,Binary Search,TAMC
1,3,1.1666e-05,1.208e-06,8.75e-07
1001,3003,0.045254416,0.056944125,0.120461666
2001,6003,0.180104,0.229091,0.478737375
3001,9003,0.405536708,0.510272917,1.150271083
4001,12003,0.71581425,0.900328625,1.940820583
