k,n,Linear Search,Binary Search,TAMC
1,3,2.625e-05,4.792e-06,4.75e-06
1001,3003,0.068715,0.057759042,0.135115083
2001,6003,0.214164125,0.232402709,0.496987208
3001,9003,0.432925916,0.521445375,1.287352791
4001,12003,0.749504959,0.915836667,2.685310458
5001,15003,1.163780958,1.416900125,4.453139084
6001,18003,1.651346125,2.032076541,6.610795917
7001,21003,2.2310305,2.75918775,9.016505375
8001,24003,2.888402417,3.597041459,10.886495208
9001,27003,3.688653,4.530775416,12.25072425
